customer_id,customer_segment,signup_date,country,age_group,is_verified,credit_limit
CUST_000001,new,2023-01-01 00:00:00,UAE,25-34,True,5000
CUST_000002,standard,2023-01-01 02:00:00,UAE,25-34,True,5000
CUST_000003,standard,2023-01-01 04:00:00,Egypt,25-34,True,3000
CUST_000004,premium,2023-01-01 06:00:00,UAE,25-34,True,10000
CUST_000005,standard,2023-01-01 08:00:00,UAE,18-24,True,3000
CUST_000006,standard,2023-01-01 10:00:00,KSA,25-34,True,5000
CUST_000007,new,2023-01-01 12:00:00,KSA,35-44,True,3000
CUST_000008,standard,2023-01-01 14:00:00,UAE,25-34,True,3000
CUST_000009,new,2023-01-01 16:00:00,KSA,35-44,True,5000
CUST_000010,standard,2023-01-01 18:00:00,UAE,25-34,True,5000
CUST_000011,premium,2023-01-01 20:00:00,UAE,25-34,True,10000
CUST_000012,new,2023-01-01 22:00:00,UAE,18-24,True,10000
CUST_000013,new,2023-01-02 00:00:00,Egypt,25-34,True,10000
CUST_000014,standard,2023-01-02 02:00:00,UAE,35-44,True,5000
CUST_000015,new,2023-01-02 04:00:00,UAE,35-44,True,5000
CUST_000016,standard,2023-01-02 06:00:00,UAE,25-34,True,5000
CUST_000017,standard,2023-01-02 08:00:00,Egypt,25-34,True,5000
CUST_000018,standard,2023-01-02 10:00:00,UAE,35-44,True,5000
CUST_000019,premium,2023-01-02 12:00:00,UAE,25-34,True,20000
CUST_000020,premium,2023-01-02 14:00:00,UAE,18-24,True,3000
CUST_000021,premium,2023-01-02 16:00:00,UAE,45+,True,20000
CUST_000022,standard,2023-01-02 18:00:00,KSA,25-34,True,3000
CUST_000023,standard,2023-01-02 20:00:00,KSA,45+,True,5000
CUST_000024,standard,2023-01-02 22:00:00,UAE,25-34,True,3000
CUST_000025,new,2023-01-03 00:00:00,UAE,35-44,False,5000
CUST_000026,standard,2023-01-03 02:00:00,UAE,25-34,False,3000
CUST_000027,standard,2023-01-03 04:00:00,UAE,25-34,True,10000
CUST_000028,new,2023-01-03 06:00:00,UAE,25-34,True,10000
CUST_000029,standard,2023-01-03 08:00:00,KSA,25-34,True,5000
CUST_000030,premium,2023-01-03 10:00:00,Kuwait,18-24,True,5000
CUST_000031,standard,2023-01-03 12:00:00,Kuwait,25-34,True,20000
CUST_000032,standard,2023-01-03 14:00:00,Egypt,18-24,True,10000
CUST_000033,new,2023-01-03 16:00:00,KSA,35-44,False,5000
CUST_000034,new,2023-01-03 18:00:00,KSA,25-34,True,10000
CUST_000035,standard,2023-01-03 20:00:00,UAE,18-24,True,5000
CUST_000036,new,2023-01-03 22:00:00,KSA,18-24,True,5000
CUST_000037,new,2023-01-04 00:00:00,UAE,18-24,True,5000
CUST_000038,standard,2023-01-04 02:00:00,UAE,25-34,False,5000
CUST_000039,new,2023-01-04 04:00:00,KSA,18-24,True,3000
CUST_000040,standard,2023-01-04 06:00:00,UAE,35-44,True,5000
CUST_000041,new,2023-01-04 08:00:00,UAE,18-24,True,5000
CUST_000042,new,2023-01-04 10:00:00,Egypt,25-34,True,20000
CUST_000043,standard,2023-01-04 12:00:00,UAE,35-44,True,20000
CUST_000044,premium,2023-01-04 14:00:00,UAE,35-44,True,5000
CUST_000045,standard,2023-01-04 16:00:00,Egypt,18-24,True,5000
CUST_000046,standard,2023-01-04 18:00:00,KSA,35-44,True,3000
CUST_000047,new,2023-01-04 20:00:00,KSA,25-34,True,5000
CUST_000048,new,2023-01-04 22:00:00,UAE,35-44,True,3000
CUST_000049,premium,2023-01-05 00:00:00,UAE,25-34,False,3000
CUST_000050,standard,2023-01-05 02:00:00,Egypt,25-34,True,5000
CUST_000051,standard,2023-01-05 04:00:00,KSA,45+,True,5000
CUST_000052,standard,2023-01-05 06:00:00,KSA,25-34,False,3000
CUST_000053,premium,2023-01-05 08:00:00,UAE,25-34,False,10000
CUST_000054,standard,2023-01-05 10:00:00,UAE,25-34,True,5000
CUST_000055,new,2023-01-05 12:00:00,Kuwait,18-24,True,3000
CUST_000056,standard,2023-01-05 14:00:00,UAE,18-24,True,3000
CUST_000057,standard,2023-01-05 16:00:00,KSA,18-24,True,3000
CUST_000058,new,2023-01-05 18:00:00,UAE,25-34,True,3000
CUST_000059,standard,2023-01-05 20:00:00,KSA,25-34,True,10000
CUST_000060,new,2023-01-05 22:00:00,Egypt,25-34,True,5000
CUST_000061,new,2023-01-06 00:00:00,KSA,18-24,True,10000
CUST_000062,standard,2023-01-06 02:00:00,UAE,25-34,False,3000
CUST_000063,standard,2023-01-06 04:00:00,KSA,45+,True,5000
CUST_000064,standard,2023-01-06 06:00:00,KSA,25-34,True,5000
CUST_000065,standard,2023-01-06 08:00:00,UAE,25-34,True,5000
CUST_000066,premium,2023-01-06 10:00:00,Egypt,35-44,False,5000
CUST_000067,standard,2023-01-06 12:00:00,KSA,35-44,True,20000
CUST_000068,standard,2023-01-06 14:00:00,Egypt,25-34,True,3000
CUST_000069,premium,2023-01-06 16:00:00,KSA,35-44,False,5000
CUST_000070,standard,2023-01-06 18:00:00,UAE,25-34,True,10000
CUST_000071,new,2023-01-06 20:00:00,UAE,35-44,True,3000
CUST_000072,standard,2023-01-06 22:00:00,UAE,25-34,False,3000
CUST_000073,premium,2023-01-07 00:00:00,Egypt,25-34,False,3000
CUST_000074,standard,2023-01-07 02:00:00,KSA,18-24,True,5000
CUST_000075,new,2023-01-07 04:00:00,KSA,35-44,True,3000
CUST_000076,standard,2023-01-07 06:00:00,UAE,25-34,True,3000
CUST_000077,standard,2023-01-07 08:00:00,UAE,25-34,True,5000
CUST_000078,new,2023-01-07 10:00:00,KSA,25-34,True,5000
CUST_000079,standard,2023-01-07 12:00:00,UAE,45+,True,3000
CUST_000080,new,2023-01-07 14:00:00,UAE,35-44,True,5000
CUST_000081,standard,2023-01-07 16:00:00,KSA,25-34,True,5000
CUST_000082,standard,2023-01-07 18:00:00,UAE,25-34,True,20000
CUST_000083,standard,2023-01-07 20:00:00,UAE,25-34,True,5000
CUST_000084,standard,2023-01-07 22:00:00,UAE,25-34,True,10000
CUST_000085,premium,2023-01-08 00:00:00,UAE,45+,True,5000
CUST_000086,new,2023-01-08 02:00:00,Kuwait,18-24,True,3000
CUST_000087,standard,2023-01-08 04:00:00,UAE,25-34,True,5000
CUST_000088,standard,2023-01-08 06:00:00,UAE,25-34,True,10000
CUST_000089,premium,2023-01-08 08:00:00,UAE,25-34,True,5000
CUST_000090,standard,2023-01-08 10:00:00,KSA,25-34,True,10000
CUST_000091,standard,2023-01-08 12:00:00,UAE,25-34,True,20000
CUST_000092,premium,2023-01-08 14:00:00,KSA,18-24,True,3000
CUST_000093,standard,2023-01-08 16:00:00,UAE,25-34,True,3000
CUST_000094,standard,2023-01-08 18:00:00,UAE,25-34,True,3000
CUST_000095,standard,2023-01-08 20:00:00,UAE,18-24,False,5000
CUST_000096,standard,2023-01-08 22:00:00,Egypt,18-24,True,3000
CUST_000097,standard,2023-01-09 00:00:00,Egypt,35-44,True,10000
CUST_000098,standard,2023-01-09 02:00:00,UAE,25-34,True,3000
CUST_000099,new,2023-01-09 04:00:00,KSA,25-34,True,5000
CUST_000100,premium,2023-01-09 06:00:00,Egypt,35-44,True,3000
CUST_000101,standard,2023-01-09 08:00:00,UAE,25-34,True,20000
CUST_000102,premium,2023-01-09 10:00:00,Egypt,25-34,True,5000
CUST_000103,new,2023-01-09 12:00:00,UAE,25-34,True,20000
CUST_000104,new,2023-01-09 14:00:00,Egypt,25-34,True,20000
CUST_000105,standard,2023-01-09 16:00:00,KSA,25-34,True,5000
CUST_000106,standard,2023-01-09 18:00:00,Egypt,25-34,True,3000
CUST_000107,new,2023-01-09 20:00:00,KSA,35-44,True,3000
CUST_000108,standard,2023-01-09 22:00:00,UAE,35-44,True,3000
CUST_000109,standard,2023-01-10 00:00:00,Egypt,18-24,True,10000
CUST_000110,standard,2023-01-10 02:00:00,UAE,18-24,True,3000
CUST_000111,premium,2023-01-10 04:00:00,UAE,25-34,False,3000
CUST_000112,new,2023-01-10 06:00:00,KSA,25-34,True,5000
CUST_000113,new,2023-01-10 08:00:00,KSA,18-24,True,5000
CUST_000114,standard,2023-01-10 10:00:00,Egypt,35-44,True,5000
CUST_000115,standard,2023-01-10 12:00:00,UAE,25-34,True,5000
CUST_000116,standard,2023-01-10 14:00:00,KSA,45+,True,10000
CUST_000117,new,2023-01-10 16:00:00,KSA,35-44,True,5000
CUST_000118,new,2023-01-10 18:00:00,UAE,35-44,False,3000
CUST_000119,new,2023-01-10 20:00:00,UAE,25-34,True,10000
CUST_000120,new,2023-01-10 22:00:00,UAE,25-34,True,20000
CUST_000121,standard,2023-01-11 00:00:00,UAE,25-34,True,3000
CUST_000122,premium,2023-01-11 02:00:00,Kuwait,18-24,True,5000
CUST_000123,standard,2023-01-11 04:00:00,KSA,25-34,True,5000
CUST_000124,new,2023-01-11 06:00:00,KSA,25-34,True,3000
CUST_000125,standard,2023-01-11 08:00:00,Kuwait,18-24,True,10000
CUST_000126,premium,2023-01-11 10:00:00,UAE,25-34,True,3000
CUST_000127,premium,2023-01-11 12:00:00,Egypt,35-44,True,10000
CUST_000128,standard,2023-01-11 14:00:00,UAE,18-24,True,5000
CUST_000129,premium,2023-01-11 16:00:00,Egypt,18-24,True,5000
CUST_000130,standard,2023-01-11 18:00:00,UAE,25-34,True,3000
CUST_000131,standard,2023-01-11 20:00:00,Egypt,45+,False,3000
CUST_000132,standard,2023-01-11 22:00:00,UAE,25-34,True,3000
CUST_000133,standard,2023-01-12 00:00:00,UAE,18-24,False,3000
CUST_000134,standard,2023-01-12 02:00:00,KSA,25-34,True,5000
CUST_000135,new,2023-01-12 04:00:00,UAE,45+,True,10000
CUST_000136,standard,2023-01-12 06:00:00,KSA,35-44,True,5000
CUST_000137,standard,2023-01-12 08:00:00,UAE,25-34,False,10000
CUST_000138,new,2023-01-12 10:00:00,KSA,25-34,True,5000
CUST_000139,standard,2023-01-12 12:00:00,UAE,25-34,True,10000
CUST_000140,new,2023-01-12 14:00:00,UAE,18-24,True,20000
CUST_000141,standard,2023-01-12 16:00:00,UAE,25-34,False,3000
CUST_000142,standard,2023-01-12 18:00:00,UAE,35-44,False,10000
CUST_000143,premium,2023-01-12 20:00:00,UAE,45+,False,5000
CUST_000144,standard,2023-01-12 22:00:00,UAE,25-34,False,10000
CUST_000145,standard,2023-01-13 00:00:00,UAE,18-24,True,5000
CUST_000146,standard,2023-01-13 02:00:00,UAE,25-34,True,5000
CUST_000147,new,2023-01-13 04:00:00,KSA,35-44,True,3000
CUST_000148,standard,2023-01-13 06:00:00,Egypt,35-44,True,3000
CUST_000149,new,2023-01-13 08:00:00,UAE,18-24,True,5000
CUST_000150,standard,2023-01-13 10:00:00,KSA,25-34,False,20000
CUST_000151,new,2023-01-13 12:00:00,KSA,25-34,True,10000
CUST_000152,standard,2023-01-13 14:00:00,UAE,25-34,True,5000
CUST_000153,standard,2023-01-13 16:00:00,KSA,35-44,False,10000
CUST_000154,standard,2023-01-13 18:00:00,UAE,25-34,True,10000
CUST_000155,standard,2023-01-13 20:00:00,KSA,35-44,True,3000
CUST_000156,new,2023-01-13 22:00:00,UAE,25-34,True,3000
CUST_000157,standard,2023-01-14 00:00:00,KSA,35-44,True,3000
CUST_000158,premium,2023-01-14 02:00:00,KSA,25-34,True,10000
CUST_000159,standard,2023-01-14 04:00:00,UAE,35-44,True,10000
CUST_000160,standard,2023-01-14 06:00:00,UAE,25-34,True,3000
CUST_000161,new,2023-01-14 08:00:00,Kuwait,25-34,False,3000
CUST_000162,new,2023-01-14 10:00:00,UAE,25-34,True,10000
CUST_000163,new,2023-01-14 12:00:00,KSA,25-34,True,20000
CUST_000164,standard,2023-01-14 14:00:00,Egypt,25-34,False,10000
CUST_000165,premium,2023-01-14 16:00:00,KSA,25-34,True,5000
CUST_000166,new,2023-01-14 18:00:00,KSA,45+,True,3000
CUST_000167,standard,2023-01-14 20:00:00,KSA,18-24,True,5000
CUST_000168,new,2023-01-14 22:00:00,Egypt,35-44,True,3000
CUST_000169,new,2023-01-15 00:00:00,UAE,45+,True,10000
CUST_000170,new,2023-01-15 02:00:00,UAE,18-24,True,5000
CUST_000171,standard,2023-01-15 04:00:00,UAE,25-34,True,10000
CUST_000172,standard,2023-01-15 06:00:00,Kuwait,25-34,True,5000
CUST_000173,new,2023-01-15 08:00:00,KSA,18-24,True,10000
CUST_000174,standard,2023-01-15 10:00:00,UAE,25-34,True,5000
CUST_000175,standard,2023-01-15 12:00:00,Egypt,45+,True,5000
CUST_000176,standard,2023-01-15 14:00:00,UAE,18-24,False,5000
CUST_000177,new,2023-01-15 16:00:00,UAE,25-34,True,3000
CUST_000178,standard,2023-01-15 18:00:00,KSA,25-34,True,20000
CUST_000179,standard,2023-01-15 20:00:00,UAE,35-44,True,5000
CUST_000180,premium,2023-01-15 22:00:00,Egypt,18-24,True,5000
CUST_000181,standard,2023-01-16 00:00:00,UAE,25-34,True,10000
CUST_000182,new,2023-01-16 02:00:00,Egypt,25-34,True,10000
CUST_000183,premium,2023-01-16 04:00:00,KSA,25-34,True,5000
CUST_000184,standard,2023-01-16 06:00:00,UAE,45+,True,20000
CUST_000185,new,2023-01-16 08:00:00,Kuwait,35-44,True,3000
CUST_000186,new,2023-01-16 10:00:00,KSA,18-24,True,3000
CUST_000187,standard,2023-01-16 12:00:00,UAE,25-34,True,5000
CUST_000188,new,2023-01-16 14:00:00,UAE,25-34,True,5000
CUST_000189,standard,2023-01-16 16:00:00,Egypt,25-34,True,5000
CUST_000190,standard,2023-01-16 18:00:00,UAE,25-34,True,5000
CUST_000191,new,2023-01-16 20:00:00,UAE,25-34,True,5000
CUST_000192,new,2023-01-16 22:00:00,UAE,25-34,True,10000
CUST_000193,new,2023-01-17 00:00:00,UAE,45+,True,5000
CUST_000194,new,2023-01-17 02:00:00,KSA,18-24,True,20000
CUST_000195,standard,2023-01-17 04:00:00,UAE,45+,True,10000
CUST_000196,standard,2023-01-17 06:00:00,UAE,25-34,True,3000
CUST_000197,new,2023-01-17 08:00:00,UAE,25-34,True,3000
CUST_000198,standard,2023-01-17 10:00:00,UAE,35-44,True,5000
CUST_000199,new,2023-01-17 12:00:00,Egypt,25-34,True,10000
CUST_000200,new,2023-01-17 14:00:00,UAE,25-34,False,3000
CUST_000201,new,2023-01-17 16:00:00,Kuwait,25-34,False,3000
CUST_000202,standard,2023-01-17 18:00:00,UAE,25-34,True,20000
CUST_000203,standard,2023-01-17 20:00:00,UAE,45+,False,5000
CUST_000204,premium,2023-01-17 22:00:00,Egypt,35-44,True,3000
CUST_000205,standard,2023-01-18 00:00:00,UAE,18-24,True,3000
CUST_000206,premium,2023-01-18 02:00:00,KSA,18-24,True,10000
CUST_000207,standard,2023-01-18 04:00:00,Kuwait,25-34,True,10000
CUST_000208,standard,2023-01-18 06:00:00,UAE,18-24,False,3000
CUST_000209,standard,2023-01-18 08:00:00,UAE,25-34,True,5000
CUST_000210,standard,2023-01-18 10:00:00,KSA,18-24,False,10000
CUST_000211,premium,2023-01-18 12:00:00,UAE,25-34,True,10000
CUST_000212,premium,2023-01-18 14:00:00,UAE,18-24,True,10000
CUST_000213,new,2023-01-18 16:00:00,UAE,25-34,True,5000
CUST_000214,standard,2023-01-18 18:00:00,UAE,25-34,True,20000
CUST_000215,premium,2023-01-18 20:00:00,KSA,25-34,True,5000
CUST_000216,standard,2023-01-18 22:00:00,UAE,45+,True,3000
CUST_000217,new,2023-01-19 00:00:00,UAE,35-44,False,10000
CUST_000218,standard,2023-01-19 02:00:00,KSA,25-34,True,5000
CUST_000219,standard,2023-01-19 04:00:00,UAE,18-24,True,10000
CUST_000220,premium,2023-01-19 06:00:00,UAE,35-44,True,3000
CUST_000221,premium,2023-01-19 08:00:00,KSA,45+,False,10000
CUST_000222,standard,2023-01-19 10:00:00,UAE,35-44,True,3000
CUST_000223,standard,2023-01-19 12:00:00,KSA,18-24,True,5000
CUST_000224,standard,2023-01-19 14:00:00,Egypt,45+,True,3000
CUST_000225,new,2023-01-19 16:00:00,UAE,25-34,True,5000
CUST_000226,new,2023-01-19 18:00:00,KSA,35-44,True,10000
CUST_000227,standard,2023-01-19 20:00:00,UAE,45+,True,5000
CUST_000228,standard,2023-01-19 22:00:00,UAE,25-34,False,3000
CUST_000229,new,2023-01-20 00:00:00,Egypt,45+,False,5000
CUST_000230,standard,2023-01-20 02:00:00,Egypt,25-34,True,10000
CUST_000231,standard,2023-01-20 04:00:00,UAE,45+,False,5000
CUST_000232,premium,2023-01-20 06:00:00,KSA,25-34,True,3000
CUST_000233,premium,2023-01-20 08:00:00,Egypt,45+,True,3000
CUST_000234,new,2023-01-20 10:00:00,Kuwait,18-24,True,20000
CUST_000235,new,2023-01-20 12:00:00,KSA,35-44,True,5000
CUST_000236,standard,2023-01-20 14:00:00,UAE,25-34,True,3000
CUST_000237,standard,2023-01-20 16:00:00,UAE,25-34,True,10000
CUST_000238,standard,2023-01-20 18:00:00,Kuwait,25-34,True,5000
CUST_000239,standard,2023-01-20 20:00:00,UAE,35-44,True,3000
CUST_000240,standard,2023-01-20 22:00:00,KSA,18-24,True,20000
CUST_000241,standard,2023-01-21 00:00:00,UAE,25-34,True,5000
CUST_000242,new,2023-01-21 02:00:00,UAE,25-34,True,5000
CUST_000243,standard,2023-01-21 04:00:00,UAE,45+,True,5000
CUST_000244,standard,2023-01-21 06:00:00,Kuwait,18-24,False,10000
CUST_000245,new,2023-01-21 08:00:00,UAE,18-24,True,3000
CUST_000246,new,2023-01-21 10:00:00,KSA,25-34,True,3000
CUST_000247,standard,2023-01-21 12:00:00,UAE,25-34,True,3000
CUST_000248,standard,2023-01-21 14:00:00,UAE,25-34,True,10000
CUST_000249,standard,2023-01-21 16:00:00,UAE,25-34,False,5000
CUST_000250,standard,2023-01-21 18:00:00,KSA,35-44,True,5000
CUST_000251,standard,2023-01-21 20:00:00,UAE,35-44,True,3000
CUST_000252,new,2023-01-21 22:00:00,UAE,25-34,False,5000
CUST_000253,premium,2023-01-22 00:00:00,UAE,18-24,True,10000
CUST_000254,premium,2023-01-22 02:00:00,UAE,25-34,True,5000
CUST_000255,premium,2023-01-22 04:00:00,Kuwait,18-24,True,10000
CUST_000256,premium,2023-01-22 06:00:00,Egypt,35-44,True,5000
CUST_000257,new,2023-01-22 08:00:00,UAE,25-34,True,10000
CUST_000258,new,2023-01-22 10:00:00,KSA,25-34,True,3000
CUST_000259,standard,2023-01-22 12:00:00,Egypt,25-34,True,5000
CUST_000260,premium,2023-01-22 14:00:00,UAE,35-44,True,20000
CUST_000261,standard,2023-01-22 16:00:00,Egypt,18-24,True,20000
CUST_000262,standard,2023-01-22 18:00:00,Egypt,25-34,True,3000
CUST_000263,standard,2023-01-22 20:00:00,UAE,18-24,True,5000
CUST_000264,standard,2023-01-22 22:00:00,UAE,35-44,True,3000
CUST_000265,standard,2023-01-23 00:00:00,Kuwait,45+,True,10000
CUST_000266,standard,2023-01-23 02:00:00,KSA,25-34,True,5000
CUST_000267,standard,2023-01-23 04:00:00,UAE,25-34,True,5000
CUST_000268,premium,2023-01-23 06:00:00,UAE,45+,True,3000
CUST_000269,standard,2023-01-23 08:00:00,UAE,25-34,True,20000
CUST_000270,standard,2023-01-23 10:00:00,KSA,25-34,True,5000
CUST_000271,standard,2023-01-23 12:00:00,KSA,25-34,True,3000
CUST_000272,new,2023-01-23 14:00:00,Kuwait,25-34,True,5000
CUST_000273,standard,2023-01-23 16:00:00,UAE,18-24,True,3000
CUST_000274,standard,2023-01-23 18:00:00,KSA,35-44,False,5000
CUST_000275,premium,2023-01-23 20:00:00,KSA,25-34,True,20000
CUST_000276,standard,2023-01-23 22:00:00,UAE,18-24,True,10000
CUST_000277,premium,2023-01-24 00:00:00,UAE,35-44,True,5000
CUST_000278,standard,2023-01-24 02:00:00,Kuwait,25-34,False,10000
CUST_000279,new,2023-01-24 04:00:00,Egypt,18-24,True,5000
CUST_000280,standard,2023-01-24 06:00:00,UAE,25-34,True,3000
CUST_000281,standard,2023-01-24 08:00:00,KSA,35-44,False,20000
CUST_000282,standard,2023-01-24 10:00:00,UAE,35-44,True,5000
CUST_000283,standard,2023-01-24 12:00:00,KSA,45+,True,5000
CUST_000284,standard,2023-01-24 14:00:00,KSA,35-44,True,20000
CUST_000285,new,2023-01-24 16:00:00,KSA,18-24,True,3000
CUST_000286,standard,2023-01-24 18:00:00,Kuwait,25-34,True,10000
CUST_000287,new,2023-01-24 20:00:00,KSA,35-44,False,20000
CUST_000288,new,2023-01-24 22:00:00,UAE,25-34,True,5000
CUST_000289,standard,2023-01-25 00:00:00,KSA,25-34,True,3000
CUST_000290,premium,2023-01-25 02:00:00,UAE,25-34,True,5000
CUST_000291,premium,2023-01-25 04:00:00,UAE,25-34,True,3000
CUST_000292,premium,2023-01-25 06:00:00,UAE,45+,True,5000
CUST_000293,premium,2023-01-25 08:00:00,UAE,25-34,True,10000
CUST_000294,standard,2023-01-25 10:00:00,KSA,25-34,True,5000
CUST_000295,premium,2023-01-25 12:00:00,UAE,45+,True,5000
CUST_000296,standard,2023-01-25 14:00:00,KSA,25-34,True,5000
CUST_000297,new,2023-01-25 16:00:00,KSA,18-24,True,5000
CUST_000298,premium,2023-01-25 18:00:00,UAE,25-34,True,10000
CUST_000299,new,2023-01-25 20:00:00,Egypt,35-44,True,5000
CUST_000300,standard,2023-01-25 22:00:00,UAE,35-44,True,10000
CUST_000301,premium,2023-01-26 00:00:00,UAE,35-44,False,5000
CUST_000302,standard,2023-01-26 02:00:00,KSA,35-44,True,5000
CUST_000303,standard,2023-01-26 04:00:00,UAE,25-34,True,3000
CUST_000304,new,2023-01-26 06:00:00,UAE,35-44,True,5000
CUST_000305,new,2023-01-26 08:00:00,KSA,35-44,False,5000
CUST_000306,new,2023-01-26 10:00:00,KSA,18-24,True,3000
CUST_000307,standard,2023-01-26 12:00:00,UAE,18-24,True,20000
CUST_000308,standard,2023-01-26 14:00:00,Kuwait,45+,True,5000
CUST_000309,new,2023-01-26 16:00:00,KSA,35-44,True,20000
CUST_000310,new,2023-01-26 18:00:00,Egypt,35-44,False,3000
CUST_000311,new,2023-01-26 20:00:00,UAE,35-44,True,5000
CUST_000312,standard,2023-01-26 22:00:00,KSA,25-34,True,3000
CUST_000313,standard,2023-01-27 00:00:00,Egypt,25-34,True,3000
CUST_000314,new,2023-01-27 02:00:00,KSA,25-34,True,10000
CUST_000315,standard,2023-01-27 04:00:00,KSA,18-24,False,3000
CUST_000316,new,2023-01-27 06:00:00,UAE,35-44,True,5000
CUST_000317,new,2023-01-27 08:00:00,UAE,25-34,True,3000
CUST_000318,standard,2023-01-27 10:00:00,UAE,25-34,True,5000
CUST_000319,new,2023-01-27 12:00:00,UAE,25-34,True,10000
CUST_000320,new,2023-01-27 14:00:00,Egypt,25-34,True,5000
CUST_000321,premium,2023-01-27 16:00:00,UAE,18-24,True,10000
CUST_000322,new,2023-01-27 18:00:00,Kuwait,25-34,True,5000
CUST_000323,standard,2023-01-27 20:00:00,Kuwait,18-24,True,20000
CUST_000324,new,2023-01-27 22:00:00,UAE,18-24,True,10000
CUST_000325,standard,2023-01-28 00:00:00,UAE,45+,False,5000
CUST_000326,new,2023-01-28 02:00:00,Egypt,18-24,True,5000
CUST_000327,standard,2023-01-28 04:00:00,Kuwait,25-34,True,20000
CUST_000328,premium,2023-01-28 06:00:00,UAE,25-34,True,5000
CUST_000329,new,2023-01-28 08:00:00,UAE,25-34,True,10000
CUST_000330,premium,2023-01-28 10:00:00,KSA,18-24,True,5000
CUST_000331,standard,2023-01-28 12:00:00,KSA,35-44,True,3000
CUST_000332,new,2023-01-28 14:00:00,UAE,35-44,True,10000
CUST_000333,new,2023-01-28 16:00:00,KSA,25-34,False,5000
CUST_000334,standard,2023-01-28 18:00:00,UAE,25-34,True,5000
CUST_000335,standard,2023-01-28 20:00:00,UAE,45+,True,5000
CUST_000336,standard,2023-01-28 22:00:00,UAE,35-44,True,3000
CUST_000337,standard,2023-01-29 00:00:00,UAE,25-34,True,10000
CUST_000338,standard,2023-01-29 02:00:00,UAE,18-24,True,20000
CUST_000339,standard,2023-01-29 04:00:00,UAE,25-34,True,10000
CUST_000340,new,2023-01-29 06:00:00,UAE,25-34,True,5000
CUST_000341,new,2023-01-29 08:00:00,UAE,18-24,True,5000
CUST_000342,new,2023-01-29 10:00:00,UAE,25-34,True,10000
CUST_000343,premium,2023-01-29 12:00:00,Kuwait,25-34,True,5000
CUST_000344,standard,2023-01-29 14:00:00,UAE,25-34,True,5000
CUST_000345,premium,2023-01-29 16:00:00,UAE,35-44,False,20000
CUST_000346,standard,2023-01-29 18:00:00,KSA,35-44,True,5000
CUST_000347,standard,2023-01-29 20:00:00,Kuwait,25-34,True,5000
CUST_000348,new,2023-01-29 22:00:00,UAE,35-44,True,3000
CUST_000349,standard,2023-01-30 00:00:00,KSA,18-24,False,3000
CUST_000350,premium,2023-01-30 02:00:00,KSA,35-44,True,3000
CUST_000351,premium,2023-01-30 04:00:00,KSA,18-24,True,20000
CUST_000352,new,2023-01-30 06:00:00,UAE,18-24,False,5000
CUST_000353,standard,2023-01-30 08:00:00,KSA,25-34,True,5000
CUST_000354,premium,2023-01-30 10:00:00,UAE,25-34,True,10000
CUST_000355,premium,2023-01-30 12:00:00,KSA,45+,True,5000
CUST_000356,new,2023-01-30 14:00:00,KSA,25-34,True,5000
CUST_000357,premium,2023-01-30 16:00:00,UAE,25-34,True,3000
CUST_000358,new,2023-01-30 18:00:00,Egypt,25-34,True,10000
CUST_000359,new,2023-01-30 20:00:00,UAE,25-34,True,3000
CUST_000360,premium,2023-01-30 22:00:00,Egypt,25-34,True,3000
CUST_000361,premium,2023-01-31 00:00:00,UAE,25-34,False,3000
CUST_000362,new,2023-01-31 02:00:00,UAE,35-44,True,3000
CUST_000363,standard,2023-01-31 04:00:00,UAE,35-44,True,3000
CUST_000364,standard,2023-01-31 06:00:00,Kuwait,45+,True,5000
CUST_000365,new,2023-01-31 08:00:00,UAE,25-34,True,3000
CUST_000366,new,2023-01-31 10:00:00,UAE,35-44,True,5000
CUST_000367,new,2023-01-31 12:00:00,UAE,25-34,True,3000
CUST_000368,new,2023-01-31 14:00:00,KSA,25-34,True,3000
CUST_000369,standard,2023-01-31 16:00:00,KSA,25-34,True,5000
CUST_000370,premium,2023-01-31 18:00:00,UAE,45+,True,20000
CUST_000371,new,2023-01-31 20:00:00,UAE,35-44,True,10000
CUST_000372,standard,2023-01-31 22:00:00,UAE,45+,True,20000
CUST_000373,standard,2023-02-01 00:00:00,UAE,35-44,False,5000
CUST_000374,new,2023-02-01 02:00:00,UAE,45+,True,5000
CUST_000375,premium,2023-02-01 04:00:00,KSA,35-44,True,5000
CUST_000376,standard,2023-02-01 06:00:00,UAE,25-34,True,5000
CUST_000377,premium,2023-02-01 08:00:00,UAE,25-34,False,3000
CUST_000378,standard,2023-02-01 10:00:00,UAE,25-34,True,5000
CUST_000379,premium,2023-02-01 12:00:00,Kuwait,18-24,True,5000
CUST_000380,premium,2023-02-01 14:00:00,Kuwait,25-34,True,5000
CUST_000381,premium,2023-02-01 16:00:00,Egypt,25-34,True,5000
CUST_000382,standard,2023-02-01 18:00:00,UAE,25-34,True,3000
CUST_000383,new,2023-02-01 20:00:00,UAE,45+,True,5000
CUST_000384,standard,2023-02-01 22:00:00,UAE,45+,True,3000
CUST_000385,new,2023-02-02 00:00:00,UAE,18-24,True,20000
CUST_000386,standard,2023-02-02 02:00:00,KSA,25-34,True,3000
CUST_000387,standard,2023-02-02 04:00:00,KSA,25-34,False,3000
CUST_000388,new,2023-02-02 06:00:00,Egypt,25-34,True,10000
CUST_000389,standard,2023-02-02 08:00:00,Egypt,35-44,True,5000
CUST_000390,new,2023-02-02 10:00:00,UAE,25-34,True,3000
CUST_000391,premium,2023-02-02 12:00:00,KSA,25-34,True,5000
CUST_000392,new,2023-02-02 14:00:00,UAE,35-44,True,3000
CUST_000393,premium,2023-02-02 16:00:00,UAE,35-44,True,3000
CUST_000394,new,2023-02-02 18:00:00,KSA,18-24,True,3000
CUST_000395,standard,2023-02-02 20:00:00,UAE,35-44,True,5000
CUST_000396,new,2023-02-02 22:00:00,UAE,25-34,True,10000
CUST_000397,premium,2023-02-03 00:00:00,UAE,25-34,True,5000
CUST_000398,standard,2023-02-03 02:00:00,KSA,18-24,True,5000
CUST_000399,new,2023-02-03 04:00:00,KSA,25-34,False,3000
CUST_000400,standard,2023-02-03 06:00:00,UAE,25-34,True,5000
CUST_000401,standard,2023-02-03 08:00:00,Egypt,25-34,True,10000
CUST_000402,standard,2023-02-03 10:00:00,UAE,25-34,True,3000
CUST_000403,standard,2023-02-03 12:00:00,UAE,35-44,True,10000
CUST_000404,standard,2023-02-03 14:00:00,KSA,25-34,True,5000
CUST_000405,standard,2023-02-03 16:00:00,KSA,18-24,True,10000
CUST_000406,new,2023-02-03 18:00:00,Kuwait,35-44,True,5000
CUST_000407,premium,2023-02-03 20:00:00,UAE,18-24,False,5000
CUST_000408,standard,2023-02-03 22:00:00,KSA,45+,True,10000
CUST_000409,new,2023-02-04 00:00:00,KSA,25-34,True,10000
CUST_000410,new,2023-02-04 02:00:00,Egypt,25-34,True,3000
CUST_000411,standard,2023-02-04 04:00:00,UAE,25-34,True,20000
CUST_000412,standard,2023-02-04 06:00:00,KSA,18-24,True,3000
CUST_000413,standard,2023-02-04 08:00:00,KSA,25-34,True,3000
CUST_000414,standard,2023-02-04 10:00:00,UAE,18-24,True,5000
CUST_000415,standard,2023-02-04 12:00:00,UAE,25-34,True,10000
CUST_000416,standard,2023-02-04 14:00:00,UAE,18-24,True,20000
CUST_000417,standard,2023-02-04 16:00:00,KSA,25-34,True,5000
CUST_000418,premium,2023-02-04 18:00:00,Egypt,25-34,True,3000
CUST_000419,new,2023-02-04 20:00:00,KSA,25-34,True,5000
CUST_000420,new,2023-02-04 22:00:00,KSA,18-24,False,3000
CUST_000421,standard,2023-02-05 00:00:00,KSA,18-24,False,5000
CUST_000422,standard,2023-02-05 02:00:00,UAE,18-24,True,5000
CUST_000423,standard,2023-02-05 04:00:00,UAE,35-44,True,3000
CUST_000424,new,2023-02-05 06:00:00,UAE,25-34,False,5000
CUST_000425,standard,2023-02-05 08:00:00,UAE,35-44,True,5000
CUST_000426,standard,2023-02-05 10:00:00,UAE,25-34,True,10000
CUST_000427,new,2023-02-05 12:00:00,KSA,25-34,True,5000
CUST_000428,new,2023-02-05 14:00:00,UAE,25-34,True,3000
CUST_000429,new,2023-02-05 16:00:00,UAE,35-44,True,3000
CUST_000430,new,2023-02-05 18:00:00,UAE,25-34,True,3000
CUST_000431,standard,2023-02-05 20:00:00,UAE,18-24,True,3000
CUST_000432,standard,2023-02-05 22:00:00,Egypt,25-34,True,5000
CUST_000433,new,2023-02-06 00:00:00,Egypt,25-34,False,20000
CUST_000434,new,2023-02-06 02:00:00,KSA,25-34,True,5000
CUST_000435,premium,2023-02-06 04:00:00,UAE,25-34,True,5000
CUST_000436,premium,2023-02-06 06:00:00,KSA,25-34,True,5000
CUST_000437,standard,2023-02-06 08:00:00,Egypt,25-34,True,5000
CUST_000438,new,2023-02-06 10:00:00,KSA,25-34,True,20000
CUST_000439,new,2023-02-06 12:00:00,UAE,35-44,True,20000
CUST_000440,standard,2023-02-06 14:00:00,KSA,35-44,True,5000
CUST_000441,standard,2023-02-06 16:00:00,Egypt,25-34,True,3000
CUST_000442,standard,2023-02-06 18:00:00,KSA,25-34,False,10000
CUST_000443,new,2023-02-06 20:00:00,KSA,35-44,True,3000
CUST_000444,new,2023-02-06 22:00:00,UAE,25-34,True,10000
CUST_000445,new,2023-02-07 00:00:00,KSA,25-34,True,10000
CUST_000446,standard,2023-02-07 02:00:00,UAE,35-44,True,3000
CUST_000447,standard,2023-02-07 04:00:00,KSA,25-34,True,20000
CUST_000448,standard,2023-02-07 06:00:00,UAE,18-24,True,20000
CUST_000449,premium,2023-02-07 08:00:00,UAE,35-44,True,20000
CUST_000450,new,2023-02-07 10:00:00,UAE,18-24,True,5000
CUST_000451,new,2023-02-07 12:00:00,KSA,35-44,True,3000
CUST_000452,new,2023-02-07 14:00:00,UAE,35-44,True,5000
CUST_000453,new,2023-02-07 16:00:00,KSA,45+,False,5000
CUST_000454,standard,2023-02-07 18:00:00,KSA,18-24,True,3000
CUST_000455,new,2023-02-07 20:00:00,UAE,25-34,True,5000
CUST_000456,new,2023-02-07 22:00:00,UAE,25-34,False,5000
CUST_000457,new,2023-02-08 00:00:00,UAE,25-34,True,3000
CUST_000458,standard,2023-02-08 02:00:00,Egypt,18-24,True,5000
CUST_000459,standard,2023-02-08 04:00:00,KSA,25-34,True,3000
CUST_000460,premium,2023-02-08 06:00:00,UAE,25-34,True,10000
CUST_000461,new,2023-02-08 08:00:00,UAE,18-24,True,5000
CUST_000462,standard,2023-02-08 10:00:00,KSA,25-34,True,3000
CUST_000463,standard,2023-02-08 12:00:00,Egypt,35-44,True,20000
CUST_000464,standard,2023-02-08 14:00:00,Egypt,35-44,True,3000
CUST_000465,standard,2023-02-08 16:00:00,KSA,45+,True,5000
CUST_000466,standard,2023-02-08 18:00:00,UAE,25-34,True,10000
CUST_000467,premium,2023-02-08 20:00:00,UAE,45+,True,10000
CUST_000468,standard,2023-02-08 22:00:00,UAE,35-44,True,3000
CUST_000469,standard,2023-02-09 00:00:00,UAE,25-34,True,20000
CUST_000470,new,2023-02-09 02:00:00,UAE,18-24,True,20000
CUST_000471,standard,2023-02-09 04:00:00,UAE,25-34,True,5000
CUST_000472,new,2023-02-09 06:00:00,UAE,25-34,True,5000
CUST_000473,standard,2023-02-09 08:00:00,Egypt,25-34,True,3000
CUST_000474,standard,2023-02-09 10:00:00,KSA,25-34,True,5000
CUST_000475,new,2023-02-09 12:00:00,Egypt,35-44,True,5000
CUST_000476,standard,2023-02-09 14:00:00,KSA,25-34,True,10000
CUST_000477,premium,2023-02-09 16:00:00,UAE,18-24,False,5000
CUST_000478,premium,2023-02-09 18:00:00,KSA,35-44,False,5000
CUST_000479,new,2023-02-09 20:00:00,UAE,25-34,False,3000
CUST_000480,standard,2023-02-09 22:00:00,KSA,45+,False,3000
CUST_000481,new,2023-02-10 00:00:00,UAE,18-24,True,3000
CUST_000482,standard,2023-02-10 02:00:00,Kuwait,45+,True,3000
CUST_000483,premium,2023-02-10 04:00:00,UAE,18-24,True,5000
CUST_000484,premium,2023-02-10 06:00:00,UAE,25-34,True,10000
CUST_000485,standard,2023-02-10 08:00:00,Egypt,18-24,True,5000
CUST_000486,standard,2023-02-10 10:00:00,UAE,35-44,True,5000
CUST_000487,standard,2023-02-10 12:00:00,KSA,35-44,True,5000
CUST_000488,standard,2023-02-10 14:00:00,KSA,25-34,True,5000
CUST_000489,new,2023-02-10 16:00:00,Egypt,45+,True,5000
CUST_000490,standard,2023-02-10 18:00:00,Kuwait,25-34,True,5000
CUST_000491,standard,2023-02-10 20:00:00,Kuwait,25-34,False,10000
CUST_000492,new,2023-02-10 22:00:00,UAE,35-44,True,3000
CUST_000493,standard,2023-02-11 00:00:00,Egypt,25-34,False,3000
CUST_000494,standard,2023-02-11 02:00:00,KSA,25-34,True,5000
CUST_000495,new,2023-02-11 04:00:00,KSA,45+,True,20000
CUST_000496,new,2023-02-11 06:00:00,UAE,45+,True,5000
CUST_000497,premium,2023-02-11 08:00:00,KSA,45+,True,10000
CUST_000498,new,2023-02-11 10:00:00,Kuwait,45+,True,5000
CUST_000499,standard,2023-02-11 12:00:00,Egypt,18-24,True,5000
CUST_000500,standard,2023-02-11 14:00:00,UAE,35-44,True,10000
CUST_000501,standard,2023-02-11 16:00:00,UAE,25-34,False,10000
CUST_000502,new,2023-02-11 18:00:00,UAE,45+,True,3000
CUST_000503,standard,2023-02-11 20:00:00,Egypt,25-34,True,5000
CUST_000504,standard,2023-02-11 22:00:00,KSA,25-34,True,3000
CUST_000505,standard,2023-02-12 00:00:00,UAE,25-34,True,5000
CUST_000506,standard,2023-02-12 02:00:00,UAE,25-34,True,10000
CUST_000507,premium,2023-02-12 04:00:00,UAE,18-24,True,5000
CUST_000508,premium,2023-02-12 06:00:00,UAE,35-44,True,5000
CUST_000509,premium,2023-02-12 08:00:00,Egypt,35-44,True,10000
CUST_000510,standard,2023-02-12 10:00:00,KSA,18-24,True,5000
CUST_000511,premium,2023-02-12 12:00:00,UAE,35-44,True,5000
CUST_000512,standard,2023-02-12 14:00:00,KSA,25-34,True,10000
CUST_000513,standard,2023-02-12 16:00:00,UAE,25-34,True,5000
CUST_000514,standard,2023-02-12 18:00:00,Kuwait,25-34,True,5000
CUST_000515,new,2023-02-12 20:00:00,UAE,35-44,True,3000
CUST_000516,standard,2023-02-12 22:00:00,UAE,35-44,True,3000
CUST_000517,standard,2023-02-13 00:00:00,UAE,25-34,True,5000
CUST_000518,standard,2023-02-13 02:00:00,KSA,25-34,True,5000
CUST_000519,standard,2023-02-13 04:00:00,KSA,18-24,True,20000
CUST_000520,premium,2023-02-13 06:00:00,KSA,25-34,True,20000
CUST_000521,standard,2023-02-13 08:00:00,UAE,18-24,True,10000
CUST_000522,standard,2023-02-13 10:00:00,UAE,25-34,False,5000
CUST_000523,standard,2023-02-13 12:00:00,UAE,25-34,True,20000
CUST_000524,premium,2023-02-13 14:00:00,KSA,45+,True,5000
CUST_000525,premium,2023-02-13 16:00:00,UAE,25-34,True,5000
CUST_000526,standard,2023-02-13 18:00:00,KSA,25-34,True,10000
CUST_000527,standard,2023-02-13 20:00:00,Egypt,25-34,True,3000
CUST_000528,standard,2023-02-13 22:00:00,Egypt,35-44,True,3000
CUST_000529,standard,2023-02-14 00:00:00,UAE,35-44,True,10000
CUST_000530,standard,2023-02-14 02:00:00,UAE,35-44,True,5000
CUST_000531,premium,2023-02-14 04:00:00,UAE,25-34,True,5000
CUST_000532,new,2023-02-14 06:00:00,KSA,35-44,True,5000
CUST_000533,standard,2023-02-14 08:00:00,Egypt,18-24,True,20000
CUST_000534,premium,2023-02-14 10:00:00,UAE,25-34,True,5000
CUST_000535,new,2023-02-14 12:00:00,UAE,25-34,False,5000
CUST_000536,new,2023-02-14 14:00:00,Egypt,25-34,True,3000
CUST_000537,premium,2023-02-14 16:00:00,Egypt,45+,True,3000
CUST_000538,standard,2023-02-14 18:00:00,UAE,35-44,True,20000
CUST_000539,new,2023-02-14 20:00:00,KSA,18-24,False,5000
CUST_000540,new,2023-02-14 22:00:00,UAE,18-24,True,5000
CUST_000541,standard,2023-02-15 00:00:00,UAE,25-34,True,5000
CUST_000542,standard,2023-02-15 02:00:00,Egypt,25-34,True,10000
CUST_000543,standard,2023-02-15 04:00:00,Egypt,25-34,True,5000
CUST_000544,standard,2023-02-15 06:00:00,KSA,45+,True,5000
CUST_000545,standard,2023-02-15 08:00:00,UAE,45+,True,5000
CUST_000546,standard,2023-02-15 10:00:00,Egypt,25-34,True,3000
CUST_000547,standard,2023-02-15 12:00:00,UAE,35-44,True,20000
CUST_000548,new,2023-02-15 14:00:00,UAE,25-34,False,20000
CUST_000549,premium,2023-02-15 16:00:00,KSA,25-34,False,20000
CUST_000550,standard,2023-02-15 18:00:00,UAE,25-34,True,20000
CUST_000551,new,2023-02-15 20:00:00,KSA,25-34,True,10000
CUST_000552,new,2023-02-15 22:00:00,KSA,35-44,True,5000
CUST_000553,standard,2023-02-16 00:00:00,UAE,25-34,False,10000
CUST_000554,standard,2023-02-16 02:00:00,UAE,25-34,True,5000
CUST_000555,premium,2023-02-16 04:00:00,UAE,25-34,True,3000
CUST_000556,standard,2023-02-16 06:00:00,UAE,45+,True,5000
CUST_000557,standard,2023-02-16 08:00:00,KSA,25-34,True,20000
CUST_000558,standard,2023-02-16 10:00:00,Egypt,35-44,True,5000
CUST_000559,standard,2023-02-16 12:00:00,UAE,35-44,True,10000
CUST_000560,standard,2023-02-16 14:00:00,UAE,25-34,True,3000
CUST_000561,premium,2023-02-16 16:00:00,KSA,25-34,True,5000
CUST_000562,standard,2023-02-16 18:00:00,Egypt,35-44,True,5000
CUST_000563,standard,2023-02-16 20:00:00,UAE,25-34,False,3000
CUST_000564,standard,2023-02-16 22:00:00,UAE,45+,True,3000
CUST_000565,premium,2023-02-17 00:00:00,KSA,25-34,True,3000
CUST_000566,new,2023-02-17 02:00:00,UAE,18-24,False,10000
CUST_000567,standard,2023-02-17 04:00:00,UAE,35-44,True,3000
CUST_000568,standard,2023-02-17 06:00:00,KSA,35-44,True,3000
CUST_000569,new,2023-02-17 08:00:00,KSA,45+,True,3000
CUST_000570,standard,2023-02-17 10:00:00,KSA,25-34,True,5000
CUST_000571,premium,2023-02-17 12:00:00,KSA,45+,True,5000
CUST_000572,standard,2023-02-17 14:00:00,KSA,35-44,True,5000
CUST_000573,standard,2023-02-17 16:00:00,UAE,35-44,True,5000
CUST_000574,new,2023-02-17 18:00:00,UAE,25-34,True,3000
CUST_000575,standard,2023-02-17 20:00:00,UAE,25-34,True,10000
CUST_000576,premium,2023-02-17 22:00:00,UAE,45+,True,10000
CUST_000577,standard,2023-02-18 00:00:00,KSA,25-34,True,3000
CUST_000578,standard,2023-02-18 02:00:00,Egypt,25-34,False,5000
CUST_000579,standard,2023-02-18 04:00:00,Kuwait,25-34,True,3000
CUST_000580,standard,2023-02-18 06:00:00,KSA,25-34,True,3000
CUST_000581,standard,2023-02-18 08:00:00,UAE,25-34,True,10000
CUST_000582,new,2023-02-18 10:00:00,UAE,18-24,True,5000
CUST_000583,standard,2023-02-18 12:00:00,Egypt,35-44,True,3000
CUST_000584,standard,2023-02-18 14:00:00,KSA,25-34,True,5000
CUST_000585,premium,2023-02-18 16:00:00,KSA,25-34,True,20000
CUST_000586,standard,2023-02-18 18:00:00,KSA,18-24,True,10000
CUST_000587,standard,2023-02-18 20:00:00,KSA,18-24,True,10000
CUST_000588,standard,2023-02-18 22:00:00,Egypt,25-34,True,5000
CUST_000589,standard,2023-02-19 00:00:00,UAE,35-44,True,5000
CUST_000590,standard,2023-02-19 02:00:00,KSA,18-24,True,5000
CUST_000591,standard,2023-02-19 04:00:00,Egypt,45+,True,3000
CUST_000592,new,2023-02-19 06:00:00,UAE,25-34,True,5000
CUST_000593,premium,2023-02-19 08:00:00,KSA,25-34,True,5000
CUST_000594,standard,2023-02-19 10:00:00,UAE,18-24,True,3000
CUST_000595,standard,2023-02-19 12:00:00,Kuwait,18-24,False,10000
CUST_000596,new,2023-02-19 14:00:00,UAE,35-44,True,3000
CUST_000597,premium,2023-02-19 16:00:00,KSA,35-44,True,5000
CUST_000598,standard,2023-02-19 18:00:00,UAE,25-34,True,3000
CUST_000599,new,2023-02-19 20:00:00,KSA,18-24,False,5000
CUST_000600,new,2023-02-19 22:00:00,UAE,25-34,True,3000
CUST_000601,new,2023-02-20 00:00:00,UAE,25-34,True,3000
CUST_000602,standard,2023-02-20 02:00:00,UAE,45+,True,5000
CUST_000603,standard,2023-02-20 04:00:00,Egypt,25-34,True,5000
CUST_000604,standard,2023-02-20 06:00:00,UAE,35-44,True,5000
CUST_000605,new,2023-02-20 08:00:00,UAE,25-34,True,3000
CUST_000606,standard,2023-02-20 10:00:00,KSA,25-34,True,5000
CUST_000607,standard,2023-02-20 12:00:00,KSA,25-34,False,5000
CUST_000608,standard,2023-02-20 14:00:00,Egypt,18-24,True,5000
CUST_000609,new,2023-02-20 16:00:00,UAE,35-44,True,10000
CUST_000610,standard,2023-02-20 18:00:00,KSA,25-34,False,5000
CUST_000611,standard,2023-02-20 20:00:00,UAE,35-44,True,5000
CUST_000612,standard,2023-02-20 22:00:00,UAE,18-24,True,20000
CUST_000613,standard,2023-02-21 00:00:00,KSA,45+,True,10000
CUST_000614,standard,2023-02-21 02:00:00,KSA,18-24,True,20000
CUST_000615,premium,2023-02-21 04:00:00,KSA,35-44,True,5000
CUST_000616,standard,2023-02-21 06:00:00,UAE,35-44,True,5000
CUST_000617,standard,2023-02-21 08:00:00,UAE,45+,False,3000
CUST_000618,standard,2023-02-21 10:00:00,UAE,25-34,True,5000
CUST_000619,standard,2023-02-21 12:00:00,Kuwait,35-44,True,20000
CUST_000620,standard,2023-02-21 14:00:00,UAE,25-34,True,5000
CUST_000621,standard,2023-02-21 16:00:00,UAE,18-24,True,10000
CUST_000622,premium,2023-02-21 18:00:00,UAE,25-34,True,5000
CUST_000623,standard,2023-02-21 20:00:00,KSA,18-24,True,5000
CUST_000624,premium,2023-02-21 22:00:00,UAE,45+,True,20000
CUST_000625,premium,2023-02-22 00:00:00,Egypt,18-24,True,10000
CUST_000626,new,2023-02-22 02:00:00,UAE,25-34,True,20000
CUST_000627,standard,2023-02-22 04:00:00,Egypt,25-34,True,10000
CUST_000628,new,2023-02-22 06:00:00,UAE,25-34,True,5000
CUST_000629,standard,2023-02-22 08:00:00,KSA,25-34,True,5000
CUST_000630,standard,2023-02-22 10:00:00,Egypt,18-24,True,20000
CUST_000631,new,2023-02-22 12:00:00,UAE,25-34,True,5000
CUST_000632,standard,2023-02-22 14:00:00,Kuwait,25-34,False,3000
CUST_000633,standard,2023-02-22 16:00:00,UAE,45+,True,5000
CUST_000634,standard,2023-02-22 18:00:00,Egypt,35-44,False,5000
CUST_000635,standard,2023-02-22 20:00:00,KSA,45+,True,3000
CUST_000636,new,2023-02-22 22:00:00,UAE,18-24,False,10000
CUST_000637,new,2023-02-23 00:00:00,UAE,25-34,True,3000
CUST_000638,new,2023-02-23 02:00:00,UAE,18-24,True,5000
CUST_000639,premium,2023-02-23 04:00:00,UAE,18-24,True,10000
CUST_000640,new,2023-02-23 06:00:00,UAE,25-34,True,5000
CUST_000641,new,2023-02-23 08:00:00,UAE,25-34,True,10000
CUST_000642,standard,2023-02-23 10:00:00,UAE,25-34,True,5000
CUST_000643,premium,2023-02-23 12:00:00,KSA,25-34,True,20000
CUST_000644,new,2023-02-23 14:00:00,UAE,35-44,True,3000
CUST_000645,standard,2023-02-23 16:00:00,UAE,25-34,False,3000
CUST_000646,new,2023-02-23 18:00:00,KSA,25-34,True,10000
CUST_000647,premium,2023-02-23 20:00:00,UAE,25-34,True,10000
CUST_000648,new,2023-02-23 22:00:00,UAE,25-34,True,3000
CUST_000649,standard,2023-02-24 00:00:00,UAE,18-24,True,20000
CUST_000650,standard,2023-02-24 02:00:00,Egypt,25-34,True,5000
CUST_000651,standard,2023-02-24 04:00:00,Egypt,25-34,True,20000
CUST_000652,new,2023-02-24 06:00:00,UAE,35-44,True,5000
CUST_000653,standard,2023-02-24 08:00:00,KSA,35-44,False,5000
CUST_000654,standard,2023-02-24 10:00:00,KSA,25-34,True,5000
CUST_000655,standard,2023-02-24 12:00:00,KSA,25-34,True,5000
CUST_000656,new,2023-02-24 14:00:00,KSA,25-34,True,5000
CUST_000657,standard,2023-02-24 16:00:00,KSA,35-44,True,5000
CUST_000658,new,2023-02-24 18:00:00,UAE,25-34,True,3000
CUST_000659,standard,2023-02-24 20:00:00,UAE,25-34,True,3000
CUST_000660,standard,2023-02-24 22:00:00,UAE,18-24,True,3000
CUST_000661,standard,2023-02-25 00:00:00,Egypt,18-24,True,10000
CUST_000662,standard,2023-02-25 02:00:00,KSA,35-44,True,5000
CUST_000663,new,2023-02-25 04:00:00,Egypt,25-34,False,10000
CUST_000664,standard,2023-02-25 06:00:00,Kuwait,25-34,True,20000
CUST_000665,standard,2023-02-25 08:00:00,UAE,25-34,True,5000
CUST_000666,new,2023-02-25 10:00:00,KSA,25-34,True,20000
CUST_000667,standard,2023-02-25 12:00:00,KSA,35-44,True,5000
CUST_000668,standard,2023-02-25 14:00:00,Kuwait,35-44,True,3000
CUST_000669,new,2023-02-25 16:00:00,Kuwait,25-34,True,5000
CUST_000670,standard,2023-02-25 18:00:00,KSA,18-24,True,5000
CUST_000671,premium,2023-02-25 20:00:00,UAE,25-34,True,10000
CUST_000672,new,2023-02-25 22:00:00,KSA,25-34,True,5000
CUST_000673,standard,2023-02-26 00:00:00,UAE,25-34,True,3000
CUST_000674,standard,2023-02-26 02:00:00,KSA,25-34,True,10000
CUST_000675,premium,2023-02-26 04:00:00,Egypt,18-24,False,5000
CUST_000676,new,2023-02-26 06:00:00,UAE,25-34,True,3000
CUST_000677,standard,2023-02-26 08:00:00,KSA,18-24,True,5000
CUST_000678,standard,2023-02-26 10:00:00,UAE,35-44,True,20000
CUST_000679,new,2023-02-26 12:00:00,UAE,25-34,True,10000
CUST_000680,new,2023-02-26 14:00:00,UAE,35-44,True,5000
CUST_000681,standard,2023-02-26 16:00:00,KSA,18-24,True,5000
CUST_000682,standard,2023-02-26 18:00:00,Egypt,25-34,True,3000
CUST_000683,standard,2023-02-26 20:00:00,Egypt,35-44,True,5000
CUST_000684,new,2023-02-26 22:00:00,UAE,25-34,True,10000
CUST_000685,premium,2023-02-27 00:00:00,Egypt,35-44,True,5000
CUST_000686,standard,2023-02-27 02:00:00,KSA,25-34,True,3000
CUST_000687,new,2023-02-27 04:00:00,UAE,25-34,True,20000
CUST_000688,new,2023-02-27 06:00:00,UAE,25-34,True,10000
CUST_000689,standard,2023-02-27 08:00:00,UAE,25-34,True,5000
CUST_000690,new,2023-02-27 10:00:00,Egypt,25-34,True,3000
CUST_000691,premium,2023-02-27 12:00:00,KSA,25-34,True,3000
CUST_000692,new,2023-02-27 14:00:00,KSA,25-34,True,3000
CUST_000693,premium,2023-02-27 16:00:00,UAE,25-34,True,5000
CUST_000694,standard,2023-02-27 18:00:00,KSA,25-34,False,3000
CUST_000695,new,2023-02-27 20:00:00,UAE,25-34,False,10000
CUST_000696,premium,2023-02-27 22:00:00,UAE,18-24,True,20000
CUST_000697,standard,2023-02-28 00:00:00,KSA,25-34,False,5000
CUST_000698,new,2023-02-28 02:00:00,UAE,35-44,True,5000
CUST_000699,new,2023-02-28 04:00:00,Egypt,35-44,True,10000
CUST_000700,standard,2023-02-28 06:00:00,UAE,25-34,False,20000
CUST_000701,standard,2023-02-28 08:00:00,KSA,45+,True,10000
CUST_000702,standard,2023-02-28 10:00:00,UAE,25-34,True,3000
CUST_000703,standard,2023-02-28 12:00:00,KSA,45+,True,3000
CUST_000704,standard,2023-02-28 14:00:00,UAE,35-44,True,10000
CUST_000705,standard,2023-02-28 16:00:00,UAE,35-44,True,5000
CUST_000706,new,2023-02-28 18:00:00,Egypt,18-24,True,3000
CUST_000707,standard,2023-02-28 20:00:00,UAE,25-34,True,5000
CUST_000708,standard,2023-02-28 22:00:00,Egypt,18-24,True,10000
CUST_000709,standard,2023-03-01 00:00:00,Kuwait,35-44,True,3000
CUST_000710,new,2023-03-01 02:00:00,UAE,25-34,False,10000
CUST_000711,standard,2023-03-01 04:00:00,UAE,35-44,True,3000
CUST_000712,standard,2023-03-01 06:00:00,KSA,25-34,True,10000
CUST_000713,standard,2023-03-01 08:00:00,Kuwait,35-44,True,5000
CUST_000714,standard,2023-03-01 10:00:00,Egypt,18-24,True,5000
CUST_000715,premium,2023-03-01 12:00:00,KSA,18-24,True,10000
CUST_000716,new,2023-03-01 14:00:00,KSA,25-34,True,10000
CUST_000717,new,2023-03-01 16:00:00,UAE,25-34,True,20000
CUST_000718,standard,2023-03-01 18:00:00,Kuwait,25-34,False,5000
CUST_000719,standard,2023-03-01 20:00:00,Kuwait,35-44,True,5000
CUST_000720,new,2023-03-01 22:00:00,UAE,18-24,True,5000
CUST_000721,new,2023-03-02 00:00:00,UAE,25-34,True,5000
CUST_000722,standard,2023-03-02 02:00:00,UAE,35-44,True,10000
CUST_000723,standard,2023-03-02 04:00:00,UAE,18-24,True,3000
CUST_000724,standard,2023-03-02 06:00:00,Egypt,45+,True,3000
CUST_000725,standard,2023-03-02 08:00:00,UAE,45+,True,5000
CUST_000726,new,2023-03-02 10:00:00,UAE,18-24,True,3000
CUST_000727,new,2023-03-02 12:00:00,UAE,25-34,True,20000
CUST_000728,new,2023-03-02 14:00:00,Kuwait,25-34,True,5000
CUST_000729,standard,2023-03-02 16:00:00,KSA,35-44,False,5000
CUST_000730,premium,2023-03-02 18:00:00,UAE,25-34,True,10000
CUST_000731,new,2023-03-02 20:00:00,UAE,25-34,True,5000
CUST_000732,new,2023-03-02 22:00:00,Kuwait,35-44,True,5000
CUST_000733,premium,2023-03-03 00:00:00,Egypt,18-24,True,3000
CUST_000734,new,2023-03-03 02:00:00,UAE,35-44,True,5000
CUST_000735,new,2023-03-03 04:00:00,UAE,35-44,True,3000
CUST_000736,standard,2023-03-03 06:00:00,UAE,25-34,True,5000
CUST_000737,standard,2023-03-03 08:00:00,UAE,35-44,True,5000
CUST_000738,standard,2023-03-03 10:00:00,KSA,35-44,False,5000
CUST_000739,premium,2023-03-03 12:00:00,Egypt,25-34,True,5000
CUST_000740,standard,2023-03-03 14:00:00,UAE,25-34,True,3000
CUST_000741,new,2023-03-03 16:00:00,Egypt,25-34,True,20000
CUST_000742,premium,2023-03-03 18:00:00,UAE,18-24,False,3000
CUST_000743,standard,2023-03-03 20:00:00,KSA,45+,True,10000
CUST_000744,standard,2023-03-03 22:00:00,KSA,18-24,True,5000
CUST_000745,standard,2023-03-04 00:00:00,UAE,25-34,True,5000
CUST_000746,new,2023-03-04 02:00:00,UAE,25-34,True,5000
CUST_000747,standard,2023-03-04 04:00:00,KSA,18-24,True,20000
CUST_000748,standard,2023-03-04 06:00:00,UAE,45+,True,3000
CUST_000749,new,2023-03-04 08:00:00,UAE,35-44,True,5000
CUST_000750,standard,2023-03-04 10:00:00,KSA,25-34,True,20000
CUST_000751,standard,2023-03-04 12:00:00,Kuwait,25-34,True,10000
CUST_000752,standard,2023-03-04 14:00:00,UAE,18-24,True,5000
CUST_000753,premium,2023-03-04 16:00:00,Egypt,25-34,True,20000
CUST_000754,standard,2023-03-04 18:00:00,UAE,25-34,True,10000
CUST_000755,standard,2023-03-04 20:00:00,KSA,25-34,True,3000
CUST_000756,standard,2023-03-04 22:00:00,KSA,45+,True,5000
CUST_000757,new,2023-03-05 00:00:00,Egypt,25-34,False,5000
CUST_000758,standard,2023-03-05 02:00:00,UAE,35-44,True,5000
CUST_000759,standard,2023-03-05 04:00:00,KSA,25-34,False,10000
CUST_000760,standard,2023-03-05 06:00:00,KSA,25-34,False,5000
CUST_000761,premium,2023-03-05 08:00:00,UAE,35-44,True,3000
CUST_000762,standard,2023-03-05 10:00:00,UAE,25-34,False,10000
CUST_000763,standard,2023-03-05 12:00:00,UAE,35-44,True,3000
CUST_000764,new,2023-03-05 14:00:00,UAE,25-34,True,20000
CUST_000765,premium,2023-03-05 16:00:00,Egypt,18-24,True,20000
CUST_000766,standard,2023-03-05 18:00:00,UAE,35-44,True,20000
CUST_000767,premium,2023-03-05 20:00:00,UAE,25-34,True,10000
CUST_000768,new,2023-03-05 22:00:00,KSA,35-44,True,3000
CUST_000769,standard,2023-03-06 00:00:00,UAE,45+,True,5000
CUST_000770,standard,2023-03-06 02:00:00,KSA,18-24,True,3000
CUST_000771,premium,2023-03-06 04:00:00,UAE,25-34,True,3000
CUST_000772,new,2023-03-06 06:00:00,Kuwait,25-34,True,5000
CUST_000773,standard,2023-03-06 08:00:00,Egypt,25-34,True,3000
CUST_000774,new,2023-03-06 10:00:00,Egypt,35-44,False,20000
CUST_000775,standard,2023-03-06 12:00:00,UAE,25-34,True,20000
CUST_000776,standard,2023-03-06 14:00:00,KSA,25-34,True,5000
CUST_000777,premium,2023-03-06 16:00:00,UAE,35-44,False,5000
CUST_000778,standard,2023-03-06 18:00:00,UAE,18-24,True,5000
CUST_000779,standard,2023-03-06 20:00:00,UAE,35-44,True,10000
CUST_000780,premium,2023-03-06 22:00:00,KSA,25-34,True,5000
CUST_000781,new,2023-03-07 00:00:00,UAE,45+,True,3000
CUST_000782,standard,2023-03-07 02:00:00,KSA,25-34,False,5000
CUST_000783,standard,2023-03-07 04:00:00,UAE,18-24,True,5000
CUST_000784,standard,2023-03-07 06:00:00,UAE,25-34,True,20000
CUST_000785,standard,2023-03-07 08:00:00,KSA,18-24,True,3000
CUST_000786,standard,2023-03-07 10:00:00,UAE,45+,True,3000
CUST_000787,standard,2023-03-07 12:00:00,KSA,18-24,True,10000
CUST_000788,standard,2023-03-07 14:00:00,UAE,35-44,False,10000
CUST_000789,new,2023-03-07 16:00:00,Egypt,25-34,False,10000
CUST_000790,new,2023-03-07 18:00:00,KSA,25-34,True,5000
CUST_000791,standard,2023-03-07 20:00:00,UAE,18-24,True,5000
CUST_000792,standard,2023-03-07 22:00:00,UAE,25-34,True,5000
CUST_000793,standard,2023-03-08 00:00:00,KSA,25-34,True,3000
CUST_000794,standard,2023-03-08 02:00:00,Egypt,25-34,True,5000
CUST_000795,premium,2023-03-08 04:00:00,UAE,45+,True,3000
CUST_000796,standard,2023-03-08 06:00:00,UAE,25-34,False,5000
CUST_000797,new,2023-03-08 08:00:00,Egypt,25-34,True,20000
CUST_000798,standard,2023-03-08 10:00:00,KSA,25-34,True,5000
CUST_000799,premium,2023-03-08 12:00:00,UAE,18-24,True,20000
CUST_000800,standard,2023-03-08 14:00:00,UAE,45+,True,3000
CUST_000801,standard,2023-03-08 16:00:00,UAE,25-34,True,5000
CUST_000802,standard,2023-03-08 18:00:00,KSA,18-24,True,5000
CUST_000803,premium,2023-03-08 20:00:00,UAE,25-34,True,10000
CUST_000804,premium,2023-03-08 22:00:00,Kuwait,25-34,True,5000
CUST_000805,new,2023-03-09 00:00:00,UAE,25-34,True,10000
CUST_000806,standard,2023-03-09 02:00:00,UAE,25-34,True,3000
CUST_000807,standard,2023-03-09 04:00:00,KSA,18-24,True,20000
CUST_000808,standard,2023-03-09 06:00:00,Egypt,25-34,True,3000
CUST_000809,premium,2023-03-09 08:00:00,Egypt,35-44,True,10000
CUST_000810,standard,2023-03-09 10:00:00,UAE,18-24,False,5000
CUST_000811,new,2023-03-09 12:00:00,KSA,35-44,True,10000
CUST_000812,new,2023-03-09 14:00:00,KSA,18-24,True,5000
CUST_000813,new,2023-03-09 16:00:00,UAE,35-44,False,3000
CUST_000814,standard,2023-03-09 18:00:00,UAE,25-34,True,20000
CUST_000815,standard,2023-03-09 20:00:00,UAE,25-34,True,3000
CUST_000816,standard,2023-03-09 22:00:00,UAE,18-24,True,3000
CUST_000817,standard,2023-03-10 00:00:00,Egypt,18-24,True,10000
CUST_000818,new,2023-03-10 02:00:00,UAE,25-34,False,3000
CUST_000819,premium,2023-03-10 04:00:00,Kuwait,18-24,True,3000
CUST_000820,premium,2023-03-10 06:00:00,KSA,25-34,True,5000
CUST_000821,standard,2023-03-10 08:00:00,KSA,25-34,True,10000
CUST_000822,premium,2023-03-10 10:00:00,KSA,25-34,True,3000
CUST_000823,standard,2023-03-10 12:00:00,UAE,35-44,True,5000
CUST_000824,standard,2023-03-10 14:00:00,UAE,25-34,True,10000
CUST_000825,standard,2023-03-10 16:00:00,UAE,25-34,True,10000
CUST_000826,new,2023-03-10 18:00:00,KSA,25-34,True,20000
CUST_000827,new,2023-03-10 20:00:00,UAE,25-34,False,10000
CUST_000828,standard,2023-03-10 22:00:00,KSA,25-34,True,5000
CUST_000829,standard,2023-03-11 00:00:00,UAE,35-44,True,5000
CUST_000830,standard,2023-03-11 02:00:00,UAE,25-34,True,3000
CUST_000831,standard,2023-03-11 04:00:00,UAE,18-24,False,10000
CUST_000832,standard,2023-03-11 06:00:00,Egypt,25-34,True,20000
CUST_000833,standard,2023-03-11 08:00:00,KSA,25-34,True,10000
CUST_000834,standard,2023-03-11 10:00:00,UAE,35-44,True,3000
CUST_000835,standard,2023-03-11 12:00:00,KSA,35-44,True,5000
CUST_000836,standard,2023-03-11 14:00:00,UAE,18-24,True,5000
CUST_000837,standard,2023-03-11 16:00:00,Kuwait,18-24,True,5000
CUST_000838,new,2023-03-11 18:00:00,KSA,25-34,True,10000
CUST_000839,new,2023-03-11 20:00:00,UAE,25-34,True,5000
CUST_000840,premium,2023-03-11 22:00:00,KSA,25-34,True,3000
CUST_000841,new,2023-03-12 00:00:00,UAE,35-44,False,20000
CUST_000842,standard,2023-03-12 02:00:00,Kuwait,25-34,False,5000
CUST_000843,new,2023-03-12 04:00:00,UAE,25-34,True,3000
CUST_000844,new,2023-03-12 06:00:00,KSA,18-24,True,5000
CUST_000845,standard,2023-03-12 08:00:00,UAE,35-44,True,20000
CUST_000846,premium,2023-03-12 10:00:00,KSA,25-34,False,10000
CUST_000847,standard,2023-03-12 12:00:00,KSA,35-44,True,5000
CUST_000848,standard,2023-03-12 14:00:00,KSA,25-34,False,3000
CUST_000849,standard,2023-03-12 16:00:00,KSA,25-34,True,3000
CUST_000850,standard,2023-03-12 18:00:00,Egypt,35-44,True,3000
CUST_000851,premium,2023-03-12 20:00:00,UAE,35-44,True,5000
CUST_000852,new,2023-03-12 22:00:00,UAE,25-34,True,5000
CUST_000853,new,2023-03-13 00:00:00,UAE,25-34,False,5000
CUST_000854,standard,2023-03-13 02:00:00,Kuwait,35-44,True,10000
CUST_000855,standard,2023-03-13 04:00:00,UAE,25-34,True,3000
CUST_000856,standard,2023-03-13 06:00:00,KSA,18-24,True,3000
CUST_000857,premium,2023-03-13 08:00:00,KSA,45+,True,5000
CUST_000858,new,2023-03-13 10:00:00,UAE,18-24,True,3000
CUST_000859,premium,2023-03-13 12:00:00,UAE,18-24,True,3000
CUST_000860,standard,2023-03-13 14:00:00,UAE,18-24,False,5000
CUST_000861,standard,2023-03-13 16:00:00,UAE,25-34,True,10000
CUST_000862,standard,2023-03-13 18:00:00,UAE,25-34,True,10000
CUST_000863,standard,2023-03-13 20:00:00,UAE,25-34,True,10000
CUST_000864,new,2023-03-13 22:00:00,Egypt,25-34,True,5000
CUST_000865,standard,2023-03-14 00:00:00,Kuwait,25-34,True,10000
CUST_000866,premium,2023-03-14 02:00:00,UAE,25-34,True,3000
CUST_000867,premium,2023-03-14 04:00:00,UAE,18-24,True,20000
CUST_000868,new,2023-03-14 06:00:00,UAE,45+,True,3000
CUST_000869,new,2023-03-14 08:00:00,KSA,25-34,True,3000
CUST_000870,standard,2023-03-14 10:00:00,Egypt,45+,True,3000
CUST_000871,standard,2023-03-14 12:00:00,UAE,18-24,False,20000
CUST_000872,standard,2023-03-14 14:00:00,UAE,35-44,True,20000
CUST_000873,standard,2023-03-14 16:00:00,KSA,25-34,True,10000
CUST_000874,new,2023-03-14 18:00:00,KSA,18-24,True,5000
CUST_000875,standard,2023-03-14 20:00:00,UAE,35-44,True,5000
CUST_000876,standard,2023-03-14 22:00:00,KSA,35-44,True,20000
CUST_000877,standard,2023-03-15 00:00:00,UAE,25-34,True,5000
CUST_000878,premium,2023-03-15 02:00:00,UAE,35-44,True,20000
CUST_000879,standard,2023-03-15 04:00:00,KSA,25-34,True,5000
CUST_000880,new,2023-03-15 06:00:00,Egypt,35-44,True,5000
CUST_000881,premium,2023-03-15 08:00:00,UAE,25-34,True,10000
CUST_000882,standard,2023-03-15 10:00:00,Egypt,25-34,True,3000
CUST_000883,standard,2023-03-15 12:00:00,UAE,25-34,True,20000
CUST_000884,standard,2023-03-15 14:00:00,KSA,25-34,True,5000
CUST_000885,standard,2023-03-15 16:00:00,UAE,35-44,True,20000
CUST_000886,standard,2023-03-15 18:00:00,Egypt,18-24,True,5000
CUST_000887,new,2023-03-15 20:00:00,Egypt,18-24,True,10000
CUST_000888,standard,2023-03-15 22:00:00,UAE,25-34,True,5000
CUST_000889,standard,2023-03-16 00:00:00,Egypt,25-34,True,5000
CUST_000890,standard,2023-03-16 02:00:00,Egypt,18-24,True,5000
CUST_000891,standard,2023-03-16 04:00:00,KSA,25-34,False,20000
CUST_000892,new,2023-03-16 06:00:00,UAE,45+,True,5000
CUST_000893,new,2023-03-16 08:00:00,Egypt,25-34,False,3000
CUST_000894,standard,2023-03-16 10:00:00,Egypt,25-34,True,20000
CUST_000895,premium,2023-03-16 12:00:00,UAE,35-44,True,3000
CUST_000896,standard,2023-03-16 14:00:00,Kuwait,25-34,False,5000
CUST_000897,standard,2023-03-16 16:00:00,UAE,45+,True,3000
CUST_000898,premium,2023-03-16 18:00:00,UAE,35-44,True,10000
CUST_000899,standard,2023-03-16 20:00:00,KSA,25-34,True,3000
CUST_000900,standard,2023-03-16 22:00:00,KSA,25-34,True,3000
CUST_000901,standard,2023-03-17 00:00:00,KSA,25-34,True,20000
CUST_000902,new,2023-03-17 02:00:00,UAE,25-34,False,10000
CUST_000903,premium,2023-03-17 04:00:00,Kuwait,35-44,False,3000
CUST_000904,premium,2023-03-17 06:00:00,UAE,25-34,True,10000
CUST_000905,new,2023-03-17 08:00:00,UAE,25-34,True,20000
CUST_000906,standard,2023-03-17 10:00:00,UAE,25-34,True,3000
CUST_000907,standard,2023-03-17 12:00:00,KSA,18-24,False,10000
CUST_000908,standard,2023-03-17 14:00:00,Egypt,18-24,True,5000
CUST_000909,standard,2023-03-17 16:00:00,KSA,35-44,True,5000
CUST_000910,new,2023-03-17 18:00:00,Egypt,25-34,True,5000
CUST_000911,new,2023-03-17 20:00:00,UAE,25-34,True,5000
CUST_000912,standard,2023-03-17 22:00:00,KSA,25-34,True,3000
CUST_000913,standard,2023-03-18 00:00:00,UAE,35-44,False,10000
CUST_000914,standard,2023-03-18 02:00:00,UAE,25-34,True,3000
CUST_000915,standard,2023-03-18 04:00:00,UAE,35-44,False,5000
CUST_000916,premium,2023-03-18 06:00:00,KSA,25-34,True,3000
CUST_000917,new,2023-03-18 08:00:00,KSA,45+,True,10000
CUST_000918,premium,2023-03-18 10:00:00,KSA,25-34,True,5000
CUST_000919,new,2023-03-18 12:00:00,UAE,25-34,True,5000
CUST_000920,standard,2023-03-18 14:00:00,UAE,25-34,False,5000
CUST_000921,standard,2023-03-18 16:00:00,KSA,25-34,True,10000
CUST_000922,standard,2023-03-18 18:00:00,UAE,18-24,True,5000
CUST_000923,new,2023-03-18 20:00:00,Egypt,25-34,True,10000
CUST_000924,new,2023-03-18 22:00:00,KSA,25-34,True,3000
CUST_000925,new,2023-03-19 00:00:00,UAE,18-24,False,3000
CUST_000926,standard,2023-03-19 02:00:00,Kuwait,45+,True,5000
CUST_000927,standard,2023-03-19 04:00:00,KSA,25-34,True,20000
CUST_000928,new,2023-03-19 06:00:00,UAE,35-44,True,3000
CUST_000929,standard,2023-03-19 08:00:00,KSA,25-34,True,3000
CUST_000930,standard,2023-03-19 10:00:00,UAE,25-34,True,3000
CUST_000931,standard,2023-03-19 12:00:00,Egypt,25-34,True,5000
CUST_000932,new,2023-03-19 14:00:00,Egypt,25-34,True,5000
CUST_000933,new,2023-03-19 16:00:00,Kuwait,45+,True,10000
CUST_000934,premium,2023-03-19 18:00:00,KSA,25-34,False,3000
CUST_000935,new,2023-03-19 20:00:00,UAE,35-44,True,3000
CUST_000936,new,2023-03-19 22:00:00,KSA,45+,True,5000
CUST_000937,standard,2023-03-20 00:00:00,UAE,25-34,False,5000
CUST_000938,standard,2023-03-20 02:00:00,KSA,45+,True,5000
CUST_000939,new,2023-03-20 04:00:00,KSA,25-34,False,3000
CUST_000940,premium,2023-03-20 06:00:00,UAE,45+,False,20000
CUST_000941,standard,2023-03-20 08:00:00,UAE,35-44,True,5000
CUST_000942,standard,2023-03-20 10:00:00,Egypt,18-24,True,10000
CUST_000943,new,2023-03-20 12:00:00,Egypt,45+,True,5000
CUST_000944,new,2023-03-20 14:00:00,UAE,25-34,True,3000
CUST_000945,new,2023-03-20 16:00:00,UAE,25-34,True,10000
CUST_000946,standard,2023-03-20 18:00:00,UAE,25-34,True,10000
CUST_000947,new,2023-03-20 20:00:00,Egypt,18-24,True,5000
CUST_000948,new,2023-03-20 22:00:00,UAE,25-34,True,5000
CUST_000949,standard,2023-03-21 00:00:00,KSA,35-44,True,3000
CUST_000950,new,2023-03-21 02:00:00,UAE,18-24,False,5000
CUST_000951,premium,2023-03-21 04:00:00,KSA,25-34,True,5000
CUST_000952,standard,2023-03-21 06:00:00,UAE,18-24,True,10000
CUST_000953,standard,2023-03-21 08:00:00,KSA,25-34,False,3000
CUST_000954,premium,2023-03-21 10:00:00,UAE,35-44,True,3000
CUST_000955,premium,2023-03-21 12:00:00,KSA,35-44,True,3000
CUST_000956,standard,2023-03-21 14:00:00,UAE,45+,True,3000
CUST_000957,standard,2023-03-21 16:00:00,KSA,25-34,True,5000
CUST_000958,new,2023-03-21 18:00:00,Egypt,25-34,True,3000
CUST_000959,premium,2023-03-21 20:00:00,UAE,45+,True,10000
CUST_000960,standard,2023-03-21 22:00:00,Egypt,35-44,True,3000
CUST_000961,standard,2023-03-22 00:00:00,KSA,25-34,True,10000
CUST_000962,new,2023-03-22 02:00:00,UAE,25-34,False,5000
CUST_000963,standard,2023-03-22 04:00:00,UAE,45+,True,20000
CUST_000964,standard,2023-03-22 06:00:00,UAE,35-44,False,20000
CUST_000965,new,2023-03-22 08:00:00,KSA,25-34,True,10000
CUST_000966,standard,2023-03-22 10:00:00,KSA,35-44,True,10000
CUST_000967,standard,2023-03-22 12:00:00,UAE,18-24,False,5000
CUST_000968,premium,2023-03-22 14:00:00,KSA,25-34,True,10000
CUST_000969,new,2023-03-22 16:00:00,Egypt,25-34,True,20000
CUST_000970,premium,2023-03-22 18:00:00,Egypt,18-24,True,3000
CUST_000971,new,2023-03-22 20:00:00,KSA,18-24,True,5000
CUST_000972,standard,2023-03-22 22:00:00,Kuwait,18-24,True,3000
CUST_000973,new,2023-03-23 00:00:00,KSA,25-34,True,5000
CUST_000974,new,2023-03-23 02:00:00,UAE,35-44,True,5000
CUST_000975,new,2023-03-23 04:00:00,Egypt,45+,True,5000
CUST_000976,standard,2023-03-23 06:00:00,UAE,25-34,True,5000
CUST_000977,new,2023-03-23 08:00:00,UAE,25-34,True,20000
CUST_000978,standard,2023-03-23 10:00:00,UAE,45+,False,5000
CUST_000979,standard,2023-03-23 12:00:00,Egypt,18-24,True,10000
CUST_000980,standard,2023-03-23 14:00:00,Egypt,35-44,True,5000
CUST_000981,new,2023-03-23 16:00:00,UAE,35-44,True,5000
CUST_000982,new,2023-03-23 18:00:00,UAE,18-24,True,5000
CUST_000983,new,2023-03-23 20:00:00,UAE,35-44,True,3000
CUST_000984,standard,2023-03-23 22:00:00,KSA,35-44,True,5000
CUST_000985,standard,2023-03-24 00:00:00,UAE,18-24,True,5000
CUST_000986,new,2023-03-24 02:00:00,KSA,18-24,True,5000
CUST_000987,standard,2023-03-24 04:00:00,UAE,18-24,True,5000
CUST_000988,premium,2023-03-24 06:00:00,UAE,25-34,True,5000
CUST_000989,standard,2023-03-24 08:00:00,UAE,25-34,True,5000
CUST_000990,standard,2023-03-24 10:00:00,UAE,25-34,True,5000
CUST_000991,standard,2023-03-24 12:00:00,Egypt,25-34,True,3000
CUST_000992,standard,2023-03-24 14:00:00,UAE,45+,True,3000
CUST_000993,premium,2023-03-24 16:00:00,UAE,25-34,False,3000
CUST_000994,premium,2023-03-24 18:00:00,UAE,18-24,False,3000
CUST_000995,new,2023-03-24 20:00:00,UAE,25-34,False,3000
CUST_000996,standard,2023-03-24 22:00:00,UAE,25-34,True,3000
CUST_000997,standard,2023-03-25 00:00:00,UAE,25-34,True,3000
CUST_000998,standard,2023-03-25 02:00:00,KSA,25-34,True,5000
CUST_000999,standard,2023-03-25 04:00:00,KSA,18-24,True,3000
CUST_001000,new,2023-03-25 06:00:00,UAE,35-44,True,5000
CUST_001001,new,2023-03-25 08:00:00,UAE,45+,True,20000
CUST_001002,premium,2023-03-25 10:00:00,Kuwait,25-34,True,10000
CUST_001003,standard,2023-03-25 12:00:00,UAE,25-34,True,5000
CUST_001004,new,2023-03-25 14:00:00,UAE,25-34,False,20000
CUST_001005,new,2023-03-25 16:00:00,UAE,35-44,True,5000
CUST_001006,standard,2023-03-25 18:00:00,UAE,25-34,True,3000
CUST_001007,standard,2023-03-25 20:00:00,KSA,45+,True,20000
CUST_001008,standard,2023-03-25 22:00:00,UAE,25-34,False,10000
CUST_001009,new,2023-03-26 00:00:00,KSA,25-34,True,5000
CUST_001010,standard,2023-03-26 02:00:00,UAE,25-34,False,5000
CUST_001011,new,2023-03-26 04:00:00,UAE,45+,True,5000
CUST_001012,standard,2023-03-26 06:00:00,KSA,35-44,True,3000
CUST_001013,standard,2023-03-26 08:00:00,UAE,18-24,True,3000
CUST_001014,standard,2023-03-26 10:00:00,KSA,25-34,True,5000
CUST_001015,standard,2023-03-26 12:00:00,UAE,25-34,False,20000
CUST_001016,standard,2023-03-26 14:00:00,KSA,25-34,False,3000
CUST_001017,standard,2023-03-26 16:00:00,UAE,35-44,True,10000
CUST_001018,standard,2023-03-26 18:00:00,Egypt,35-44,True,3000
CUST_001019,new,2023-03-26 20:00:00,UAE,35-44,True,5000
CUST_001020,standard,2023-03-26 22:00:00,Egypt,45+,False,5000
CUST_001021,premium,2023-03-27 00:00:00,UAE,25-34,True,5000
CUST_001022,new,2023-03-27 02:00:00,KSA,35-44,True,3000
CUST_001023,new,2023-03-27 04:00:00,UAE,35-44,True,5000
CUST_001024,new,2023-03-27 06:00:00,Egypt,25-34,True,5000
CUST_001025,new,2023-03-27 08:00:00,UAE,35-44,True,3000
CUST_001026,standard,2023-03-27 10:00:00,UAE,18-24,True,3000
CUST_001027,standard,2023-03-27 12:00:00,UAE,35-44,True,5000
CUST_001028,new,2023-03-27 14:00:00,UAE,25-34,True,5000
CUST_001029,standard,2023-03-27 16:00:00,UAE,25-34,True,3000
CUST_001030,standard,2023-03-27 18:00:00,Egypt,25-34,True,5000
CUST_001031,new,2023-03-27 20:00:00,Kuwait,25-34,True,20000
CUST_001032,standard,2023-03-27 22:00:00,UAE,25-34,True,3000
CUST_001033,standard,2023-03-28 00:00:00,Egypt,18-24,True,5000
CUST_001034,standard,2023-03-28 02:00:00,KSA,25-34,False,3000
CUST_001035,standard,2023-03-28 04:00:00,UAE,25-34,True,3000
CUST_001036,standard,2023-03-28 06:00:00,KSA,35-44,False,3000
CUST_001037,premium,2023-03-28 08:00:00,KSA,45+,False,5000
CUST_001038,new,2023-03-28 10:00:00,Kuwait,25-34,True,10000
CUST_001039,standard,2023-03-28 12:00:00,UAE,35-44,True,3000
CUST_001040,premium,2023-03-28 14:00:00,KSA,25-34,True,5000
CUST_001041,new,2023-03-28 16:00:00,UAE,35-44,True,5000
CUST_001042,new,2023-03-28 18:00:00,UAE,25-34,True,3000
CUST_001043,new,2023-03-28 20:00:00,UAE,25-34,True,5000
CUST_001044,new,2023-03-28 22:00:00,Kuwait,25-34,True,10000
CUST_001045,standard,2023-03-29 00:00:00,Egypt,18-24,True,10000
CUST_001046,standard,2023-03-29 02:00:00,KSA,35-44,True,10000
CUST_001047,premium,2023-03-29 04:00:00,KSA,35-44,False,5000
CUST_001048,standard,2023-03-29 06:00:00,UAE,25-34,True,10000
CUST_001049,standard,2023-03-29 08:00:00,UAE,25-34,False,3000
CUST_001050,standard,2023-03-29 10:00:00,UAE,35-44,True,10000
CUST_001051,new,2023-03-29 12:00:00,UAE,35-44,True,20000
CUST_001052,standard,2023-03-29 14:00:00,KSA,25-34,False,3000
CUST_001053,premium,2023-03-29 16:00:00,KSA,25-34,False,5000
CUST_001054,standard,2023-03-29 18:00:00,UAE,25-34,True,5000
CUST_001055,standard,2023-03-29 20:00:00,UAE,25-34,True,10000
CUST_001056,premium,2023-03-29 22:00:00,UAE,18-24,True,3000
CUST_001057,new,2023-03-30 00:00:00,UAE,25-34,True,20000
CUST_001058,standard,2023-03-30 02:00:00,Egypt,35-44,True,5000
CUST_001059,standard,2023-03-30 04:00:00,KSA,25-34,False,3000
CUST_001060,standard,2023-03-30 06:00:00,Egypt,45+,True,3000
CUST_001061,new,2023-03-30 08:00:00,UAE,35-44,True,10000
CUST_001062,standard,2023-03-30 10:00:00,UAE,45+,True,3000
CUST_001063,standard,2023-03-30 12:00:00,UAE,25-34,False,3000
CUST_001064,standard,2023-03-30 14:00:00,Egypt,35-44,False,5000
CUST_001065,standard,2023-03-30 16:00:00,KSA,18-24,True,5000
CUST_001066,new,2023-03-30 18:00:00,UAE,25-34,True,5000
CUST_001067,new,2023-03-30 20:00:00,KSA,25-34,True,5000
CUST_001068,standard,2023-03-30 22:00:00,UAE,25-34,True,10000
CUST_001069,new,2023-03-31 00:00:00,KSA,35-44,True,20000
CUST_001070,new,2023-03-31 02:00:00,Egypt,35-44,False,3000
CUST_001071,new,2023-03-31 04:00:00,KSA,18-24,False,10000
CUST_001072,new,2023-03-31 06:00:00,KSA,25-34,True,20000
CUST_001073,standard,2023-03-31 08:00:00,UAE,25-34,True,5000
CUST_001074,standard,2023-03-31 10:00:00,UAE,25-34,True,5000
CUST_001075,standard,2023-03-31 12:00:00,UAE,35-44,True,3000
CUST_001076,new,2023-03-31 14:00:00,UAE,25-34,True,5000
CUST_001077,standard,2023-03-31 16:00:00,KSA,45+,True,5000
CUST_001078,new,2023-03-31 18:00:00,KSA,18-24,True,10000
CUST_001079,new,2023-03-31 20:00:00,UAE,25-34,True,20000
CUST_001080,premium,2023-03-31 22:00:00,Egypt,25-34,True,3000
CUST_001081,new,2023-04-01 00:00:00,UAE,25-34,True,3000
CUST_001082,premium,2023-04-01 02:00:00,UAE,25-34,True,3000
CUST_001083,standard,2023-04-01 04:00:00,UAE,35-44,True,10000
CUST_001084,new,2023-04-01 06:00:00,UAE,35-44,True,3000
CUST_001085,standard,2023-04-01 08:00:00,UAE,25-34,True,5000
CUST_001086,new,2023-04-01 10:00:00,UAE,25-34,True,5000
CUST_001087,new,2023-04-01 12:00:00,UAE,18-24,True,5000
CUST_001088,standard,2023-04-01 14:00:00,Kuwait,25-34,False,3000
CUST_001089,premium,2023-04-01 16:00:00,UAE,25-34,True,10000
CUST_001090,standard,2023-04-01 18:00:00,UAE,18-24,True,5000
CUST_001091,standard,2023-04-01 20:00:00,UAE,35-44,True,20000
CUST_001092,new,2023-04-01 22:00:00,KSA,35-44,True,5000
CUST_001093,standard,2023-04-02 00:00:00,UAE,45+,False,3000
CUST_001094,standard,2023-04-02 02:00:00,Egypt,25-34,False,3000
CUST_001095,standard,2023-04-02 04:00:00,KSA,45+,False,20000
CUST_001096,standard,2023-04-02 06:00:00,KSA,25-34,True,10000
CUST_001097,new,2023-04-02 08:00:00,KSA,25-34,True,3000
CUST_001098,premium,2023-04-02 10:00:00,UAE,45+,True,10000
CUST_001099,new,2023-04-02 12:00:00,UAE,25-34,True,5000
CUST_001100,standard,2023-04-02 14:00:00,UAE,18-24,True,5000
CUST_001101,new,2023-04-02 16:00:00,KSA,35-44,False,3000
CUST_001102,standard,2023-04-02 18:00:00,UAE,45+,False,10000
CUST_001103,standard,2023-04-02 20:00:00,UAE,35-44,True,3000
CUST_001104,new,2023-04-02 22:00:00,Kuwait,25-34,True,3000
CUST_001105,premium,2023-04-03 00:00:00,UAE,25-34,True,5000
CUST_001106,new,2023-04-03 02:00:00,Egypt,45+,True,3000
CUST_001107,standard,2023-04-03 04:00:00,KSA,18-24,True,5000
CUST_001108,premium,2023-04-03 06:00:00,UAE,25-34,False,3000
CUST_001109,standard,2023-04-03 08:00:00,UAE,25-34,True,5000
CUST_001110,new,2023-04-03 10:00:00,UAE,25-34,True,20000
CUST_001111,premium,2023-04-03 12:00:00,KSA,25-34,True,5000
CUST_001112,standard,2023-04-03 14:00:00,KSA,18-24,True,5000
CUST_001113,standard,2023-04-03 16:00:00,KSA,25-34,False,5000
CUST_001114,standard,2023-04-03 18:00:00,Egypt,25-34,True,5000
CUST_001115,premium,2023-04-03 20:00:00,KSA,18-24,False,10000
CUST_001116,new,2023-04-03 22:00:00,UAE,25-34,True,3000
CUST_001117,new,2023-04-04 00:00:00,UAE,35-44,True,10000
CUST_001118,new,2023-04-04 02:00:00,Egypt,25-34,True,10000
CUST_001119,new,2023-04-04 04:00:00,UAE,25-34,True,10000
CUST_001120,premium,2023-04-04 06:00:00,UAE,45+,True,3000
CUST_001121,new,2023-04-04 08:00:00,KSA,25-34,True,3000
CUST_001122,premium,2023-04-04 10:00:00,UAE,25-34,True,5000
CUST_001123,premium,2023-04-04 12:00:00,Egypt,25-34,True,10000
CUST_001124,standard,2023-04-04 14:00:00,KSA,35-44,False,5000
CUST_001125,standard,2023-04-04 16:00:00,UAE,45+,False,3000
CUST_001126,new,2023-04-04 18:00:00,Egypt,45+,True,3000
CUST_001127,standard,2023-04-04 20:00:00,UAE,35-44,False,5000
CUST_001128,standard,2023-04-04 22:00:00,UAE,25-34,True,10000
CUST_001129,standard,2023-04-05 00:00:00,UAE,18-24,True,3000
CUST_001130,new,2023-04-05 02:00:00,UAE,25-34,True,3000
CUST_001131,standard,2023-04-05 04:00:00,UAE,18-24,False,5000
CUST_001132,standard,2023-04-05 06:00:00,UAE,35-44,True,5000
CUST_001133,standard,2023-04-05 08:00:00,UAE,25-34,True,10000
CUST_001134,new,2023-04-05 10:00:00,UAE,18-24,True,10000
CUST_001135,standard,2023-04-05 12:00:00,KSA,35-44,True,5000
CUST_001136,standard,2023-04-05 14:00:00,Egypt,25-34,True,3000
CUST_001137,premium,2023-04-05 16:00:00,UAE,25-34,True,5000
CUST_001138,standard,2023-04-05 18:00:00,UAE,25-34,True,20000
CUST_001139,standard,2023-04-05 20:00:00,UAE,25-34,False,20000
CUST_001140,standard,2023-04-05 22:00:00,UAE,25-34,True,10000
CUST_001141,new,2023-04-06 00:00:00,KSA,18-24,False,5000
CUST_001142,standard,2023-04-06 02:00:00,KSA,25-34,True,10000
CUST_001143,standard,2023-04-06 04:00:00,UAE,35-44,True,10000
CUST_001144,new,2023-04-06 06:00:00,UAE,45+,True,5000
CUST_001145,standard,2023-04-06 08:00:00,UAE,25-34,True,3000
CUST_001146,standard,2023-04-06 10:00:00,KSA,25-34,False,20000
CUST_001147,standard,2023-04-06 12:00:00,UAE,35-44,True,5000
CUST_001148,standard,2023-04-06 14:00:00,Kuwait,45+,False,3000
CUST_001149,new,2023-04-06 16:00:00,KSA,25-34,True,3000
CUST_001150,standard,2023-04-06 18:00:00,UAE,25-34,True,5000
CUST_001151,new,2023-04-06 20:00:00,KSA,35-44,True,5000
CUST_001152,standard,2023-04-06 22:00:00,Egypt,25-34,True,3000
CUST_001153,standard,2023-04-07 00:00:00,KSA,18-24,True,10000
CUST_001154,premium,2023-04-07 02:00:00,UAE,25-34,True,10000
CUST_001155,standard,2023-04-07 04:00:00,UAE,18-24,True,10000
CUST_001156,standard,2023-04-07 06:00:00,Egypt,25-34,True,3000
CUST_001157,new,2023-04-07 08:00:00,KSA,25-34,True,5000
CUST_001158,standard,2023-04-07 10:00:00,KSA,35-44,False,3000
CUST_001159,new,2023-04-07 12:00:00,Egypt,25-34,True,5000
CUST_001160,standard,2023-04-07 14:00:00,Egypt,25-34,True,5000
CUST_001161,new,2023-04-07 16:00:00,Egypt,25-34,True,10000
CUST_001162,new,2023-04-07 18:00:00,UAE,35-44,True,5000
CUST_001163,new,2023-04-07 20:00:00,KSA,18-24,True,3000
CUST_001164,new,2023-04-07 22:00:00,KSA,25-34,True,5000
CUST_001165,new,2023-04-08 00:00:00,KSA,18-24,True,5000
CUST_001166,standard,2023-04-08 02:00:00,KSA,35-44,True,20000
CUST_001167,premium,2023-04-08 04:00:00,UAE,25-34,True,20000
CUST_001168,premium,2023-04-08 06:00:00,KSA,25-34,True,3000
CUST_001169,new,2023-04-08 08:00:00,KSA,25-34,True,3000
CUST_001170,standard,2023-04-08 10:00:00,UAE,35-44,True,3000
CUST_001171,new,2023-04-08 12:00:00,UAE,25-34,True,10000
CUST_001172,standard,2023-04-08 14:00:00,UAE,35-44,True,3000
CUST_001173,premium,2023-04-08 16:00:00,UAE,35-44,True,3000
CUST_001174,premium,2023-04-08 18:00:00,UAE,45+,True,5000
CUST_001175,standard,2023-04-08 20:00:00,UAE,25-34,True,3000
CUST_001176,standard,2023-04-08 22:00:00,KSA,45+,False,3000
CUST_001177,standard,2023-04-09 00:00:00,KSA,18-24,True,5000
CUST_001178,standard,2023-04-09 02:00:00,KSA,25-34,True,3000
CUST_001179,premium,2023-04-09 04:00:00,Egypt,35-44,True,5000
CUST_001180,standard,2023-04-09 06:00:00,UAE,25-34,True,20000
CUST_001181,standard,2023-04-09 08:00:00,UAE,25-34,True,3000
CUST_001182,new,2023-04-09 10:00:00,Egypt,25-34,True,5000
CUST_001183,standard,2023-04-09 12:00:00,UAE,25-34,False,20000
CUST_001184,standard,2023-04-09 14:00:00,Kuwait,25-34,True,10000
CUST_001185,premium,2023-04-09 16:00:00,Egypt,35-44,True,5000
CUST_001186,premium,2023-04-09 18:00:00,KSA,35-44,True,5000
CUST_001187,standard,2023-04-09 20:00:00,Kuwait,25-34,False,3000
CUST_001188,standard,2023-04-09 22:00:00,UAE,25-34,True,10000
CUST_001189,standard,2023-04-10 00:00:00,UAE,45+,True,20000
CUST_001190,standard,2023-04-10 02:00:00,KSA,25-34,True,5000
CUST_001191,standard,2023-04-10 04:00:00,UAE,18-24,True,5000
CUST_001192,new,2023-04-10 06:00:00,Egypt,18-24,True,3000
CUST_001193,new,2023-04-10 08:00:00,UAE,25-34,False,5000
CUST_001194,premium,2023-04-10 10:00:00,KSA,18-24,True,5000
CUST_001195,standard,2023-04-10 12:00:00,KSA,18-24,True,5000
CUST_001196,premium,2023-04-10 14:00:00,KSA,25-34,True,3000
CUST_001197,standard,2023-04-10 16:00:00,UAE,25-34,True,5000
CUST_001198,new,2023-04-10 18:00:00,UAE,25-34,True,5000
CUST_001199,premium,2023-04-10 20:00:00,Egypt,35-44,True,3000
CUST_001200,standard,2023-04-10 22:00:00,UAE,35-44,True,3000
CUST_001201,standard,2023-04-11 00:00:00,Egypt,25-34,True,3000
CUST_001202,new,2023-04-11 02:00:00,KSA,25-34,True,10000
CUST_001203,standard,2023-04-11 04:00:00,KSA,45+,True,5000
CUST_001204,premium,2023-04-11 06:00:00,KSA,18-24,True,10000
CUST_001205,standard,2023-04-11 08:00:00,UAE,35-44,True,3000
CUST_001206,standard,2023-04-11 10:00:00,KSA,18-24,True,20000
CUST_001207,premium,2023-04-11 12:00:00,Egypt,45+,False,10000
CUST_001208,standard,2023-04-11 14:00:00,UAE,25-34,True,5000
CUST_001209,premium,2023-04-11 16:00:00,Kuwait,25-34,True,3000
CUST_001210,premium,2023-04-11 18:00:00,UAE,35-44,True,3000
CUST_001211,standard,2023-04-11 20:00:00,UAE,25-34,True,20000
CUST_001212,premium,2023-04-11 22:00:00,UAE,25-34,True,5000
CUST_001213,standard,2023-04-12 00:00:00,Kuwait,25-34,True,5000
CUST_001214,standard,2023-04-12 02:00:00,UAE,35-44,True,3000
CUST_001215,new,2023-04-12 04:00:00,Egypt,18-24,True,10000
CUST_001216,standard,2023-04-12 06:00:00,Egypt,18-24,True,3000
CUST_001217,standard,2023-04-12 08:00:00,UAE,25-34,True,5000
CUST_001218,premium,2023-04-12 10:00:00,UAE,18-24,False,5000
CUST_001219,standard,2023-04-12 12:00:00,KSA,25-34,True,5000
CUST_001220,new,2023-04-12 14:00:00,UAE,25-34,True,5000
CUST_001221,premium,2023-04-12 16:00:00,KSA,25-34,True,5000
CUST_001222,new,2023-04-12 18:00:00,UAE,18-24,True,10000
CUST_001223,premium,2023-04-12 20:00:00,UAE,25-34,True,10000
CUST_001224,standard,2023-04-12 22:00:00,KSA,18-24,True,10000
CUST_001225,new,2023-04-13 00:00:00,UAE,18-24,True,3000
CUST_001226,new,2023-04-13 02:00:00,UAE,18-24,True,10000
CUST_001227,new,2023-04-13 04:00:00,UAE,45+,True,3000
CUST_001228,new,2023-04-13 06:00:00,UAE,18-24,True,3000
CUST_001229,standard,2023-04-13 08:00:00,KSA,35-44,True,20000
CUST_001230,new,2023-04-13 10:00:00,Egypt,18-24,True,10000
CUST_001231,premium,2023-04-13 12:00:00,UAE,18-24,True,5000
CUST_001232,new,2023-04-13 14:00:00,KSA,25-34,False,10000
CUST_001233,standard,2023-04-13 16:00:00,KSA,25-34,True,20000
CUST_001234,new,2023-04-13 18:00:00,UAE,45+,True,5000
CUST_001235,standard,2023-04-13 20:00:00,UAE,45+,True,5000
CUST_001236,standard,2023-04-13 22:00:00,Egypt,35-44,True,10000
CUST_001237,standard,2023-04-14 00:00:00,KSA,25-34,True,3000
CUST_001238,new,2023-04-14 02:00:00,KSA,25-34,True,3000
CUST_001239,premium,2023-04-14 04:00:00,KSA,25-34,True,10000
CUST_001240,premium,2023-04-14 06:00:00,UAE,45+,True,5000
CUST_001241,standard,2023-04-14 08:00:00,KSA,25-34,False,3000
CUST_001242,standard,2023-04-14 10:00:00,KSA,25-34,False,5000
CUST_001243,new,2023-04-14 12:00:00,KSA,25-34,False,5000
CUST_001244,standard,2023-04-14 14:00:00,UAE,18-24,True,20000
CUST_001245,new,2023-04-14 16:00:00,UAE,45+,False,5000
CUST_001246,standard,2023-04-14 18:00:00,UAE,25-34,True,5000
CUST_001247,standard,2023-04-14 20:00:00,Kuwait,25-34,True,20000
CUST_001248,new,2023-04-14 22:00:00,UAE,18-24,True,20000
CUST_001249,standard,2023-04-15 00:00:00,UAE,35-44,True,5000
CUST_001250,standard,2023-04-15 02:00:00,UAE,18-24,False,20000
CUST_001251,standard,2023-04-15 04:00:00,UAE,35-44,True,5000
CUST_001252,new,2023-04-15 06:00:00,KSA,18-24,True,3000
CUST_001253,standard,2023-04-15 08:00:00,KSA,35-44,True,3000
CUST_001254,new,2023-04-15 10:00:00,KSA,35-44,False,5000
CUST_001255,new,2023-04-15 12:00:00,UAE,18-24,True,5000
CUST_001256,standard,2023-04-15 14:00:00,KSA,25-34,False,5000
CUST_001257,standard,2023-04-15 16:00:00,UAE,25-34,True,5000
CUST_001258,standard,2023-04-15 18:00:00,UAE,18-24,True,3000
CUST_001259,premium,2023-04-15 20:00:00,UAE,35-44,True,3000
CUST_001260,premium,2023-04-15 22:00:00,UAE,25-34,True,5000
CUST_001261,standard,2023-04-16 00:00:00,UAE,25-34,True,3000
CUST_001262,standard,2023-04-16 02:00:00,KSA,18-24,True,5000
CUST_001263,new,2023-04-16 04:00:00,KSA,25-34,True,5000
CUST_001264,new,2023-04-16 06:00:00,Egypt,35-44,True,5000
CUST_001265,new,2023-04-16 08:00:00,UAE,25-34,True,5000
CUST_001266,standard,2023-04-16 10:00:00,UAE,45+,True,5000
CUST_001267,standard,2023-04-16 12:00:00,UAE,45+,True,10000
CUST_001268,standard,2023-04-16 14:00:00,Kuwait,18-24,True,20000
CUST_001269,new,2023-04-16 16:00:00,KSA,18-24,True,10000
CUST_001270,premium,2023-04-16 18:00:00,KSA,35-44,True,5000
CUST_001271,new,2023-04-16 20:00:00,UAE,25-34,True,3000
CUST_001272,standard,2023-04-16 22:00:00,KSA,18-24,True,5000
CUST_001273,standard,2023-04-17 00:00:00,UAE,25-34,True,20000
CUST_001274,new,2023-04-17 02:00:00,KSA,25-34,False,3000
CUST_001275,standard,2023-04-17 04:00:00,Egypt,35-44,True,3000
CUST_001276,new,2023-04-17 06:00:00,Kuwait,18-24,False,3000
CUST_001277,new,2023-04-17 08:00:00,KSA,18-24,True,10000
CUST_001278,standard,2023-04-17 10:00:00,UAE,45+,True,5000
CUST_001279,standard,2023-04-17 12:00:00,Egypt,35-44,True,3000
CUST_001280,standard,2023-04-17 14:00:00,KSA,25-34,True,10000
CUST_001281,new,2023-04-17 16:00:00,UAE,35-44,True,5000
CUST_001282,standard,2023-04-17 18:00:00,UAE,25-34,True,5000
CUST_001283,standard,2023-04-17 20:00:00,UAE,35-44,False,5000
CUST_001284,standard,2023-04-17 22:00:00,UAE,25-34,True,3000
CUST_001285,new,2023-04-18 00:00:00,UAE,25-34,True,5000
CUST_001286,premium,2023-04-18 02:00:00,KSA,35-44,True,5000
CUST_001287,new,2023-04-18 04:00:00,UAE,25-34,True,5000
CUST_001288,new,2023-04-18 06:00:00,UAE,45+,True,10000
CUST_001289,standard,2023-04-18 08:00:00,KSA,25-34,True,5000
CUST_001290,standard,2023-04-18 10:00:00,Egypt,45+,True,3000
CUST_001291,new,2023-04-18 12:00:00,KSA,45+,True,5000
CUST_001292,standard,2023-04-18 14:00:00,UAE,25-34,True,10000
CUST_001293,new,2023-04-18 16:00:00,Egypt,35-44,True,3000
CUST_001294,standard,2023-04-18 18:00:00,Egypt,25-34,True,3000
CUST_001295,standard,2023-04-18 20:00:00,UAE,45+,True,5000
CUST_001296,new,2023-04-18 22:00:00,UAE,25-34,True,5000
CUST_001297,standard,2023-04-19 00:00:00,KSA,35-44,True,3000
CUST_001298,standard,2023-04-19 02:00:00,Egypt,25-34,True,10000
CUST_001299,standard,2023-04-19 04:00:00,Kuwait,25-34,True,5000
CUST_001300,standard,2023-04-19 06:00:00,Egypt,18-24,False,20000
CUST_001301,standard,2023-04-19 08:00:00,KSA,25-34,True,3000
CUST_001302,standard,2023-04-19 10:00:00,KSA,35-44,True,10000
CUST_001303,new,2023-04-19 12:00:00,UAE,25-34,True,3000
CUST_001304,standard,2023-04-19 14:00:00,UAE,25-34,True,5000
CUST_001305,standard,2023-04-19 16:00:00,UAE,25-34,False,5000
CUST_001306,standard,2023-04-19 18:00:00,KSA,25-34,True,5000
CUST_001307,new,2023-04-19 20:00:00,KSA,18-24,True,10000
CUST_001308,premium,2023-04-19 22:00:00,KSA,35-44,True,3000
CUST_001309,new,2023-04-20 00:00:00,UAE,45+,True,5000
CUST_001310,standard,2023-04-20 02:00:00,KSA,25-34,True,3000
CUST_001311,standard,2023-04-20 04:00:00,UAE,18-24,True,10000
CUST_001312,premium,2023-04-20 06:00:00,UAE,18-24,True,3000
CUST_001313,standard,2023-04-20 08:00:00,KSA,25-34,True,10000
CUST_001314,standard,2023-04-20 10:00:00,KSA,25-34,True,10000
CUST_001315,standard,2023-04-20 12:00:00,Kuwait,35-44,True,10000
CUST_001316,new,2023-04-20 14:00:00,UAE,25-34,True,3000
CUST_001317,standard,2023-04-20 16:00:00,UAE,35-44,True,5000
CUST_001318,standard,2023-04-20 18:00:00,UAE,25-34,False,3000
CUST_001319,standard,2023-04-20 20:00:00,UAE,25-34,True,10000
CUST_001320,new,2023-04-20 22:00:00,Egypt,25-34,False,10000
CUST_001321,standard,2023-04-21 00:00:00,KSA,18-24,True,5000
CUST_001322,standard,2023-04-21 02:00:00,Egypt,25-34,True,10000
CUST_001323,premium,2023-04-21 04:00:00,UAE,35-44,True,3000
CUST_001324,new,2023-04-21 06:00:00,Egypt,25-34,True,5000
CUST_001325,standard,2023-04-21 08:00:00,UAE,35-44,False,3000
CUST_001326,standard,2023-04-21 10:00:00,Egypt,25-34,False,20000
CUST_001327,new,2023-04-21 12:00:00,UAE,18-24,True,10000
CUST_001328,new,2023-04-21 14:00:00,UAE,25-34,True,10000
CUST_001329,standard,2023-04-21 16:00:00,KSA,25-34,True,20000
CUST_001330,new,2023-04-21 18:00:00,Egypt,25-34,False,5000
CUST_001331,standard,2023-04-21 20:00:00,UAE,18-24,True,20000
CUST_001332,premium,2023-04-21 22:00:00,UAE,25-34,True,5000
CUST_001333,standard,2023-04-22 00:00:00,Egypt,18-24,True,10000
CUST_001334,premium,2023-04-22 02:00:00,UAE,18-24,True,10000
CUST_001335,standard,2023-04-22 04:00:00,UAE,25-34,True,3000
CUST_001336,new,2023-04-22 06:00:00,UAE,25-34,True,5000
CUST_001337,premium,2023-04-22 08:00:00,UAE,45+,False,3000
CUST_001338,premium,2023-04-22 10:00:00,Egypt,25-34,True,20000
CUST_001339,standard,2023-04-22 12:00:00,KSA,35-44,True,3000
CUST_001340,new,2023-04-22 14:00:00,KSA,25-34,True,5000
CUST_001341,standard,2023-04-22 16:00:00,Kuwait,35-44,True,10000
CUST_001342,standard,2023-04-22 18:00:00,UAE,25-34,True,3000
CUST_001343,premium,2023-04-22 20:00:00,UAE,45+,True,5000
CUST_001344,premium,2023-04-22 22:00:00,UAE,25-34,True,5000
CUST_001345,new,2023-04-23 00:00:00,UAE,35-44,True,3000
CUST_001346,new,2023-04-23 02:00:00,UAE,25-34,True,10000
CUST_001347,premium,2023-04-23 04:00:00,Egypt,18-24,True,3000
CUST_001348,new,2023-04-23 06:00:00,KSA,25-34,True,3000
CUST_001349,standard,2023-04-23 08:00:00,UAE,18-24,True,5000
CUST_001350,new,2023-04-23 10:00:00,KSA,25-34,True,5000
CUST_001351,standard,2023-04-23 12:00:00,KSA,18-24,True,20000
CUST_001352,standard,2023-04-23 14:00:00,Egypt,25-34,True,10000
CUST_001353,standard,2023-04-23 16:00:00,Egypt,45+,True,5000
CUST_001354,standard,2023-04-23 18:00:00,KSA,25-34,True,5000
CUST_001355,premium,2023-04-23 20:00:00,KSA,35-44,True,5000
CUST_001356,premium,2023-04-23 22:00:00,KSA,25-34,True,3000
CUST_001357,standard,2023-04-24 00:00:00,KSA,25-34,True,5000
CUST_001358,new,2023-04-24 02:00:00,UAE,45+,True,10000
CUST_001359,standard,2023-04-24 04:00:00,UAE,35-44,True,5000
CUST_001360,standard,2023-04-24 06:00:00,KSA,35-44,True,3000
CUST_001361,new,2023-04-24 08:00:00,UAE,25-34,True,5000
CUST_001362,premium,2023-04-24 10:00:00,UAE,25-34,True,3000
CUST_001363,standard,2023-04-24 12:00:00,KSA,25-34,True,10000
CUST_001364,standard,2023-04-24 14:00:00,UAE,25-34,True,5000
CUST_001365,new,2023-04-24 16:00:00,KSA,25-34,True,5000
CUST_001366,standard,2023-04-24 18:00:00,KSA,35-44,False,5000
CUST_001367,standard,2023-04-24 20:00:00,Kuwait,35-44,True,20000
CUST_001368,new,2023-04-24 22:00:00,UAE,25-34,False,3000
CUST_001369,new,2023-04-25 00:00:00,UAE,18-24,False,10000
CUST_001370,standard,2023-04-25 02:00:00,KSA,35-44,True,5000
CUST_001371,standard,2023-04-25 04:00:00,Egypt,18-24,True,10000
CUST_001372,standard,2023-04-25 06:00:00,Kuwait,25-34,True,10000
CUST_001373,new,2023-04-25 08:00:00,UAE,18-24,True,3000
CUST_001374,standard,2023-04-25 10:00:00,UAE,25-34,True,10000
CUST_001375,premium,2023-04-25 12:00:00,Egypt,45+,True,5000
CUST_001376,new,2023-04-25 14:00:00,UAE,18-24,False,3000
CUST_001377,standard,2023-04-25 16:00:00,KSA,25-34,True,3000
CUST_001378,standard,2023-04-25 18:00:00,UAE,25-34,True,5000
CUST_001379,standard,2023-04-25 20:00:00,UAE,45+,True,5000
CUST_001380,standard,2023-04-25 22:00:00,UAE,35-44,True,10000
CUST_001381,standard,2023-04-26 00:00:00,UAE,25-34,True,10000
CUST_001382,standard,2023-04-26 02:00:00,KSA,18-24,True,5000
CUST_001383,premium,2023-04-26 04:00:00,Egypt,25-34,True,10000
CUST_001384,standard,2023-04-26 06:00:00,UAE,25-34,True,5000
CUST_001385,new,2023-04-26 08:00:00,Egypt,25-34,True,3000
CUST_001386,premium,2023-04-26 10:00:00,UAE,18-24,True,20000
CUST_001387,new,2023-04-26 12:00:00,KSA,18-24,True,3000
CUST_001388,standard,2023-04-26 14:00:00,UAE,25-34,True,5000
CUST_001389,new,2023-04-26 16:00:00,Egypt,25-34,True,10000
CUST_001390,new,2023-04-26 18:00:00,KSA,35-44,True,5000
CUST_001391,standard,2023-04-26 20:00:00,KSA,18-24,True,3000
CUST_001392,new,2023-04-26 22:00:00,Egypt,25-34,True,3000
CUST_001393,new,2023-04-27 00:00:00,KSA,45+,True,5000
CUST_001394,standard,2023-04-27 02:00:00,Kuwait,25-34,True,20000
CUST_001395,standard,2023-04-27 04:00:00,KSA,35-44,True,5000
CUST_001396,standard,2023-04-27 06:00:00,Egypt,18-24,True,5000
CUST_001397,new,2023-04-27 08:00:00,KSA,25-34,True,5000
CUST_001398,new,2023-04-27 10:00:00,UAE,35-44,True,3000
CUST_001399,new,2023-04-27 12:00:00,KSA,25-34,True,3000
CUST_001400,standard,2023-04-27 14:00:00,UAE,35-44,True,3000
CUST_001401,new,2023-04-27 16:00:00,KSA,25-34,True,5000
CUST_001402,premium,2023-04-27 18:00:00,UAE,25-34,True,3000
CUST_001403,standard,2023-04-27 20:00:00,KSA,25-34,True,3000
CUST_001404,premium,2023-04-27 22:00:00,UAE,25-34,True,10000
CUST_001405,standard,2023-04-28 00:00:00,UAE,18-24,True,10000
CUST_001406,standard,2023-04-28 02:00:00,UAE,25-34,True,20000
CUST_001407,standard,2023-04-28 04:00:00,Kuwait,25-34,False,5000
CUST_001408,standard,2023-04-28 06:00:00,UAE,25-34,True,3000
CUST_001409,standard,2023-04-28 08:00:00,UAE,35-44,False,10000
CUST_001410,standard,2023-04-28 10:00:00,KSA,25-34,True,3000
CUST_001411,standard,2023-04-28 12:00:00,KSA,45+,True,5000
CUST_001412,standard,2023-04-28 14:00:00,UAE,25-34,True,10000
CUST_001413,standard,2023-04-28 16:00:00,UAE,25-34,True,10000
CUST_001414,premium,2023-04-28 18:00:00,UAE,35-44,True,20000
CUST_001415,standard,2023-04-28 20:00:00,Kuwait,25-34,True,10000
CUST_001416,standard,2023-04-28 22:00:00,UAE,25-34,True,5000
CUST_001417,standard,2023-04-29 00:00:00,UAE,18-24,True,3000
CUST_001418,standard,2023-04-29 02:00:00,UAE,25-34,True,20000
CUST_001419,standard,2023-04-29 04:00:00,UAE,25-34,True,3000
CUST_001420,new,2023-04-29 06:00:00,KSA,45+,False,20000
CUST_001421,standard,2023-04-29 08:00:00,UAE,25-34,True,5000
CUST_001422,standard,2023-04-29 10:00:00,UAE,35-44,True,3000
CUST_001423,premium,2023-04-29 12:00:00,UAE,25-34,True,10000
CUST_001424,standard,2023-04-29 14:00:00,UAE,25-34,True,3000
CUST_001425,standard,2023-04-29 16:00:00,UAE,25-34,True,10000
CUST_001426,standard,2023-04-29 18:00:00,Egypt,35-44,True,3000
CUST_001427,standard,2023-04-29 20:00:00,KSA,35-44,True,10000
CUST_001428,standard,2023-04-29 22:00:00,Egypt,18-24,True,5000
CUST_001429,standard,2023-04-30 00:00:00,Egypt,25-34,True,5000
CUST_001430,new,2023-04-30 02:00:00,KSA,25-34,True,5000
CUST_001431,new,2023-04-30 04:00:00,UAE,18-24,False,3000
CUST_001432,new,2023-04-30 06:00:00,KSA,25-34,True,10000
CUST_001433,new,2023-04-30 08:00:00,Egypt,35-44,True,3000
CUST_001434,premium,2023-04-30 10:00:00,KSA,25-34,True,5000
CUST_001435,standard,2023-04-30 12:00:00,KSA,35-44,False,5000
CUST_001436,premium,2023-04-30 14:00:00,UAE,25-34,True,5000
CUST_001437,standard,2023-04-30 16:00:00,Egypt,25-34,True,3000
CUST_001438,new,2023-04-30 18:00:00,KSA,18-24,False,3000
CUST_001439,standard,2023-04-30 20:00:00,Kuwait,35-44,True,3000
CUST_001440,new,2023-04-30 22:00:00,UAE,35-44,True,10000
CUST_001441,premium,2023-05-01 00:00:00,UAE,25-34,True,3000
CUST_001442,new,2023-05-01 02:00:00,UAE,18-24,True,20000
CUST_001443,standard,2023-05-01 04:00:00,KSA,25-34,True,3000
CUST_001444,premium,2023-05-01 06:00:00,UAE,18-24,True,3000
CUST_001445,standard,2023-05-01 08:00:00,UAE,25-34,True,5000
CUST_001446,standard,2023-05-01 10:00:00,Kuwait,35-44,True,3000
CUST_001447,standard,2023-05-01 12:00:00,UAE,18-24,True,5000
CUST_001448,standard,2023-05-01 14:00:00,Egypt,35-44,True,10000
CUST_001449,new,2023-05-01 16:00:00,UAE,25-34,True,3000
CUST_001450,standard,2023-05-01 18:00:00,Egypt,25-34,False,10000
CUST_001451,standard,2023-05-01 20:00:00,KSA,45+,True,5000
CUST_001452,standard,2023-05-01 22:00:00,Egypt,18-24,True,3000
CUST_001453,new,2023-05-02 00:00:00,Egypt,45+,True,3000
CUST_001454,standard,2023-05-02 02:00:00,UAE,18-24,True,20000
CUST_001455,standard,2023-05-02 04:00:00,UAE,25-34,True,3000
CUST_001456,premium,2023-05-02 06:00:00,UAE,35-44,True,10000
CUST_001457,standard,2023-05-02 08:00:00,KSA,45+,True,5000
CUST_001458,standard,2023-05-02 10:00:00,Egypt,25-34,True,3000
CUST_001459,standard,2023-05-02 12:00:00,UAE,25-34,True,5000
CUST_001460,standard,2023-05-02 14:00:00,KSA,35-44,True,10000
CUST_001461,new,2023-05-02 16:00:00,UAE,35-44,True,10000
CUST_001462,premium,2023-05-02 18:00:00,Egypt,18-24,True,5000
CUST_001463,standard,2023-05-02 20:00:00,Kuwait,35-44,True,10000
CUST_001464,standard,2023-05-02 22:00:00,UAE,25-34,True,3000
CUST_001465,new,2023-05-03 00:00:00,UAE,25-34,True,20000
CUST_001466,standard,2023-05-03 02:00:00,UAE,25-34,True,10000
CUST_001467,new,2023-05-03 04:00:00,KSA,25-34,False,10000
CUST_001468,standard,2023-05-03 06:00:00,KSA,45+,True,10000
CUST_001469,premium,2023-05-03 08:00:00,UAE,25-34,True,5000
CUST_001470,standard,2023-05-03 10:00:00,UAE,45+,True,5000
CUST_001471,new,2023-05-03 12:00:00,UAE,18-24,True,5000
CUST_001472,standard,2023-05-03 14:00:00,KSA,35-44,True,5000
CUST_001473,new,2023-05-03 16:00:00,KSA,35-44,True,5000
CUST_001474,new,2023-05-03 18:00:00,UAE,25-34,False,3000
CUST_001475,standard,2023-05-03 20:00:00,KSA,25-34,False,5000
CUST_001476,standard,2023-05-03 22:00:00,KSA,25-34,True,3000
CUST_001477,standard,2023-05-04 00:00:00,UAE,35-44,True,3000
CUST_001478,standard,2023-05-04 02:00:00,UAE,35-44,True,5000
CUST_001479,new,2023-05-04 04:00:00,KSA,18-24,True,10000
CUST_001480,new,2023-05-04 06:00:00,Kuwait,35-44,True,5000
CUST_001481,standard,2023-05-04 08:00:00,UAE,25-34,True,10000
CUST_001482,standard,2023-05-04 10:00:00,UAE,25-34,True,3000
CUST_001483,new,2023-05-04 12:00:00,UAE,35-44,True,5000
CUST_001484,standard,2023-05-04 14:00:00,KSA,25-34,True,3000
CUST_001485,new,2023-05-04 16:00:00,UAE,35-44,False,3000
CUST_001486,standard,2023-05-04 18:00:00,UAE,25-34,False,5000
CUST_001487,standard,2023-05-04 20:00:00,KSA,18-24,True,5000
CUST_001488,premium,2023-05-04 22:00:00,KSA,25-34,True,3000
CUST_001489,standard,2023-05-05 00:00:00,UAE,18-24,False,5000
CUST_001490,standard,2023-05-05 02:00:00,UAE,35-44,True,10000
CUST_001491,standard,2023-05-05 04:00:00,KSA,25-34,True,3000
CUST_001492,standard,2023-05-05 06:00:00,UAE,25-34,True,3000
CUST_001493,new,2023-05-05 08:00:00,UAE,18-24,False,5000
CUST_001494,new,2023-05-05 10:00:00,Egypt,25-34,True,3000
CUST_001495,standard,2023-05-05 12:00:00,UAE,35-44,True,20000
CUST_001496,premium,2023-05-05 14:00:00,KSA,18-24,False,5000
CUST_001497,premium,2023-05-05 16:00:00,Egypt,25-34,True,5000
CUST_001498,standard,2023-05-05 18:00:00,UAE,45+,False,5000
CUST_001499,standard,2023-05-05 20:00:00,UAE,25-34,True,5000
CUST_001500,standard,2023-05-05 22:00:00,KSA,35-44,True,3000
CUST_001501,standard,2023-05-06 00:00:00,Egypt,18-24,True,20000
CUST_001502,standard,2023-05-06 02:00:00,Egypt,25-34,True,5000
CUST_001503,standard,2023-05-06 04:00:00,KSA,35-44,True,3000
CUST_001504,standard,2023-05-06 06:00:00,UAE,35-44,True,5000
CUST_001505,new,2023-05-06 08:00:00,KSA,25-34,True,3000
CUST_001506,premium,2023-05-06 10:00:00,UAE,25-34,True,3000
CUST_001507,standard,2023-05-06 12:00:00,UAE,25-34,True,5000
CUST_001508,standard,2023-05-06 14:00:00,UAE,18-24,True,5000
CUST_001509,standard,2023-05-06 16:00:00,UAE,35-44,True,5000
CUST_001510,new,2023-05-06 18:00:00,KSA,25-34,True,3000
CUST_001511,standard,2023-05-06 20:00:00,UAE,25-34,True,5000
CUST_001512,new,2023-05-06 22:00:00,UAE,35-44,True,3000
CUST_001513,premium,2023-05-07 00:00:00,UAE,25-34,True,5000
CUST_001514,premium,2023-05-07 02:00:00,Egypt,25-34,True,5000
CUST_001515,new,2023-05-07 04:00:00,KSA,35-44,True,5000
CUST_001516,standard,2023-05-07 06:00:00,UAE,35-44,True,10000
CUST_001517,standard,2023-05-07 08:00:00,UAE,25-34,True,10000
CUST_001518,premium,2023-05-07 10:00:00,UAE,18-24,True,20000
CUST_001519,premium,2023-05-07 12:00:00,Egypt,25-34,True,20000
CUST_001520,new,2023-05-07 14:00:00,KSA,25-34,True,10000
CUST_001521,standard,2023-05-07 16:00:00,KSA,25-34,True,20000
CUST_001522,standard,2023-05-07 18:00:00,KSA,35-44,True,10000
CUST_001523,standard,2023-05-07 20:00:00,UAE,45+,True,10000
CUST_001524,standard,2023-05-07 22:00:00,Egypt,35-44,False,3000
CUST_001525,premium,2023-05-08 00:00:00,KSA,25-34,True,3000
CUST_001526,standard,2023-05-08 02:00:00,UAE,35-44,True,10000
CUST_001527,premium,2023-05-08 04:00:00,UAE,25-34,True,5000
CUST_001528,new,2023-05-08 06:00:00,KSA,18-24,False,10000
CUST_001529,standard,2023-05-08 08:00:00,Egypt,18-24,True,5000
CUST_001530,standard,2023-05-08 10:00:00,UAE,25-34,True,5000
CUST_001531,new,2023-05-08 12:00:00,Egypt,45+,True,10000
CUST_001532,standard,2023-05-08 14:00:00,KSA,25-34,True,20000
CUST_001533,standard,2023-05-08 16:00:00,UAE,25-34,True,3000
CUST_001534,standard,2023-05-08 18:00:00,UAE,45+,True,10000
CUST_001535,standard,2023-05-08 20:00:00,UAE,18-24,True,10000
CUST_001536,standard,2023-05-08 22:00:00,KSA,35-44,True,5000
CUST_001537,new,2023-05-09 00:00:00,UAE,25-34,True,5000
CUST_001538,standard,2023-05-09 02:00:00,UAE,18-24,True,3000
CUST_001539,standard,2023-05-09 04:00:00,KSA,45+,True,3000
CUST_001540,new,2023-05-09 06:00:00,KSA,18-24,False,5000
CUST_001541,standard,2023-05-09 08:00:00,UAE,25-34,True,3000
CUST_001542,premium,2023-05-09 10:00:00,UAE,25-34,True,3000
CUST_001543,standard,2023-05-09 12:00:00,UAE,18-24,True,10000
CUST_001544,new,2023-05-09 14:00:00,KSA,18-24,False,5000
CUST_001545,standard,2023-05-09 16:00:00,Egypt,18-24,True,5000
CUST_001546,standard,2023-05-09 18:00:00,UAE,18-24,True,3000
CUST_001547,standard,2023-05-09 20:00:00,Egypt,35-44,True,10000
CUST_001548,standard,2023-05-09 22:00:00,KSA,25-34,True,10000
CUST_001549,premium,2023-05-10 00:00:00,KSA,25-34,True,5000
CUST_001550,standard,2023-05-10 02:00:00,KSA,25-34,True,20000
CUST_001551,new,2023-05-10 04:00:00,UAE,45+,True,10000
CUST_001552,standard,2023-05-10 06:00:00,UAE,45+,True,10000
CUST_001553,standard,2023-05-10 08:00:00,KSA,35-44,True,10000
CUST_001554,new,2023-05-10 10:00:00,KSA,35-44,True,3000
CUST_001555,new,2023-05-10 12:00:00,KSA,25-34,True,3000
CUST_001556,standard,2023-05-10 14:00:00,UAE,25-34,True,3000
CUST_001557,standard,2023-05-10 16:00:00,Egypt,25-34,True,3000
CUST_001558,standard,2023-05-10 18:00:00,KSA,25-34,True,3000
CUST_001559,new,2023-05-10 20:00:00,UAE,25-34,True,10000
CUST_001560,new,2023-05-10 22:00:00,UAE,25-34,True,3000
CUST_001561,standard,2023-05-11 00:00:00,KSA,45+,True,20000
CUST_001562,new,2023-05-11 02:00:00,KSA,35-44,True,5000
CUST_001563,standard,2023-05-11 04:00:00,UAE,25-34,True,3000
CUST_001564,standard,2023-05-11 06:00:00,Egypt,35-44,True,5000
CUST_001565,premium,2023-05-11 08:00:00,UAE,25-34,True,3000
CUST_001566,new,2023-05-11 10:00:00,UAE,18-24,False,20000
CUST_001567,premium,2023-05-11 12:00:00,Egypt,25-34,False,10000
CUST_001568,new,2023-05-11 14:00:00,Egypt,25-34,True,3000
CUST_001569,new,2023-05-11 16:00:00,KSA,18-24,True,20000
CUST_001570,new,2023-05-11 18:00:00,Egypt,35-44,True,10000
CUST_001571,premium,2023-05-11 20:00:00,UAE,25-34,True,3000
CUST_001572,standard,2023-05-11 22:00:00,Egypt,25-34,True,5000
CUST_001573,standard,2023-05-12 00:00:00,UAE,18-24,True,5000
CUST_001574,standard,2023-05-12 02:00:00,UAE,18-24,False,3000
CUST_001575,premium,2023-05-12 04:00:00,UAE,35-44,False,10000
CUST_001576,new,2023-05-12 06:00:00,UAE,25-34,True,3000
CUST_001577,standard,2023-05-12 08:00:00,UAE,45+,True,5000
CUST_001578,standard,2023-05-12 10:00:00,UAE,45+,True,3000
CUST_001579,standard,2023-05-12 12:00:00,UAE,25-34,True,20000
CUST_001580,standard,2023-05-12 14:00:00,UAE,25-34,True,10000
CUST_001581,standard,2023-05-12 16:00:00,KSA,35-44,True,3000
CUST_001582,standard,2023-05-12 18:00:00,UAE,45+,True,5000
CUST_001583,new,2023-05-12 20:00:00,UAE,25-34,False,3000
CUST_001584,standard,2023-05-12 22:00:00,KSA,35-44,True,10000
CUST_001585,new,2023-05-13 00:00:00,Egypt,35-44,True,3000
CUST_001586,new,2023-05-13 02:00:00,KSA,25-34,True,10000
CUST_001587,standard,2023-05-13 04:00:00,UAE,25-34,True,20000
CUST_001588,new,2023-05-13 06:00:00,KSA,35-44,False,5000
CUST_001589,premium,2023-05-13 08:00:00,UAE,25-34,True,3000
CUST_001590,new,2023-05-13 10:00:00,UAE,18-24,True,5000
CUST_001591,standard,2023-05-13 12:00:00,UAE,25-34,True,5000
CUST_001592,new,2023-05-13 14:00:00,Egypt,18-24,True,5000
CUST_001593,new,2023-05-13 16:00:00,UAE,25-34,False,5000
CUST_001594,new,2023-05-13 18:00:00,UAE,45+,True,5000
CUST_001595,new,2023-05-13 20:00:00,UAE,18-24,True,5000
CUST_001596,standard,2023-05-13 22:00:00,Egypt,25-34,True,10000
CUST_001597,premium,2023-05-14 00:00:00,KSA,25-34,True,3000
CUST_001598,standard,2023-05-14 02:00:00,UAE,25-34,True,5000
CUST_001599,standard,2023-05-14 04:00:00,KSA,25-34,True,10000
CUST_001600,standard,2023-05-14 06:00:00,KSA,25-34,True,3000
CUST_001601,standard,2023-05-14 08:00:00,KSA,18-24,False,10000
CUST_001602,new,2023-05-14 10:00:00,UAE,25-34,True,10000
CUST_001603,standard,2023-05-14 12:00:00,Egypt,25-34,True,5000
CUST_001604,new,2023-05-14 14:00:00,UAE,25-34,False,3000
CUST_001605,premium,2023-05-14 16:00:00,KSA,45+,True,3000
CUST_001606,new,2023-05-14 18:00:00,UAE,25-34,True,5000
CUST_001607,new,2023-05-14 20:00:00,UAE,18-24,True,3000
CUST_001608,standard,2023-05-14 22:00:00,UAE,35-44,True,20000
CUST_001609,standard,2023-05-15 00:00:00,KSA,25-34,True,5000
CUST_001610,new,2023-05-15 02:00:00,UAE,25-34,True,3000
CUST_001611,standard,2023-05-15 04:00:00,KSA,25-34,True,20000
CUST_001612,standard,2023-05-15 06:00:00,UAE,25-34,True,10000
CUST_001613,standard,2023-05-15 08:00:00,KSA,35-44,True,3000
CUST_001614,premium,2023-05-15 10:00:00,Egypt,45+,True,5000
CUST_001615,standard,2023-05-15 12:00:00,KSA,25-34,True,3000
CUST_001616,premium,2023-05-15 14:00:00,KSA,25-34,True,20000
CUST_001617,premium,2023-05-15 16:00:00,KSA,25-34,True,5000
CUST_001618,premium,2023-05-15 18:00:00,UAE,45+,True,10000
CUST_001619,new,2023-05-15 20:00:00,Egypt,45+,True,5000
CUST_001620,standard,2023-05-15 22:00:00,UAE,18-24,True,10000
CUST_001621,new,2023-05-16 00:00:00,KSA,18-24,False,3000
CUST_001622,standard,2023-05-16 02:00:00,KSA,25-34,True,20000
CUST_001623,standard,2023-05-16 04:00:00,UAE,18-24,True,20000
CUST_001624,standard,2023-05-16 06:00:00,UAE,25-34,True,5000
CUST_001625,standard,2023-05-16 08:00:00,UAE,18-24,True,10000
CUST_001626,premium,2023-05-16 10:00:00,Egypt,25-34,True,10000
CUST_001627,standard,2023-05-16 12:00:00,Egypt,45+,False,20000
CUST_001628,standard,2023-05-16 14:00:00,KSA,45+,False,5000
CUST_001629,standard,2023-05-16 16:00:00,KSA,25-34,True,5000
CUST_001630,standard,2023-05-16 18:00:00,Egypt,25-34,True,10000
CUST_001631,standard,2023-05-16 20:00:00,UAE,35-44,True,10000
CUST_001632,premium,2023-05-16 22:00:00,UAE,18-24,True,5000
CUST_001633,new,2023-05-17 00:00:00,KSA,25-34,True,10000
CUST_001634,standard,2023-05-17 02:00:00,Egypt,25-34,False,3000
CUST_001635,premium,2023-05-17 04:00:00,Egypt,25-34,False,10000
CUST_001636,new,2023-05-17 06:00:00,UAE,25-34,False,3000
CUST_001637,premium,2023-05-17 08:00:00,UAE,18-24,True,3000
CUST_001638,standard,2023-05-17 10:00:00,UAE,25-34,True,5000
CUST_001639,new,2023-05-17 12:00:00,UAE,25-34,True,5000
CUST_001640,standard,2023-05-17 14:00:00,UAE,25-34,True,5000
CUST_001641,premium,2023-05-17 16:00:00,KSA,18-24,True,5000
CUST_001642,premium,2023-05-17 18:00:00,UAE,35-44,True,5000
CUST_001643,standard,2023-05-17 20:00:00,Egypt,25-34,True,3000
CUST_001644,premium,2023-05-17 22:00:00,UAE,25-34,True,10000
CUST_001645,standard,2023-05-18 00:00:00,KSA,25-34,True,5000
CUST_001646,premium,2023-05-18 02:00:00,UAE,25-34,True,5000
CUST_001647,standard,2023-05-18 04:00:00,UAE,18-24,True,5000
CUST_001648,new,2023-05-18 06:00:00,UAE,35-44,True,20000
CUST_001649,new,2023-05-18 08:00:00,Kuwait,18-24,True,10000
CUST_001650,standard,2023-05-18 10:00:00,Egypt,18-24,True,3000
CUST_001651,standard,2023-05-18 12:00:00,UAE,35-44,True,10000
CUST_001652,standard,2023-05-18 14:00:00,UAE,25-34,True,20000
CUST_001653,standard,2023-05-18 16:00:00,Egypt,25-34,True,5000
CUST_001654,standard,2023-05-18 18:00:00,UAE,25-34,True,20000
CUST_001655,premium,2023-05-18 20:00:00,UAE,25-34,False,5000
CUST_001656,new,2023-05-18 22:00:00,KSA,35-44,False,5000
CUST_001657,standard,2023-05-19 00:00:00,Egypt,25-34,True,5000
CUST_001658,standard,2023-05-19 02:00:00,UAE,25-34,True,5000
CUST_001659,standard,2023-05-19 04:00:00,UAE,35-44,True,3000
CUST_001660,standard,2023-05-19 06:00:00,Egypt,25-34,True,3000
CUST_001661,new,2023-05-19 08:00:00,UAE,25-34,True,3000
CUST_001662,new,2023-05-19 10:00:00,UAE,25-34,False,3000
CUST_001663,new,2023-05-19 12:00:00,KSA,25-34,True,5000
CUST_001664,premium,2023-05-19 14:00:00,Egypt,45+,False,5000
CUST_001665,standard,2023-05-19 16:00:00,UAE,35-44,True,3000
CUST_001666,standard,2023-05-19 18:00:00,Kuwait,18-24,True,20000
CUST_001667,premium,2023-05-19 20:00:00,KSA,18-24,True,3000
CUST_001668,standard,2023-05-19 22:00:00,UAE,18-24,True,5000
CUST_001669,new,2023-05-20 00:00:00,Kuwait,25-34,True,3000
CUST_001670,premium,2023-05-20 02:00:00,UAE,18-24,True,3000
CUST_001671,standard,2023-05-20 04:00:00,UAE,25-34,True,3000
CUST_001672,standard,2023-05-20 06:00:00,KSA,35-44,True,5000
CUST_001673,premium,2023-05-20 08:00:00,UAE,35-44,True,10000
CUST_001674,standard,2023-05-20 10:00:00,UAE,25-34,True,3000
CUST_001675,new,2023-05-20 12:00:00,UAE,25-34,True,5000
CUST_001676,new,2023-05-20 14:00:00,UAE,25-34,True,3000
CUST_001677,new,2023-05-20 16:00:00,Egypt,35-44,True,10000
CUST_001678,standard,2023-05-20 18:00:00,KSA,35-44,False,10000
CUST_001679,premium,2023-05-20 20:00:00,Kuwait,45+,True,3000
CUST_001680,standard,2023-05-20 22:00:00,UAE,25-34,True,5000
CUST_001681,standard,2023-05-21 00:00:00,UAE,25-34,True,20000
CUST_001682,new,2023-05-21 02:00:00,UAE,18-24,False,5000
CUST_001683,premium,2023-05-21 04:00:00,UAE,25-34,True,5000
CUST_001684,standard,2023-05-21 06:00:00,UAE,25-34,True,5000
CUST_001685,standard,2023-05-21 08:00:00,KSA,25-34,True,5000
CUST_001686,standard,2023-05-21 10:00:00,Egypt,25-34,True,20000
CUST_001687,new,2023-05-21 12:00:00,Kuwait,25-34,True,20000
CUST_001688,standard,2023-05-21 14:00:00,UAE,18-24,True,10000
CUST_001689,standard,2023-05-21 16:00:00,Egypt,18-24,True,5000
CUST_001690,standard,2023-05-21 18:00:00,UAE,18-24,True,5000
CUST_001691,standard,2023-05-21 20:00:00,UAE,18-24,False,5000
CUST_001692,new,2023-05-21 22:00:00,Egypt,18-24,False,20000
CUST_001693,new,2023-05-22 00:00:00,KSA,25-34,True,10000
CUST_001694,new,2023-05-22 02:00:00,UAE,25-34,True,5000
CUST_001695,new,2023-05-22 04:00:00,UAE,45+,True,3000
CUST_001696,standard,2023-05-22 06:00:00,UAE,25-34,True,5000
CUST_001697,standard,2023-05-22 08:00:00,KSA,18-24,True,20000
CUST_001698,standard,2023-05-22 10:00:00,UAE,25-34,False,5000
CUST_001699,standard,2023-05-22 12:00:00,Kuwait,35-44,True,3000
CUST_001700,new,2023-05-22 14:00:00,UAE,25-34,True,3000
CUST_001701,premium,2023-05-22 16:00:00,UAE,25-34,True,5000
CUST_001702,new,2023-05-22 18:00:00,UAE,25-34,True,20000
CUST_001703,standard,2023-05-22 20:00:00,KSA,35-44,True,20000
CUST_001704,standard,2023-05-22 22:00:00,UAE,35-44,True,20000
CUST_001705,standard,2023-05-23 00:00:00,KSA,25-34,True,10000
CUST_001706,new,2023-05-23 02:00:00,Egypt,35-44,True,5000
CUST_001707,standard,2023-05-23 04:00:00,Egypt,35-44,True,5000
CUST_001708,standard,2023-05-23 06:00:00,Egypt,25-34,True,5000
CUST_001709,premium,2023-05-23 08:00:00,Egypt,25-34,False,10000
CUST_001710,standard,2023-05-23 10:00:00,KSA,25-34,False,5000
CUST_001711,standard,2023-05-23 12:00:00,Egypt,35-44,True,5000
CUST_001712,new,2023-05-23 14:00:00,UAE,18-24,True,3000
CUST_001713,standard,2023-05-23 16:00:00,UAE,45+,False,3000
CUST_001714,standard,2023-05-23 18:00:00,UAE,18-24,True,10000
CUST_001715,premium,2023-05-23 20:00:00,UAE,25-34,True,20000
CUST_001716,premium,2023-05-23 22:00:00,UAE,35-44,True,5000
CUST_001717,new,2023-05-24 00:00:00,Kuwait,25-34,True,3000
CUST_001718,premium,2023-05-24 02:00:00,UAE,25-34,True,20000
CUST_001719,premium,2023-05-24 04:00:00,UAE,18-24,True,10000
CUST_001720,premium,2023-05-24 06:00:00,KSA,25-34,False,5000
CUST_001721,new,2023-05-24 08:00:00,UAE,18-24,True,5000
CUST_001722,new,2023-05-24 10:00:00,UAE,25-34,True,5000
CUST_001723,standard,2023-05-24 12:00:00,UAE,25-34,True,5000
CUST_001724,standard,2023-05-24 14:00:00,UAE,45+,True,10000
CUST_001725,standard,2023-05-24 16:00:00,UAE,45+,False,3000
CUST_001726,new,2023-05-24 18:00:00,KSA,18-24,False,3000
CUST_001727,standard,2023-05-24 20:00:00,KSA,35-44,True,3000
CUST_001728,standard,2023-05-24 22:00:00,UAE,18-24,False,5000
CUST_001729,standard,2023-05-25 00:00:00,UAE,18-24,True,3000
CUST_001730,premium,2023-05-25 02:00:00,UAE,18-24,True,3000
CUST_001731,standard,2023-05-25 04:00:00,KSA,45+,True,3000
CUST_001732,new,2023-05-25 06:00:00,UAE,45+,True,3000
CUST_001733,standard,2023-05-25 08:00:00,UAE,18-24,False,5000
CUST_001734,premium,2023-05-25 10:00:00,KSA,18-24,True,3000
CUST_001735,premium,2023-05-25 12:00:00,UAE,25-34,True,5000
CUST_001736,new,2023-05-25 14:00:00,UAE,25-34,True,5000
CUST_001737,standard,2023-05-25 16:00:00,UAE,25-34,True,3000
CUST_001738,new,2023-05-25 18:00:00,Egypt,25-34,True,5000
CUST_001739,standard,2023-05-25 20:00:00,Egypt,35-44,True,20000
CUST_001740,standard,2023-05-25 22:00:00,KSA,25-34,True,20000
CUST_001741,standard,2023-05-26 00:00:00,UAE,45+,True,3000
CUST_001742,premium,2023-05-26 02:00:00,KSA,25-34,True,10000
CUST_001743,standard,2023-05-26 04:00:00,Kuwait,25-34,True,5000
CUST_001744,new,2023-05-26 06:00:00,Kuwait,35-44,True,3000
CUST_001745,standard,2023-05-26 08:00:00,UAE,35-44,True,3000
CUST_001746,standard,2023-05-26 10:00:00,Egypt,25-34,True,5000
CUST_001747,premium,2023-05-26 12:00:00,UAE,25-34,True,5000
CUST_001748,new,2023-05-26 14:00:00,UAE,45+,True,5000
CUST_001749,new,2023-05-26 16:00:00,KSA,18-24,True,10000
CUST_001750,standard,2023-05-26 18:00:00,UAE,18-24,True,3000
CUST_001751,new,2023-05-26 20:00:00,Egypt,25-34,True,5000
CUST_001752,standard,2023-05-26 22:00:00,UAE,35-44,True,5000
CUST_001753,standard,2023-05-27 00:00:00,KSA,35-44,True,5000
CUST_001754,new,2023-05-27 02:00:00,Egypt,45+,True,20000
CUST_001755,new,2023-05-27 04:00:00,Egypt,25-34,True,10000
CUST_001756,standard,2023-05-27 06:00:00,UAE,18-24,True,20000
CUST_001757,premium,2023-05-27 08:00:00,UAE,25-34,True,5000
CUST_001758,standard,2023-05-27 10:00:00,KSA,35-44,True,5000
CUST_001759,new,2023-05-27 12:00:00,UAE,18-24,True,5000
CUST_001760,standard,2023-05-27 14:00:00,Kuwait,18-24,False,5000
CUST_001761,standard,2023-05-27 16:00:00,Egypt,18-24,False,5000
CUST_001762,standard,2023-05-27 18:00:00,UAE,25-34,False,10000
CUST_001763,standard,2023-05-27 20:00:00,UAE,35-44,True,5000
CUST_001764,standard,2023-05-27 22:00:00,UAE,25-34,True,3000
CUST_001765,new,2023-05-28 00:00:00,Egypt,45+,True,10000
CUST_001766,standard,2023-05-28 02:00:00,UAE,18-24,True,10000
CUST_001767,premium,2023-05-28 04:00:00,UAE,45+,True,5000
CUST_001768,standard,2023-05-28 06:00:00,UAE,35-44,True,5000
CUST_001769,new,2023-05-28 08:00:00,KSA,25-34,True,3000
CUST_001770,standard,2023-05-28 10:00:00,UAE,45+,True,5000
CUST_001771,standard,2023-05-28 12:00:00,UAE,25-34,False,3000
CUST_001772,new,2023-05-28 14:00:00,Egypt,35-44,True,3000
CUST_001773,new,2023-05-28 16:00:00,Egypt,35-44,True,5000
CUST_001774,new,2023-05-28 18:00:00,KSA,35-44,False,5000
CUST_001775,new,2023-05-28 20:00:00,UAE,25-34,True,10000
CUST_001776,standard,2023-05-28 22:00:00,UAE,18-24,False,10000
CUST_001777,new,2023-05-29 00:00:00,KSA,25-34,True,3000
CUST_001778,standard,2023-05-29 02:00:00,UAE,25-34,True,10000
CUST_001779,new,2023-05-29 04:00:00,Egypt,35-44,True,5000
CUST_001780,new,2023-05-29 06:00:00,KSA,35-44,True,3000
CUST_001781,new,2023-05-29 08:00:00,UAE,45+,True,5000
CUST_001782,standard,2023-05-29 10:00:00,Egypt,18-24,True,5000
CUST_001783,standard,2023-05-29 12:00:00,Kuwait,35-44,True,5000
CUST_001784,standard,2023-05-29 14:00:00,UAE,45+,True,20000
CUST_001785,new,2023-05-29 16:00:00,KSA,35-44,True,5000
CUST_001786,new,2023-05-29 18:00:00,UAE,18-24,True,20000
CUST_001787,premium,2023-05-29 20:00:00,UAE,18-24,True,5000
CUST_001788,standard,2023-05-29 22:00:00,UAE,18-24,True,3000
CUST_001789,premium,2023-05-30 00:00:00,KSA,25-34,True,5000
CUST_001790,new,2023-05-30 02:00:00,Kuwait,25-34,True,3000
CUST_001791,new,2023-05-30 04:00:00,KSA,45+,True,5000
CUST_001792,standard,2023-05-30 06:00:00,UAE,25-34,False,5000
CUST_001793,standard,2023-05-30 08:00:00,KSA,25-34,True,5000
CUST_001794,new,2023-05-30 10:00:00,UAE,25-34,False,3000
CUST_001795,new,2023-05-30 12:00:00,Egypt,35-44,True,5000
CUST_001796,standard,2023-05-30 14:00:00,UAE,45+,True,3000
CUST_001797,standard,2023-05-30 16:00:00,UAE,35-44,True,5000
CUST_001798,standard,2023-05-30 18:00:00,UAE,25-34,True,10000
CUST_001799,standard,2023-05-30 20:00:00,KSA,25-34,True,20000
CUST_001800,standard,2023-05-30 22:00:00,UAE,35-44,True,3000
CUST_001801,standard,2023-05-31 00:00:00,KSA,25-34,True,5000
CUST_001802,new,2023-05-31 02:00:00,UAE,25-34,True,5000
CUST_001803,standard,2023-05-31 04:00:00,UAE,18-24,True,20000
CUST_001804,new,2023-05-31 06:00:00,UAE,18-24,True,5000
CUST_001805,standard,2023-05-31 08:00:00,Egypt,35-44,True,3000
CUST_001806,standard,2023-05-31 10:00:00,Egypt,18-24,True,5000
CUST_001807,premium,2023-05-31 12:00:00,UAE,25-34,False,5000
CUST_001808,standard,2023-05-31 14:00:00,UAE,25-34,True,10000
CUST_001809,new,2023-05-31 16:00:00,UAE,25-34,True,10000
CUST_001810,new,2023-05-31 18:00:00,KSA,25-34,True,3000
CUST_001811,premium,2023-05-31 20:00:00,UAE,25-34,True,20000
CUST_001812,standard,2023-05-31 22:00:00,Egypt,18-24,True,3000
CUST_001813,new,2023-06-01 00:00:00,Egypt,18-24,True,20000
CUST_001814,standard,2023-06-01 02:00:00,UAE,25-34,True,10000
CUST_001815,standard,2023-06-01 04:00:00,UAE,25-34,True,5000
CUST_001816,new,2023-06-01 06:00:00,Egypt,25-34,True,10000
CUST_001817,standard,2023-06-01 08:00:00,Egypt,18-24,True,3000
CUST_001818,standard,2023-06-01 10:00:00,UAE,35-44,True,3000
CUST_001819,standard,2023-06-01 12:00:00,UAE,25-34,False,3000
CUST_001820,new,2023-06-01 14:00:00,UAE,18-24,False,3000
CUST_001821,standard,2023-06-01 16:00:00,UAE,18-24,True,5000
CUST_001822,premium,2023-06-01 18:00:00,UAE,45+,True,3000
CUST_001823,new,2023-06-01 20:00:00,UAE,25-34,True,10000
CUST_001824,premium,2023-06-01 22:00:00,KSA,25-34,True,5000
CUST_001825,new,2023-06-02 00:00:00,UAE,35-44,True,5000
CUST_001826,standard,2023-06-02 02:00:00,UAE,35-44,False,5000
CUST_001827,new,2023-06-02 04:00:00,UAE,35-44,True,5000
CUST_001828,standard,2023-06-02 06:00:00,Egypt,25-34,True,3000
CUST_001829,standard,2023-06-02 08:00:00,Egypt,25-34,False,5000
CUST_001830,premium,2023-06-02 10:00:00,UAE,18-24,True,10000
CUST_001831,standard,2023-06-02 12:00:00,UAE,45+,False,5000
CUST_001832,new,2023-06-02 14:00:00,Kuwait,25-34,True,3000
CUST_001833,new,2023-06-02 16:00:00,UAE,25-34,False,10000
CUST_001834,standard,2023-06-02 18:00:00,UAE,45+,True,3000
CUST_001835,standard,2023-06-02 20:00:00,UAE,45+,True,5000
CUST_001836,new,2023-06-02 22:00:00,UAE,45+,True,5000
CUST_001837,new,2023-06-03 00:00:00,UAE,35-44,True,10000
CUST_001838,standard,2023-06-03 02:00:00,Egypt,45+,True,20000
CUST_001839,standard,2023-06-03 04:00:00,KSA,25-34,False,10000
CUST_001840,standard,2023-06-03 06:00:00,UAE,35-44,True,5000
CUST_001841,standard,2023-06-03 08:00:00,Egypt,35-44,True,3000
CUST_001842,premium,2023-06-03 10:00:00,UAE,25-34,True,10000
CUST_001843,standard,2023-06-03 12:00:00,UAE,18-24,True,5000
CUST_001844,standard,2023-06-03 14:00:00,KSA,45+,True,3000
CUST_001845,new,2023-06-03 16:00:00,KSA,25-34,True,10000
CUST_001846,premium,2023-06-03 18:00:00,UAE,35-44,False,3000
CUST_001847,standard,2023-06-03 20:00:00,UAE,18-24,True,3000
CUST_001848,standard,2023-06-03 22:00:00,KSA,18-24,True,20000
CUST_001849,standard,2023-06-04 00:00:00,KSA,25-34,True,5000
CUST_001850,premium,2023-06-04 02:00:00,KSA,25-34,True,3000
CUST_001851,standard,2023-06-04 04:00:00,UAE,25-34,True,10000
CUST_001852,standard,2023-06-04 06:00:00,UAE,25-34,True,10000
CUST_001853,standard,2023-06-04 08:00:00,UAE,18-24,True,3000
CUST_001854,standard,2023-06-04 10:00:00,UAE,18-24,True,5000
CUST_001855,standard,2023-06-04 12:00:00,Egypt,25-34,True,10000
CUST_001856,new,2023-06-04 14:00:00,UAE,18-24,True,3000
CUST_001857,standard,2023-06-04 16:00:00,UAE,35-44,True,5000
CUST_001858,new,2023-06-04 18:00:00,KSA,25-34,True,3000
CUST_001859,standard,2023-06-04 20:00:00,UAE,18-24,False,10000
CUST_001860,premium,2023-06-04 22:00:00,UAE,25-34,True,10000
CUST_001861,premium,2023-06-05 00:00:00,Egypt,18-24,True,3000
CUST_001862,standard,2023-06-05 02:00:00,Egypt,18-24,True,10000
CUST_001863,new,2023-06-05 04:00:00,KSA,25-34,True,10000
CUST_001864,new,2023-06-05 06:00:00,UAE,35-44,True,5000
CUST_001865,new,2023-06-05 08:00:00,KSA,45+,True,5000
CUST_001866,standard,2023-06-05 10:00:00,KSA,35-44,True,3000
CUST_001867,standard,2023-06-05 12:00:00,UAE,25-34,False,20000
CUST_001868,premium,2023-06-05 14:00:00,UAE,25-34,False,5000
CUST_001869,standard,2023-06-05 16:00:00,Egypt,25-34,True,5000
CUST_001870,standard,2023-06-05 18:00:00,UAE,35-44,True,5000
CUST_001871,premium,2023-06-05 20:00:00,KSA,45+,False,5000
CUST_001872,standard,2023-06-05 22:00:00,UAE,18-24,True,10000
CUST_001873,standard,2023-06-06 00:00:00,UAE,18-24,True,5000
CUST_001874,new,2023-06-06 02:00:00,UAE,25-34,False,20000
CUST_001875,new,2023-06-06 04:00:00,Egypt,35-44,False,5000
CUST_001876,new,2023-06-06 06:00:00,UAE,35-44,True,3000
CUST_001877,standard,2023-06-06 08:00:00,KSA,25-34,True,20000
CUST_001878,standard,2023-06-06 10:00:00,KSA,45+,True,5000
CUST_001879,standard,2023-06-06 12:00:00,KSA,25-34,False,5000
CUST_001880,new,2023-06-06 14:00:00,Kuwait,45+,False,20000
CUST_001881,premium,2023-06-06 16:00:00,KSA,45+,True,3000
CUST_001882,standard,2023-06-06 18:00:00,UAE,35-44,True,5000
CUST_001883,new,2023-06-06 20:00:00,Kuwait,25-34,True,3000
CUST_001884,standard,2023-06-06 22:00:00,KSA,18-24,True,5000
CUST_001885,standard,2023-06-07 00:00:00,UAE,25-34,True,10000
CUST_001886,standard,2023-06-07 02:00:00,UAE,25-34,True,20000
CUST_001887,standard,2023-06-07 04:00:00,Egypt,35-44,True,5000
CUST_001888,standard,2023-06-07 06:00:00,UAE,18-24,True,10000
CUST_001889,standard,2023-06-07 08:00:00,KSA,25-34,True,20000
CUST_001890,premium,2023-06-07 10:00:00,UAE,35-44,True,5000
CUST_001891,premium,2023-06-07 12:00:00,UAE,18-24,True,3000
CUST_001892,new,2023-06-07 14:00:00,KSA,25-34,True,5000
CUST_001893,standard,2023-06-07 16:00:00,UAE,25-34,True,20000
CUST_001894,standard,2023-06-07 18:00:00,UAE,25-34,False,20000
CUST_001895,standard,2023-06-07 20:00:00,KSA,18-24,True,5000
CUST_001896,new,2023-06-07 22:00:00,UAE,35-44,True,10000
CUST_001897,standard,2023-06-08 00:00:00,KSA,25-34,True,3000
CUST_001898,standard,2023-06-08 02:00:00,Egypt,45+,False,3000
CUST_001899,new,2023-06-08 04:00:00,KSA,25-34,True,20000
CUST_001900,new,2023-06-08 06:00:00,UAE,25-34,True,3000
CUST_001901,standard,2023-06-08 08:00:00,UAE,18-24,True,3000
CUST_001902,new,2023-06-08 10:00:00,KSA,18-24,True,5000
CUST_001903,standard,2023-06-08 12:00:00,Egypt,25-34,False,5000
CUST_001904,standard,2023-06-08 14:00:00,Egypt,18-24,False,5000
CUST_001905,premium,2023-06-08 16:00:00,Egypt,25-34,True,3000
CUST_001906,premium,2023-06-08 18:00:00,UAE,25-34,True,20000
CUST_001907,new,2023-06-08 20:00:00,UAE,25-34,True,20000
CUST_001908,standard,2023-06-08 22:00:00,UAE,18-24,True,5000
CUST_001909,standard,2023-06-09 00:00:00,UAE,35-44,False,5000
CUST_001910,new,2023-06-09 02:00:00,UAE,45+,False,10000
CUST_001911,new,2023-06-09 04:00:00,Egypt,18-24,True,5000
CUST_001912,standard,2023-06-09 06:00:00,UAE,18-24,True,5000
CUST_001913,standard,2023-06-09 08:00:00,UAE,45+,True,5000
CUST_001914,premium,2023-06-09 10:00:00,UAE,18-24,True,5000
CUST_001915,new,2023-06-09 12:00:00,Egypt,45+,True,3000
CUST_001916,standard,2023-06-09 14:00:00,KSA,18-24,True,5000
CUST_001917,new,2023-06-09 16:00:00,KSA,35-44,True,5000
CUST_001918,premium,2023-06-09 18:00:00,Egypt,25-34,True,10000
CUST_001919,premium,2023-06-09 20:00:00,UAE,45+,True,10000
CUST_001920,standard,2023-06-09 22:00:00,KSA,25-34,True,5000
CUST_001921,standard,2023-06-10 00:00:00,UAE,25-34,True,10000
CUST_001922,standard,2023-06-10 02:00:00,UAE,18-24,True,3000
CUST_001923,new,2023-06-10 04:00:00,Egypt,25-34,False,5000
CUST_001924,standard,2023-06-10 06:00:00,KSA,35-44,True,10000
CUST_001925,standard,2023-06-10 08:00:00,UAE,25-34,False,5000
CUST_001926,new,2023-06-10 10:00:00,UAE,45+,False,5000
CUST_001927,standard,2023-06-10 12:00:00,KSA,25-34,True,5000
CUST_001928,new,2023-06-10 14:00:00,UAE,35-44,True,20000
CUST_001929,premium,2023-06-10 16:00:00,UAE,25-34,False,5000
CUST_001930,standard,2023-06-10 18:00:00,UAE,45+,True,10000
CUST_001931,premium,2023-06-10 20:00:00,UAE,45+,False,20000
CUST_001932,premium,2023-06-10 22:00:00,Egypt,25-34,True,10000
CUST_001933,new,2023-06-11 00:00:00,UAE,35-44,True,5000
CUST_001934,premium,2023-06-11 02:00:00,UAE,35-44,True,3000
CUST_001935,standard,2023-06-11 04:00:00,KSA,25-34,True,5000
CUST_001936,standard,2023-06-11 06:00:00,Egypt,25-34,False,5000
CUST_001937,standard,2023-06-11 08:00:00,UAE,18-24,True,10000
CUST_001938,new,2023-06-11 10:00:00,UAE,35-44,True,5000
CUST_001939,premium,2023-06-11 12:00:00,UAE,18-24,True,20000
CUST_001940,standard,2023-06-11 14:00:00,KSA,18-24,True,3000
CUST_001941,new,2023-06-11 16:00:00,KSA,25-34,True,10000
CUST_001942,standard,2023-06-11 18:00:00,Egypt,25-34,True,5000
CUST_001943,new,2023-06-11 20:00:00,Kuwait,35-44,True,5000
CUST_001944,premium,2023-06-11 22:00:00,KSA,45+,True,10000
CUST_001945,standard,2023-06-12 00:00:00,KSA,25-34,True,3000
CUST_001946,standard,2023-06-12 02:00:00,UAE,18-24,True,3000
CUST_001947,new,2023-06-12 04:00:00,UAE,35-44,False,5000
CUST_001948,new,2023-06-12 06:00:00,Kuwait,25-34,True,5000
CUST_001949,standard,2023-06-12 08:00:00,UAE,25-34,True,10000
CUST_001950,standard,2023-06-12 10:00:00,UAE,25-34,True,20000
CUST_001951,standard,2023-06-12 12:00:00,KSA,25-34,True,3000
CUST_001952,standard,2023-06-12 14:00:00,UAE,25-34,True,5000
CUST_001953,standard,2023-06-12 16:00:00,KSA,35-44,True,5000
CUST_001954,new,2023-06-12 18:00:00,KSA,25-34,True,20000
CUST_001955,standard,2023-06-12 20:00:00,UAE,35-44,True,20000
CUST_001956,standard,2023-06-12 22:00:00,Egypt,25-34,True,10000
CUST_001957,premium,2023-06-13 00:00:00,UAE,25-34,True,5000
CUST_001958,standard,2023-06-13 02:00:00,UAE,35-44,True,3000
CUST_001959,standard,2023-06-13 04:00:00,KSA,25-34,False,5000
CUST_001960,standard,2023-06-13 06:00:00,KSA,25-34,True,5000
CUST_001961,new,2023-06-13 08:00:00,KSA,25-34,True,10000
CUST_001962,standard,2023-06-13 10:00:00,UAE,25-34,True,5000
CUST_001963,standard,2023-06-13 12:00:00,KSA,35-44,True,10000
CUST_001964,premium,2023-06-13 14:00:00,UAE,25-34,True,5000
CUST_001965,new,2023-06-13 16:00:00,Egypt,35-44,True,10000
CUST_001966,new,2023-06-13 18:00:00,UAE,18-24,True,3000
CUST_001967,premium,2023-06-13 20:00:00,KSA,25-34,True,3000
CUST_001968,new,2023-06-13 22:00:00,UAE,45+,False,3000
CUST_001969,standard,2023-06-14 00:00:00,UAE,35-44,True,10000
CUST_001970,premium,2023-06-14 02:00:00,UAE,18-24,True,3000
CUST_001971,standard,2023-06-14 04:00:00,Egypt,25-34,True,10000
CUST_001972,standard,2023-06-14 06:00:00,KSA,25-34,True,3000
CUST_001973,standard,2023-06-14 08:00:00,Egypt,25-34,True,5000
CUST_001974,new,2023-06-14 10:00:00,UAE,35-44,True,20000
CUST_001975,new,2023-06-14 12:00:00,UAE,35-44,True,5000
CUST_001976,standard,2023-06-14 14:00:00,UAE,25-34,True,3000
CUST_001977,standard,2023-06-14 16:00:00,Egypt,35-44,True,3000
CUST_001978,standard,2023-06-14 18:00:00,UAE,25-34,False,20000
CUST_001979,standard,2023-06-14 20:00:00,Egypt,18-24,True,5000
CUST_001980,standard,2023-06-14 22:00:00,Egypt,25-34,True,5000
CUST_001981,premium,2023-06-15 00:00:00,Egypt,45+,True,5000
CUST_001982,standard,2023-06-15 02:00:00,KSA,35-44,True,5000
CUST_001983,new,2023-06-15 04:00:00,KSA,25-34,False,3000
CUST_001984,standard,2023-06-15 06:00:00,KSA,25-34,True,5000
CUST_001985,premium,2023-06-15 08:00:00,UAE,45+,True,10000
CUST_001986,new,2023-06-15 10:00:00,KSA,25-34,True,3000
CUST_001987,standard,2023-06-15 12:00:00,UAE,25-34,True,10000
CUST_001988,standard,2023-06-15 14:00:00,UAE,45+,False,10000
CUST_001989,standard,2023-06-15 16:00:00,UAE,35-44,True,20000
CUST_001990,standard,2023-06-15 18:00:00,UAE,25-34,False,3000
CUST_001991,new,2023-06-15 20:00:00,UAE,25-34,True,5000
CUST_001992,standard,2023-06-15 22:00:00,UAE,25-34,True,10000
CUST_001993,standard,2023-06-16 00:00:00,KSA,18-24,True,3000
CUST_001994,new,2023-06-16 02:00:00,UAE,45+,True,3000
CUST_001995,new,2023-06-16 04:00:00,KSA,25-34,True,10000
CUST_001996,new,2023-06-16 06:00:00,UAE,35-44,True,5000
CUST_001997,standard,2023-06-16 08:00:00,KSA,18-24,True,5000
CUST_001998,standard,2023-06-16 10:00:00,KSA,25-34,True,5000
CUST_001999,new,2023-06-16 12:00:00,KSA,18-24,True,10000
CUST_002000,new,2023-06-16 14:00:00,KSA,35-44,False,5000
CUST_002001,premium,2023-06-16 16:00:00,UAE,25-34,True,10000
CUST_002002,premium,2023-06-16 18:00:00,KSA,25-34,True,5000
CUST_002003,standard,2023-06-16 20:00:00,UAE,18-24,True,5000
CUST_002004,new,2023-06-16 22:00:00,UAE,25-34,False,5000
CUST_002005,standard,2023-06-17 00:00:00,KSA,18-24,True,3000
CUST_002006,standard,2023-06-17 02:00:00,UAE,25-34,True,5000
CUST_002007,premium,2023-06-17 04:00:00,KSA,25-34,True,5000
CUST_002008,standard,2023-06-17 06:00:00,KSA,25-34,True,20000
CUST_002009,new,2023-06-17 08:00:00,UAE,25-34,True,5000
CUST_002010,standard,2023-06-17 10:00:00,UAE,25-34,False,5000
CUST_002011,new,2023-06-17 12:00:00,UAE,25-34,True,5000
CUST_002012,new,2023-06-17 14:00:00,Egypt,25-34,True,10000
CUST_002013,standard,2023-06-17 16:00:00,KSA,18-24,False,5000
CUST_002014,standard,2023-06-17 18:00:00,UAE,35-44,True,3000
CUST_002015,standard,2023-06-17 20:00:00,UAE,25-34,False,10000
CUST_002016,new,2023-06-17 22:00:00,KSA,18-24,False,5000
CUST_002017,standard,2023-06-18 00:00:00,Egypt,18-24,True,5000
CUST_002018,standard,2023-06-18 02:00:00,UAE,35-44,True,5000
CUST_002019,new,2023-06-18 04:00:00,UAE,35-44,True,10000
CUST_002020,standard,2023-06-18 06:00:00,Egypt,25-34,True,5000
CUST_002021,new,2023-06-18 08:00:00,UAE,25-34,True,3000
CUST_002022,standard,2023-06-18 10:00:00,UAE,25-34,True,10000
CUST_002023,standard,2023-06-18 12:00:00,Kuwait,45+,True,3000
CUST_002024,standard,2023-06-18 14:00:00,KSA,35-44,True,10000
CUST_002025,new,2023-06-18 16:00:00,UAE,25-34,True,3000
CUST_002026,standard,2023-06-18 18:00:00,UAE,35-44,True,5000
CUST_002027,new,2023-06-18 20:00:00,UAE,35-44,True,3000
CUST_002028,new,2023-06-18 22:00:00,UAE,25-34,False,5000
CUST_002029,standard,2023-06-19 00:00:00,Egypt,25-34,True,5000
CUST_002030,new,2023-06-19 02:00:00,UAE,18-24,True,3000
CUST_002031,premium,2023-06-19 04:00:00,KSA,18-24,True,5000
CUST_002032,standard,2023-06-19 06:00:00,Egypt,35-44,True,20000
CUST_002033,standard,2023-06-19 08:00:00,UAE,25-34,True,5000
CUST_002034,new,2023-06-19 10:00:00,UAE,35-44,False,10000
CUST_002035,standard,2023-06-19 12:00:00,KSA,45+,True,20000
CUST_002036,standard,2023-06-19 14:00:00,Egypt,18-24,True,20000
CUST_002037,standard,2023-06-19 16:00:00,Egypt,25-34,True,10000
CUST_002038,standard,2023-06-19 18:00:00,UAE,35-44,True,5000
CUST_002039,premium,2023-06-19 20:00:00,KSA,35-44,True,20000
CUST_002040,new,2023-06-19 22:00:00,KSA,35-44,True,10000
CUST_002041,new,2023-06-20 00:00:00,Egypt,25-34,True,10000
CUST_002042,standard,2023-06-20 02:00:00,UAE,25-34,True,3000
CUST_002043,new,2023-06-20 04:00:00,KSA,25-34,True,20000
CUST_002044,standard,2023-06-20 06:00:00,Egypt,45+,True,10000
CUST_002045,new,2023-06-20 08:00:00,UAE,25-34,True,10000
CUST_002046,standard,2023-06-20 10:00:00,UAE,45+,True,3000
CUST_002047,standard,2023-06-20 12:00:00,UAE,25-34,True,3000
CUST_002048,standard,2023-06-20 14:00:00,UAE,45+,True,20000
CUST_002049,new,2023-06-20 16:00:00,UAE,25-34,True,5000
CUST_002050,standard,2023-06-20 18:00:00,Egypt,25-34,True,5000
CUST_002051,standard,2023-06-20 20:00:00,UAE,25-34,True,10000
CUST_002052,premium,2023-06-20 22:00:00,UAE,25-34,True,3000
CUST_002053,standard,2023-06-21 00:00:00,KSA,25-34,True,5000
CUST_002054,standard,2023-06-21 02:00:00,UAE,18-24,True,5000
CUST_002055,new,2023-06-21 04:00:00,UAE,18-24,False,5000
CUST_002056,new,2023-06-21 06:00:00,KSA,25-34,False,5000
CUST_002057,premium,2023-06-21 08:00:00,Egypt,35-44,True,3000
CUST_002058,new,2023-06-21 10:00:00,KSA,25-34,True,3000
CUST_002059,standard,2023-06-21 12:00:00,KSA,18-24,True,5000
CUST_002060,new,2023-06-21 14:00:00,UAE,35-44,True,20000
CUST_002061,new,2023-06-21 16:00:00,Egypt,25-34,True,5000
CUST_002062,standard,2023-06-21 18:00:00,UAE,45+,False,3000
CUST_002063,new,2023-06-21 20:00:00,KSA,25-34,True,3000
CUST_002064,standard,2023-06-21 22:00:00,UAE,18-24,True,10000
CUST_002065,standard,2023-06-22 00:00:00,Egypt,25-34,True,20000
CUST_002066,new,2023-06-22 02:00:00,KSA,25-34,True,5000
CUST_002067,standard,2023-06-22 04:00:00,KSA,18-24,True,3000
CUST_002068,standard,2023-06-22 06:00:00,UAE,18-24,True,5000
CUST_002069,standard,2023-06-22 08:00:00,UAE,18-24,True,10000
CUST_002070,new,2023-06-22 10:00:00,KSA,25-34,True,5000
CUST_002071,standard,2023-06-22 12:00:00,KSA,25-34,True,5000
CUST_002072,standard,2023-06-22 14:00:00,UAE,25-34,True,10000
CUST_002073,new,2023-06-22 16:00:00,Kuwait,18-24,False,20000
CUST_002074,new,2023-06-22 18:00:00,Egypt,25-34,True,3000
CUST_002075,premium,2023-06-22 20:00:00,UAE,25-34,True,20000
CUST_002076,standard,2023-06-22 22:00:00,Egypt,25-34,True,5000
CUST_002077,premium,2023-06-23 00:00:00,KSA,18-24,True,10000
CUST_002078,standard,2023-06-23 02:00:00,UAE,18-24,True,5000
CUST_002079,standard,2023-06-23 04:00:00,UAE,25-34,True,5000
CUST_002080,new,2023-06-23 06:00:00,KSA,18-24,True,5000
CUST_002081,standard,2023-06-23 08:00:00,KSA,25-34,True,5000
CUST_002082,standard,2023-06-23 10:00:00,UAE,25-34,True,3000
CUST_002083,standard,2023-06-23 12:00:00,KSA,25-34,True,5000
CUST_002084,new,2023-06-23 14:00:00,KSA,25-34,False,5000
CUST_002085,standard,2023-06-23 16:00:00,KSA,25-34,False,3000
CUST_002086,new,2023-06-23 18:00:00,UAE,25-34,False,20000
CUST_002087,standard,2023-06-23 20:00:00,Egypt,35-44,True,3000
CUST_002088,premium,2023-06-23 22:00:00,UAE,35-44,False,5000
CUST_002089,standard,2023-06-24 00:00:00,UAE,25-34,True,3000
CUST_002090,standard,2023-06-24 02:00:00,UAE,25-34,True,5000
CUST_002091,standard,2023-06-24 04:00:00,UAE,25-34,True,5000
CUST_002092,premium,2023-06-24 06:00:00,Egypt,35-44,True,5000
CUST_002093,standard,2023-06-24 08:00:00,UAE,18-24,True,3000
CUST_002094,new,2023-06-24 10:00:00,KSA,45+,True,3000
CUST_002095,standard,2023-06-24 12:00:00,UAE,25-34,True,10000
CUST_002096,new,2023-06-24 14:00:00,UAE,25-34,True,5000
CUST_002097,standard,2023-06-24 16:00:00,Kuwait,18-24,True,5000
CUST_002098,standard,2023-06-24 18:00:00,KSA,25-34,True,3000
CUST_002099,standard,2023-06-24 20:00:00,UAE,25-34,True,10000
CUST_002100,standard,2023-06-24 22:00:00,KSA,18-24,True,3000
CUST_002101,standard,2023-06-25 00:00:00,UAE,25-34,False,20000
CUST_002102,standard,2023-06-25 02:00:00,UAE,35-44,True,5000
CUST_002103,premium,2023-06-25 04:00:00,KSA,25-34,True,5000
CUST_002104,standard,2023-06-25 06:00:00,KSA,25-34,True,10000
CUST_002105,standard,2023-06-25 08:00:00,UAE,18-24,True,10000
CUST_002106,new,2023-06-25 10:00:00,Egypt,35-44,True,5000
CUST_002107,new,2023-06-25 12:00:00,KSA,35-44,True,5000
CUST_002108,new,2023-06-25 14:00:00,UAE,25-34,False,5000
CUST_002109,new,2023-06-25 16:00:00,KSA,25-34,True,20000
CUST_002110,standard,2023-06-25 18:00:00,KSA,25-34,True,5000
CUST_002111,standard,2023-06-25 20:00:00,KSA,25-34,True,3000
CUST_002112,new,2023-06-25 22:00:00,UAE,25-34,True,3000
CUST_002113,standard,2023-06-26 00:00:00,KSA,45+,True,3000
CUST_002114,standard,2023-06-26 02:00:00,UAE,25-34,True,3000
CUST_002115,premium,2023-06-26 04:00:00,Egypt,25-34,True,3000
CUST_002116,standard,2023-06-26 06:00:00,KSA,25-34,True,5000
CUST_002117,standard,2023-06-26 08:00:00,UAE,35-44,True,3000
CUST_002118,new,2023-06-26 10:00:00,KSA,18-24,True,5000
CUST_002119,standard,2023-06-26 12:00:00,Egypt,25-34,True,5000
CUST_002120,standard,2023-06-26 14:00:00,Egypt,25-34,True,3000
CUST_002121,new,2023-06-26 16:00:00,UAE,25-34,True,3000
CUST_002122,premium,2023-06-26 18:00:00,UAE,35-44,True,3000
CUST_002123,standard,2023-06-26 20:00:00,KSA,18-24,True,3000
CUST_002124,premium,2023-06-26 22:00:00,UAE,35-44,True,10000
CUST_002125,new,2023-06-27 00:00:00,Egypt,18-24,True,5000
CUST_002126,new,2023-06-27 02:00:00,UAE,18-24,True,3000
CUST_002127,standard,2023-06-27 04:00:00,UAE,35-44,True,5000
CUST_002128,new,2023-06-27 06:00:00,UAE,25-34,True,3000
CUST_002129,standard,2023-06-27 08:00:00,UAE,25-34,True,5000
CUST_002130,new,2023-06-27 10:00:00,KSA,25-34,True,5000
CUST_002131,new,2023-06-27 12:00:00,UAE,25-34,True,5000
CUST_002132,new,2023-06-27 14:00:00,UAE,25-34,True,5000
CUST_002133,premium,2023-06-27 16:00:00,UAE,45+,True,3000
CUST_002134,new,2023-06-27 18:00:00,KSA,45+,True,10000
CUST_002135,new,2023-06-27 20:00:00,UAE,25-34,True,10000
CUST_002136,standard,2023-06-27 22:00:00,KSA,25-34,True,20000
CUST_002137,new,2023-06-28 00:00:00,KSA,25-34,True,3000
CUST_002138,standard,2023-06-28 02:00:00,KSA,25-34,False,10000
CUST_002139,new,2023-06-28 04:00:00,Egypt,18-24,True,10000
CUST_002140,premium,2023-06-28 06:00:00,Egypt,25-34,True,20000
CUST_002141,new,2023-06-28 08:00:00,Egypt,18-24,True,3000
CUST_002142,standard,2023-06-28 10:00:00,UAE,18-24,True,10000
CUST_002143,premium,2023-06-28 12:00:00,UAE,18-24,False,3000
CUST_002144,standard,2023-06-28 14:00:00,UAE,25-34,True,5000
CUST_002145,premium,2023-06-28 16:00:00,Egypt,35-44,False,5000
CUST_002146,standard,2023-06-28 18:00:00,Kuwait,25-34,True,10000
CUST_002147,standard,2023-06-28 20:00:00,Egypt,25-34,True,10000
CUST_002148,standard,2023-06-28 22:00:00,UAE,18-24,True,5000
CUST_002149,standard,2023-06-29 00:00:00,Egypt,25-34,True,5000
CUST_002150,standard,2023-06-29 02:00:00,UAE,25-34,True,3000
CUST_002151,new,2023-06-29 04:00:00,UAE,25-34,True,5000
CUST_002152,premium,2023-06-29 06:00:00,UAE,45+,True,5000
CUST_002153,new,2023-06-29 08:00:00,UAE,18-24,True,3000
CUST_002154,new,2023-06-29 10:00:00,KSA,25-34,True,10000
CUST_002155,standard,2023-06-29 12:00:00,UAE,25-34,True,3000
CUST_002156,standard,2023-06-29 14:00:00,UAE,45+,True,5000
CUST_002157,new,2023-06-29 16:00:00,KSA,35-44,True,10000
CUST_002158,standard,2023-06-29 18:00:00,Egypt,35-44,True,20000
CUST_002159,premium,2023-06-29 20:00:00,KSA,25-34,True,10000
CUST_002160,standard,2023-06-29 22:00:00,UAE,45+,False,3000
CUST_002161,new,2023-06-30 00:00:00,Egypt,18-24,True,10000
CUST_002162,premium,2023-06-30 02:00:00,Egypt,18-24,True,3000
CUST_002163,standard,2023-06-30 04:00:00,UAE,35-44,True,20000
CUST_002164,new,2023-06-30 06:00:00,KSA,45+,True,10000
CUST_002165,new,2023-06-30 08:00:00,UAE,18-24,True,10000
CUST_002166,standard,2023-06-30 10:00:00,UAE,18-24,True,3000
CUST_002167,premium,2023-06-30 12:00:00,KSA,18-24,True,5000
CUST_002168,new,2023-06-30 14:00:00,Egypt,18-24,True,10000
CUST_002169,standard,2023-06-30 16:00:00,UAE,25-34,True,10000
CUST_002170,premium,2023-06-30 18:00:00,Egypt,45+,False,3000
CUST_002171,premium,2023-06-30 20:00:00,Egypt,25-34,True,20000
CUST_002172,new,2023-06-30 22:00:00,Egypt,35-44,True,3000
CUST_002173,standard,2023-07-01 00:00:00,UAE,35-44,True,5000
CUST_002174,new,2023-07-01 02:00:00,Egypt,25-34,True,5000
CUST_002175,new,2023-07-01 04:00:00,UAE,35-44,True,3000
CUST_002176,standard,2023-07-01 06:00:00,KSA,25-34,True,3000
CUST_002177,standard,2023-07-01 08:00:00,UAE,25-34,True,10000
CUST_002178,standard,2023-07-01 10:00:00,UAE,25-34,False,5000
CUST_002179,standard,2023-07-01 12:00:00,KSA,25-34,True,3000
CUST_002180,standard,2023-07-01 14:00:00,UAE,35-44,True,10000
CUST_002181,new,2023-07-01 16:00:00,UAE,45+,True,10000
CUST_002182,standard,2023-07-01 18:00:00,UAE,25-34,True,5000
CUST_002183,new,2023-07-01 20:00:00,KSA,35-44,True,3000
CUST_002184,standard,2023-07-01 22:00:00,UAE,18-24,True,3000
CUST_002185,standard,2023-07-02 00:00:00,Egypt,35-44,False,10000
CUST_002186,standard,2023-07-02 02:00:00,UAE,25-34,True,5000
CUST_002187,standard,2023-07-02 04:00:00,UAE,18-24,True,5000
CUST_002188,new,2023-07-02 06:00:00,UAE,25-34,True,10000
CUST_002189,standard,2023-07-02 08:00:00,UAE,25-34,True,5000
CUST_002190,standard,2023-07-02 10:00:00,UAE,18-24,True,3000
CUST_002191,premium,2023-07-02 12:00:00,UAE,45+,True,20000
CUST_002192,standard,2023-07-02 14:00:00,Kuwait,18-24,False,5000
CUST_002193,standard,2023-07-02 16:00:00,KSA,45+,True,5000
CUST_002194,standard,2023-07-02 18:00:00,UAE,35-44,True,20000
CUST_002195,new,2023-07-02 20:00:00,UAE,25-34,True,20000
CUST_002196,standard,2023-07-02 22:00:00,Egypt,25-34,True,5000
CUST_002197,new,2023-07-03 00:00:00,UAE,35-44,True,3000
CUST_002198,standard,2023-07-03 02:00:00,UAE,25-34,True,20000
CUST_002199,standard,2023-07-03 04:00:00,KSA,25-34,True,5000
CUST_002200,premium,2023-07-03 06:00:00,KSA,25-34,True,5000
CUST_002201,standard,2023-07-03 08:00:00,KSA,25-34,True,5000
CUST_002202,standard,2023-07-03 10:00:00,UAE,45+,True,5000
CUST_002203,standard,2023-07-03 12:00:00,UAE,25-34,True,10000
CUST_002204,premium,2023-07-03 14:00:00,KSA,25-34,True,5000
CUST_002205,premium,2023-07-03 16:00:00,UAE,25-34,True,10000
CUST_002206,standard,2023-07-03 18:00:00,KSA,35-44,True,10000
CUST_002207,new,2023-07-03 20:00:00,KSA,35-44,True,10000
CUST_002208,standard,2023-07-03 22:00:00,UAE,25-34,True,10000
CUST_002209,standard,2023-07-04 00:00:00,Egypt,18-24,True,10000
CUST_002210,standard,2023-07-04 02:00:00,Egypt,18-24,True,5000
CUST_002211,standard,2023-07-04 04:00:00,KSA,25-34,True,3000
CUST_002212,standard,2023-07-04 06:00:00,UAE,25-34,True,10000
CUST_002213,standard,2023-07-04 08:00:00,UAE,45+,True,5000
CUST_002214,standard,2023-07-04 10:00:00,UAE,25-34,False,3000
CUST_002215,premium,2023-07-04 12:00:00,UAE,25-34,True,3000
CUST_002216,premium,2023-07-04 14:00:00,Kuwait,35-44,True,3000
CUST_002217,standard,2023-07-04 16:00:00,UAE,25-34,False,10000
CUST_002218,premium,2023-07-04 18:00:00,UAE,25-34,True,10000
CUST_002219,premium,2023-07-04 20:00:00,UAE,18-24,True,3000
CUST_002220,standard,2023-07-04 22:00:00,KSA,25-34,True,10000
CUST_002221,new,2023-07-05 00:00:00,UAE,45+,True,3000
CUST_002222,standard,2023-07-05 02:00:00,UAE,25-34,True,10000
CUST_002223,standard,2023-07-05 04:00:00,UAE,25-34,True,5000
CUST_002224,standard,2023-07-05 06:00:00,Egypt,25-34,True,10000
CUST_002225,new,2023-07-05 08:00:00,UAE,45+,True,5000
CUST_002226,standard,2023-07-05 10:00:00,Egypt,25-34,True,5000
CUST_002227,premium,2023-07-05 12:00:00,Egypt,25-34,True,10000
CUST_002228,standard,2023-07-05 14:00:00,UAE,45+,True,3000
CUST_002229,premium,2023-07-05 16:00:00,KSA,18-24,True,20000
CUST_002230,standard,2023-07-05 18:00:00,UAE,35-44,True,5000
CUST_002231,standard,2023-07-05 20:00:00,Kuwait,25-34,True,5000
CUST_002232,new,2023-07-05 22:00:00,KSA,25-34,True,5000
CUST_002233,standard,2023-07-06 00:00:00,UAE,25-34,True,3000
CUST_002234,new,2023-07-06 02:00:00,UAE,25-34,True,5000
CUST_002235,new,2023-07-06 04:00:00,UAE,25-34,True,20000
CUST_002236,premium,2023-07-06 06:00:00,Kuwait,25-34,True,3000
CUST_002237,standard,2023-07-06 08:00:00,UAE,25-34,True,10000
CUST_002238,standard,2023-07-06 10:00:00,KSA,18-24,True,5000
CUST_002239,standard,2023-07-06 12:00:00,UAE,18-24,False,5000
CUST_002240,standard,2023-07-06 14:00:00,Egypt,45+,True,3000
CUST_002241,new,2023-07-06 16:00:00,UAE,25-34,True,5000
CUST_002242,new,2023-07-06 18:00:00,KSA,45+,True,20000
CUST_002243,standard,2023-07-06 20:00:00,UAE,18-24,True,3000
CUST_002244,standard,2023-07-06 22:00:00,KSA,25-34,True,5000
CUST_002245,new,2023-07-07 00:00:00,UAE,25-34,True,5000
CUST_002246,new,2023-07-07 02:00:00,UAE,35-44,True,5000
CUST_002247,new,2023-07-07 04:00:00,UAE,35-44,True,5000
CUST_002248,premium,2023-07-07 06:00:00,KSA,18-24,True,5000
CUST_002249,standard,2023-07-07 08:00:00,UAE,45+,True,3000
CUST_002250,premium,2023-07-07 10:00:00,KSA,18-24,True,20000
CUST_002251,standard,2023-07-07 12:00:00,UAE,25-34,True,10000
CUST_002252,premium,2023-07-07 14:00:00,Egypt,45+,True,3000
CUST_002253,standard,2023-07-07 16:00:00,Egypt,35-44,True,5000
CUST_002254,standard,2023-07-07 18:00:00,KSA,45+,False,10000
CUST_002255,premium,2023-07-07 20:00:00,UAE,25-34,True,20000
CUST_002256,standard,2023-07-07 22:00:00,UAE,18-24,False,20000
CUST_002257,standard,2023-07-08 00:00:00,UAE,18-24,True,10000
CUST_002258,standard,2023-07-08 02:00:00,UAE,25-34,True,3000
CUST_002259,premium,2023-07-08 04:00:00,KSA,35-44,True,20000
CUST_002260,standard,2023-07-08 06:00:00,KSA,18-24,True,10000
CUST_002261,new,2023-07-08 08:00:00,Egypt,25-34,True,5000
CUST_002262,premium,2023-07-08 10:00:00,UAE,25-34,True,5000
CUST_002263,premium,2023-07-08 12:00:00,KSA,25-34,True,5000
CUST_002264,standard,2023-07-08 14:00:00,UAE,25-34,True,5000
CUST_002265,new,2023-07-08 16:00:00,KSA,25-34,True,3000
CUST_002266,standard,2023-07-08 18:00:00,UAE,35-44,True,3000
CUST_002267,standard,2023-07-08 20:00:00,UAE,18-24,True,3000
CUST_002268,standard,2023-07-08 22:00:00,UAE,35-44,True,5000
CUST_002269,standard,2023-07-09 00:00:00,KSA,18-24,True,3000
CUST_002270,premium,2023-07-09 02:00:00,Egypt,18-24,True,10000
CUST_002271,standard,2023-07-09 04:00:00,UAE,25-34,True,3000
CUST_002272,new,2023-07-09 06:00:00,UAE,35-44,True,20000
CUST_002273,standard,2023-07-09 08:00:00,UAE,25-34,True,10000
CUST_002274,new,2023-07-09 10:00:00,KSA,25-34,True,20000
CUST_002275,new,2023-07-09 12:00:00,UAE,25-34,True,10000
CUST_002276,premium,2023-07-09 14:00:00,KSA,25-34,True,3000
CUST_002277,new,2023-07-09 16:00:00,Kuwait,35-44,True,5000
CUST_002278,premium,2023-07-09 18:00:00,Egypt,35-44,True,3000
CUST_002279,standard,2023-07-09 20:00:00,UAE,18-24,True,20000
CUST_002280,premium,2023-07-09 22:00:00,Egypt,25-34,True,5000
CUST_002281,premium,2023-07-10 00:00:00,KSA,35-44,True,5000
CUST_002282,standard,2023-07-10 02:00:00,UAE,25-34,True,10000
CUST_002283,standard,2023-07-10 04:00:00,KSA,25-34,False,20000
CUST_002284,standard,2023-07-10 06:00:00,Egypt,18-24,True,10000
CUST_002285,standard,2023-07-10 08:00:00,UAE,25-34,True,5000
CUST_002286,premium,2023-07-10 10:00:00,UAE,18-24,False,5000
CUST_002287,premium,2023-07-10 12:00:00,UAE,35-44,True,5000
CUST_002288,standard,2023-07-10 14:00:00,KSA,25-34,False,3000
CUST_002289,standard,2023-07-10 16:00:00,UAE,25-34,True,10000
CUST_002290,new,2023-07-10 18:00:00,Egypt,35-44,True,5000
CUST_002291,standard,2023-07-10 20:00:00,KSA,18-24,True,3000
CUST_002292,new,2023-07-10 22:00:00,KSA,25-34,True,20000
CUST_002293,standard,2023-07-11 00:00:00,UAE,25-34,True,5000
CUST_002294,standard,2023-07-11 02:00:00,KSA,25-34,True,10000
CUST_002295,standard,2023-07-11 04:00:00,UAE,45+,True,10000
CUST_002296,standard,2023-07-11 06:00:00,UAE,35-44,True,10000
CUST_002297,standard,2023-07-11 08:00:00,KSA,18-24,True,3000
CUST_002298,new,2023-07-11 10:00:00,UAE,35-44,True,3000
CUST_002299,standard,2023-07-11 12:00:00,KSA,25-34,False,10000
CUST_002300,new,2023-07-11 14:00:00,UAE,45+,True,10000
CUST_002301,new,2023-07-11 16:00:00,UAE,25-34,True,5000
CUST_002302,new,2023-07-11 18:00:00,UAE,25-34,True,5000
CUST_002303,new,2023-07-11 20:00:00,Kuwait,25-34,True,3000
CUST_002304,standard,2023-07-11 22:00:00,KSA,25-34,True,20000
CUST_002305,standard,2023-07-12 00:00:00,KSA,25-34,True,3000
CUST_002306,standard,2023-07-12 02:00:00,UAE,25-34,True,3000
CUST_002307,standard,2023-07-12 04:00:00,UAE,35-44,True,5000
CUST_002308,standard,2023-07-12 06:00:00,Kuwait,25-34,True,3000
CUST_002309,new,2023-07-12 08:00:00,UAE,45+,True,20000
CUST_002310,standard,2023-07-12 10:00:00,UAE,25-34,True,3000
CUST_002311,standard,2023-07-12 12:00:00,KSA,25-34,True,3000
CUST_002312,standard,2023-07-12 14:00:00,UAE,45+,False,5000
CUST_002313,standard,2023-07-12 16:00:00,Egypt,25-34,False,5000
CUST_002314,premium,2023-07-12 18:00:00,KSA,35-44,True,3000
CUST_002315,new,2023-07-12 20:00:00,UAE,35-44,True,5000
CUST_002316,standard,2023-07-12 22:00:00,UAE,25-34,False,5000
CUST_002317,standard,2023-07-13 00:00:00,UAE,25-34,True,10000
CUST_002318,premium,2023-07-13 02:00:00,Egypt,18-24,True,3000
CUST_002319,standard,2023-07-13 04:00:00,KSA,25-34,True,20000
CUST_002320,standard,2023-07-13 06:00:00,UAE,25-34,False,5000
CUST_002321,standard,2023-07-13 08:00:00,UAE,35-44,True,3000
CUST_002322,premium,2023-07-13 10:00:00,KSA,25-34,True,3000
CUST_002323,standard,2023-07-13 12:00:00,KSA,25-34,True,5000
CUST_002324,standard,2023-07-13 14:00:00,UAE,25-34,True,3000
CUST_002325,standard,2023-07-13 16:00:00,UAE,45+,True,5000
CUST_002326,standard,2023-07-13 18:00:00,UAE,18-24,True,3000
CUST_002327,standard,2023-07-13 20:00:00,KSA,18-24,True,5000
CUST_002328,standard,2023-07-13 22:00:00,Kuwait,25-34,True,5000
CUST_002329,new,2023-07-14 00:00:00,UAE,45+,True,3000
CUST_002330,standard,2023-07-14 02:00:00,KSA,45+,True,5000
CUST_002331,standard,2023-07-14 04:00:00,UAE,25-34,True,10000
CUST_002332,premium,2023-07-14 06:00:00,UAE,35-44,True,3000
CUST_002333,standard,2023-07-14 08:00:00,UAE,25-34,True,10000
CUST_002334,premium,2023-07-14 10:00:00,Egypt,45+,True,5000
CUST_002335,standard,2023-07-14 12:00:00,UAE,18-24,True,20000
CUST_002336,new,2023-07-14 14:00:00,KSA,18-24,False,3000
CUST_002337,standard,2023-07-14 16:00:00,UAE,18-24,True,20000
CUST_002338,premium,2023-07-14 18:00:00,UAE,25-34,True,5000
CUST_002339,premium,2023-07-14 20:00:00,UAE,35-44,True,5000
CUST_002340,standard,2023-07-14 22:00:00,KSA,25-34,True,5000
CUST_002341,standard,2023-07-15 00:00:00,UAE,45+,False,3000
CUST_002342,premium,2023-07-15 02:00:00,KSA,25-34,True,20000
CUST_002343,new,2023-07-15 04:00:00,UAE,18-24,True,5000
CUST_002344,standard,2023-07-15 06:00:00,UAE,25-34,False,3000
CUST_002345,standard,2023-07-15 08:00:00,UAE,25-34,True,3000
CUST_002346,new,2023-07-15 10:00:00,UAE,35-44,True,3000
CUST_002347,premium,2023-07-15 12:00:00,UAE,25-34,True,5000
CUST_002348,new,2023-07-15 14:00:00,UAE,25-34,True,5000
CUST_002349,standard,2023-07-15 16:00:00,KSA,25-34,False,5000
CUST_002350,new,2023-07-15 18:00:00,KSA,25-34,True,5000
CUST_002351,standard,2023-07-15 20:00:00,UAE,45+,False,5000
CUST_002352,new,2023-07-15 22:00:00,UAE,18-24,False,5000
CUST_002353,new,2023-07-16 00:00:00,UAE,35-44,True,3000
CUST_002354,standard,2023-07-16 02:00:00,UAE,25-34,True,3000
CUST_002355,new,2023-07-16 04:00:00,UAE,25-34,True,3000
CUST_002356,standard,2023-07-16 06:00:00,Egypt,45+,True,20000
CUST_002357,standard,2023-07-16 08:00:00,UAE,25-34,True,10000
CUST_002358,standard,2023-07-16 10:00:00,UAE,25-34,True,20000
CUST_002359,standard,2023-07-16 12:00:00,UAE,18-24,True,5000
CUST_002360,standard,2023-07-16 14:00:00,UAE,25-34,False,10000
CUST_002361,standard,2023-07-16 16:00:00,KSA,35-44,True,5000
CUST_002362,standard,2023-07-16 18:00:00,UAE,25-34,True,5000
CUST_002363,new,2023-07-16 20:00:00,UAE,45+,False,3000
CUST_002364,new,2023-07-16 22:00:00,KSA,25-34,True,10000
CUST_002365,standard,2023-07-17 00:00:00,UAE,18-24,True,20000
CUST_002366,standard,2023-07-17 02:00:00,KSA,18-24,True,3000
CUST_002367,standard,2023-07-17 04:00:00,KSA,25-34,True,3000
CUST_002368,standard,2023-07-17 06:00:00,UAE,45+,True,5000
CUST_002369,premium,2023-07-17 08:00:00,KSA,25-34,True,20000
CUST_002370,standard,2023-07-17 10:00:00,UAE,25-34,True,10000
CUST_002371,standard,2023-07-17 12:00:00,KSA,35-44,False,3000
CUST_002372,new,2023-07-17 14:00:00,UAE,35-44,True,5000
CUST_002373,standard,2023-07-17 16:00:00,UAE,18-24,True,5000
CUST_002374,standard,2023-07-17 18:00:00,KSA,35-44,True,10000
CUST_002375,standard,2023-07-17 20:00:00,Egypt,25-34,True,10000
CUST_002376,premium,2023-07-17 22:00:00,Kuwait,18-24,True,5000
CUST_002377,standard,2023-07-18 00:00:00,KSA,25-34,False,3000
CUST_002378,standard,2023-07-18 02:00:00,UAE,25-34,True,20000
CUST_002379,standard,2023-07-18 04:00:00,UAE,25-34,True,5000
CUST_002380,standard,2023-07-18 06:00:00,UAE,25-34,True,20000
CUST_002381,new,2023-07-18 08:00:00,UAE,18-24,True,5000
CUST_002382,new,2023-07-18 10:00:00,UAE,35-44,True,10000
CUST_002383,standard,2023-07-18 12:00:00,Egypt,45+,True,10000
CUST_002384,standard,2023-07-18 14:00:00,UAE,35-44,True,5000
CUST_002385,standard,2023-07-18 16:00:00,UAE,25-34,True,20000
CUST_002386,standard,2023-07-18 18:00:00,UAE,25-34,True,3000
CUST_002387,standard,2023-07-18 20:00:00,Egypt,25-34,True,10000
CUST_002388,premium,2023-07-18 22:00:00,KSA,18-24,True,20000
CUST_002389,standard,2023-07-19 00:00:00,KSA,25-34,False,5000
CUST_002390,standard,2023-07-19 02:00:00,UAE,25-34,True,5000
CUST_002391,standard,2023-07-19 04:00:00,Egypt,35-44,True,5000
CUST_002392,new,2023-07-19 06:00:00,UAE,25-34,True,10000
CUST_002393,new,2023-07-19 08:00:00,Egypt,25-34,True,10000
CUST_002394,new,2023-07-19 10:00:00,KSA,25-34,True,5000
CUST_002395,standard,2023-07-19 12:00:00,UAE,25-34,True,10000
CUST_002396,new,2023-07-19 14:00:00,UAE,25-34,True,5000
CUST_002397,premium,2023-07-19 16:00:00,KSA,25-34,True,3000
CUST_002398,new,2023-07-19 18:00:00,UAE,25-34,False,5000
CUST_002399,premium,2023-07-19 20:00:00,Egypt,25-34,True,5000
CUST_002400,new,2023-07-19 22:00:00,UAE,18-24,True,3000
CUST_002401,standard,2023-07-20 00:00:00,UAE,35-44,True,5000
CUST_002402,new,2023-07-20 02:00:00,UAE,35-44,False,5000
CUST_002403,new,2023-07-20 04:00:00,UAE,25-34,True,10000
CUST_002404,premium,2023-07-20 06:00:00,UAE,18-24,True,3000
CUST_002405,standard,2023-07-20 08:00:00,UAE,35-44,False,5000
CUST_002406,new,2023-07-20 10:00:00,KSA,25-34,True,5000
CUST_002407,standard,2023-07-20 12:00:00,UAE,25-34,True,20000
CUST_002408,new,2023-07-20 14:00:00,Kuwait,18-24,True,10000
CUST_002409,standard,2023-07-20 16:00:00,KSA,25-34,False,10000
CUST_002410,standard,2023-07-20 18:00:00,Egypt,35-44,False,20000
CUST_002411,standard,2023-07-20 20:00:00,UAE,35-44,False,5000
CUST_002412,standard,2023-07-20 22:00:00,UAE,25-34,True,3000
CUST_002413,new,2023-07-21 00:00:00,UAE,25-34,False,10000
CUST_002414,standard,2023-07-21 02:00:00,KSA,18-24,True,10000
CUST_002415,standard,2023-07-21 04:00:00,Egypt,18-24,True,5000
CUST_002416,standard,2023-07-21 06:00:00,UAE,45+,True,10000
CUST_002417,standard,2023-07-21 08:00:00,UAE,25-34,True,10000
CUST_002418,new,2023-07-21 10:00:00,Egypt,25-34,True,20000
CUST_002419,new,2023-07-21 12:00:00,UAE,35-44,True,20000
CUST_002420,standard,2023-07-21 14:00:00,KSA,35-44,False,5000
CUST_002421,new,2023-07-21 16:00:00,KSA,35-44,True,5000
CUST_002422,new,2023-07-21 18:00:00,Egypt,18-24,True,3000
CUST_002423,standard,2023-07-21 20:00:00,UAE,18-24,False,3000
CUST_002424,new,2023-07-21 22:00:00,UAE,25-34,True,10000
CUST_002425,standard,2023-07-22 00:00:00,KSA,25-34,True,5000
CUST_002426,premium,2023-07-22 02:00:00,Egypt,45+,True,5000
CUST_002427,new,2023-07-22 04:00:00,UAE,25-34,True,5000
CUST_002428,standard,2023-07-22 06:00:00,UAE,45+,True,10000
CUST_002429,new,2023-07-22 08:00:00,KSA,25-34,True,3000
CUST_002430,new,2023-07-22 10:00:00,Egypt,35-44,False,5000
CUST_002431,premium,2023-07-22 12:00:00,Egypt,25-34,True,5000
CUST_002432,new,2023-07-22 14:00:00,Kuwait,45+,True,5000
CUST_002433,standard,2023-07-22 16:00:00,UAE,18-24,True,20000
CUST_002434,standard,2023-07-22 18:00:00,UAE,25-34,True,10000
CUST_002435,standard,2023-07-22 20:00:00,KSA,35-44,True,5000
CUST_002436,new,2023-07-22 22:00:00,Egypt,25-34,False,10000
CUST_002437,premium,2023-07-23 00:00:00,UAE,25-34,True,5000
CUST_002438,standard,2023-07-23 02:00:00,UAE,45+,True,10000
CUST_002439,standard,2023-07-23 04:00:00,KSA,25-34,False,3000
CUST_002440,new,2023-07-23 06:00:00,UAE,25-34,True,10000
CUST_002441,standard,2023-07-23 08:00:00,UAE,18-24,True,5000
CUST_002442,premium,2023-07-23 10:00:00,KSA,35-44,True,3000
CUST_002443,standard,2023-07-23 12:00:00,KSA,25-34,True,3000
CUST_002444,standard,2023-07-23 14:00:00,KSA,25-34,True,5000
CUST_002445,new,2023-07-23 16:00:00,UAE,18-24,True,10000
CUST_002446,standard,2023-07-23 18:00:00,KSA,25-34,True,3000
CUST_002447,standard,2023-07-23 20:00:00,KSA,18-24,True,5000
CUST_002448,new,2023-07-23 22:00:00,KSA,18-24,False,10000
CUST_002449,premium,2023-07-24 00:00:00,KSA,25-34,False,5000
CUST_002450,new,2023-07-24 02:00:00,UAE,18-24,True,10000
CUST_002451,standard,2023-07-24 04:00:00,UAE,18-24,True,3000
CUST_002452,new,2023-07-24 06:00:00,UAE,25-34,True,5000
CUST_002453,standard,2023-07-24 08:00:00,UAE,18-24,True,20000
CUST_002454,premium,2023-07-24 10:00:00,KSA,25-34,False,5000
CUST_002455,new,2023-07-24 12:00:00,Egypt,18-24,False,5000
CUST_002456,new,2023-07-24 14:00:00,KSA,25-34,False,10000
CUST_002457,new,2023-07-24 16:00:00,KSA,25-34,True,5000
CUST_002458,premium,2023-07-24 18:00:00,UAE,35-44,False,10000
CUST_002459,new,2023-07-24 20:00:00,UAE,25-34,False,20000
CUST_002460,new,2023-07-24 22:00:00,UAE,18-24,True,3000
CUST_002461,standard,2023-07-25 00:00:00,UAE,18-24,True,10000
CUST_002462,new,2023-07-25 02:00:00,UAE,25-34,True,3000
CUST_002463,new,2023-07-25 04:00:00,KSA,45+,True,5000
CUST_002464,standard,2023-07-25 06:00:00,Kuwait,25-34,False,10000
CUST_002465,premium,2023-07-25 08:00:00,UAE,25-34,True,10000
CUST_002466,standard,2023-07-25 10:00:00,UAE,18-24,True,10000
CUST_002467,premium,2023-07-25 12:00:00,KSA,25-34,True,20000
CUST_002468,standard,2023-07-25 14:00:00,UAE,25-34,True,5000
CUST_002469,standard,2023-07-25 16:00:00,Egypt,25-34,False,5000
CUST_002470,premium,2023-07-25 18:00:00,KSA,35-44,True,5000
CUST_002471,standard,2023-07-25 20:00:00,Egypt,25-34,True,5000
CUST_002472,premium,2023-07-25 22:00:00,UAE,18-24,True,5000
CUST_002473,new,2023-07-26 00:00:00,KSA,25-34,True,10000
CUST_002474,new,2023-07-26 02:00:00,UAE,25-34,True,5000
CUST_002475,premium,2023-07-26 04:00:00,KSA,25-34,False,10000
CUST_002476,new,2023-07-26 06:00:00,UAE,25-34,True,10000
CUST_002477,standard,2023-07-26 08:00:00,UAE,25-34,True,3000
CUST_002478,standard,2023-07-26 10:00:00,KSA,25-34,True,5000
CUST_002479,premium,2023-07-26 12:00:00,KSA,35-44,True,5000
CUST_002480,standard,2023-07-26 14:00:00,Egypt,25-34,False,5000
CUST_002481,new,2023-07-26 16:00:00,KSA,35-44,True,10000
CUST_002482,new,2023-07-26 18:00:00,KSA,25-34,True,5000
CUST_002483,premium,2023-07-26 20:00:00,UAE,25-34,True,10000
CUST_002484,premium,2023-07-26 22:00:00,KSA,45+,True,10000
CUST_002485,standard,2023-07-27 00:00:00,KSA,25-34,True,5000
CUST_002486,standard,2023-07-27 02:00:00,Egypt,35-44,True,10000
CUST_002487,standard,2023-07-27 04:00:00,Egypt,35-44,True,3000
CUST_002488,standard,2023-07-27 06:00:00,UAE,18-24,False,3000
CUST_002489,new,2023-07-27 08:00:00,Egypt,25-34,True,3000
CUST_002490,new,2023-07-27 10:00:00,UAE,18-24,True,5000
CUST_002491,standard,2023-07-27 12:00:00,UAE,45+,False,3000
CUST_002492,new,2023-07-27 14:00:00,KSA,35-44,False,20000
CUST_002493,standard,2023-07-27 16:00:00,UAE,18-24,True,5000
CUST_002494,standard,2023-07-27 18:00:00,KSA,18-24,True,5000
CUST_002495,standard,2023-07-27 20:00:00,UAE,25-34,True,3000
CUST_002496,standard,2023-07-27 22:00:00,UAE,25-34,True,5000
CUST_002497,new,2023-07-28 00:00:00,KSA,18-24,True,5000
CUST_002498,standard,2023-07-28 02:00:00,KSA,25-34,True,5000
CUST_002499,standard,2023-07-28 04:00:00,Egypt,25-34,True,5000
CUST_002500,standard,2023-07-28 06:00:00,KSA,18-24,True,5000
CUST_002501,premium,2023-07-28 08:00:00,KSA,35-44,True,5000
CUST_002502,new,2023-07-28 10:00:00,UAE,45+,True,10000
CUST_002503,standard,2023-07-28 12:00:00,UAE,35-44,True,3000
CUST_002504,standard,2023-07-28 14:00:00,UAE,35-44,True,10000
CUST_002505,standard,2023-07-28 16:00:00,KSA,25-34,True,5000
CUST_002506,standard,2023-07-28 18:00:00,KSA,25-34,True,5000
CUST_002507,premium,2023-07-28 20:00:00,UAE,25-34,True,5000
CUST_002508,standard,2023-07-28 22:00:00,KSA,35-44,True,5000
CUST_002509,standard,2023-07-29 00:00:00,KSA,45+,True,3000
CUST_002510,new,2023-07-29 02:00:00,UAE,35-44,True,20000
CUST_002511,new,2023-07-29 04:00:00,UAE,35-44,True,5000
CUST_002512,new,2023-07-29 06:00:00,Egypt,25-34,True,20000
CUST_002513,standard,2023-07-29 08:00:00,KSA,25-34,True,5000
CUST_002514,standard,2023-07-29 10:00:00,Egypt,25-34,True,3000
CUST_002515,premium,2023-07-29 12:00:00,UAE,18-24,True,5000
CUST_002516,new,2023-07-29 14:00:00,Kuwait,18-24,True,3000
CUST_002517,standard,2023-07-29 16:00:00,UAE,25-34,True,20000
CUST_002518,standard,2023-07-29 18:00:00,UAE,25-34,True,10000
CUST_002519,standard,2023-07-29 20:00:00,Kuwait,25-34,True,10000
CUST_002520,premium,2023-07-29 22:00:00,UAE,25-34,True,5000
CUST_002521,standard,2023-07-30 00:00:00,KSA,25-34,True,5000
CUST_002522,premium,2023-07-30 02:00:00,UAE,25-34,True,20000
CUST_002523,new,2023-07-30 04:00:00,KSA,25-34,True,3000
CUST_002524,standard,2023-07-30 06:00:00,Egypt,25-34,True,10000
CUST_002525,premium,2023-07-30 08:00:00,UAE,35-44,True,5000
CUST_002526,standard,2023-07-30 10:00:00,KSA,25-34,True,20000
CUST_002527,premium,2023-07-30 12:00:00,UAE,25-34,True,10000
CUST_002528,standard,2023-07-30 14:00:00,KSA,35-44,True,20000
CUST_002529,new,2023-07-30 16:00:00,UAE,35-44,True,5000
CUST_002530,premium,2023-07-30 18:00:00,UAE,35-44,True,3000
CUST_002531,new,2023-07-30 20:00:00,UAE,25-34,True,5000
CUST_002532,premium,2023-07-30 22:00:00,UAE,18-24,True,10000
CUST_002533,standard,2023-07-31 00:00:00,Egypt,25-34,True,10000
CUST_002534,new,2023-07-31 02:00:00,UAE,25-34,True,3000
CUST_002535,standard,2023-07-31 04:00:00,UAE,45+,True,5000
CUST_002536,premium,2023-07-31 06:00:00,UAE,25-34,True,3000
CUST_002537,standard,2023-07-31 08:00:00,UAE,18-24,True,10000
CUST_002538,standard,2023-07-31 10:00:00,KSA,18-24,True,3000
CUST_002539,new,2023-07-31 12:00:00,Kuwait,18-24,False,5000
CUST_002540,standard,2023-07-31 14:00:00,UAE,25-34,True,3000
CUST_002541,new,2023-07-31 16:00:00,Egypt,35-44,True,5000
CUST_002542,new,2023-07-31 18:00:00,KSA,35-44,True,20000
CUST_002543,standard,2023-07-31 20:00:00,UAE,45+,False,3000
CUST_002544,new,2023-07-31 22:00:00,KSA,25-34,False,3000
CUST_002545,standard,2023-08-01 00:00:00,KSA,25-34,True,3000
CUST_002546,new,2023-08-01 02:00:00,KSA,25-34,True,5000
CUST_002547,premium,2023-08-01 04:00:00,Egypt,25-34,True,5000
CUST_002548,standard,2023-08-01 06:00:00,UAE,45+,True,5000
CUST_002549,standard,2023-08-01 08:00:00,Egypt,25-34,True,5000
CUST_002550,standard,2023-08-01 10:00:00,KSA,35-44,False,3000
CUST_002551,standard,2023-08-01 12:00:00,UAE,25-34,True,10000
CUST_002552,new,2023-08-01 14:00:00,KSA,18-24,True,10000
CUST_002553,premium,2023-08-01 16:00:00,UAE,18-24,True,20000
CUST_002554,standard,2023-08-01 18:00:00,Kuwait,25-34,True,20000
CUST_002555,new,2023-08-01 20:00:00,KSA,35-44,True,5000
CUST_002556,standard,2023-08-01 22:00:00,UAE,25-34,True,5000
CUST_002557,new,2023-08-02 00:00:00,UAE,35-44,True,10000
CUST_002558,new,2023-08-02 02:00:00,KSA,35-44,True,3000
CUST_002559,new,2023-08-02 04:00:00,UAE,25-34,True,5000
CUST_002560,new,2023-08-02 06:00:00,UAE,35-44,True,3000
CUST_002561,standard,2023-08-02 08:00:00,UAE,25-34,True,5000
CUST_002562,premium,2023-08-02 10:00:00,UAE,25-34,True,5000
CUST_002563,new,2023-08-02 12:00:00,UAE,35-44,True,3000
CUST_002564,standard,2023-08-02 14:00:00,UAE,45+,True,3000
CUST_002565,premium,2023-08-02 16:00:00,UAE,25-34,False,10000
CUST_002566,standard,2023-08-02 18:00:00,KSA,25-34,False,3000
CUST_002567,new,2023-08-02 20:00:00,KSA,18-24,True,20000
CUST_002568,standard,2023-08-02 22:00:00,UAE,25-34,True,3000
CUST_002569,standard,2023-08-03 00:00:00,UAE,25-34,True,5000
CUST_002570,standard,2023-08-03 02:00:00,KSA,45+,False,5000
CUST_002571,standard,2023-08-03 04:00:00,UAE,25-34,True,3000
CUST_002572,standard,2023-08-03 06:00:00,UAE,18-24,True,5000
CUST_002573,standard,2023-08-03 08:00:00,UAE,25-34,True,5000
CUST_002574,premium,2023-08-03 10:00:00,Egypt,25-34,True,10000
CUST_002575,new,2023-08-03 12:00:00,KSA,25-34,True,10000
CUST_002576,standard,2023-08-03 14:00:00,KSA,25-34,True,3000
CUST_002577,new,2023-08-03 16:00:00,KSA,35-44,True,3000
CUST_002578,new,2023-08-03 18:00:00,KSA,18-24,False,5000
CUST_002579,standard,2023-08-03 20:00:00,UAE,25-34,True,3000
CUST_002580,standard,2023-08-03 22:00:00,KSA,35-44,False,5000
CUST_002581,standard,2023-08-04 00:00:00,UAE,25-34,True,20000
CUST_002582,new,2023-08-04 02:00:00,KSA,25-34,True,5000
CUST_002583,standard,2023-08-04 04:00:00,KSA,25-34,False,10000
CUST_002584,standard,2023-08-04 06:00:00,KSA,25-34,False,5000
CUST_002585,standard,2023-08-04 08:00:00,UAE,25-34,True,10000
CUST_002586,standard,2023-08-04 10:00:00,UAE,25-34,True,3000
CUST_002587,premium,2023-08-04 12:00:00,KSA,35-44,True,10000
CUST_002588,standard,2023-08-04 14:00:00,KSA,35-44,True,10000
CUST_002589,new,2023-08-04 16:00:00,Egypt,25-34,True,3000
CUST_002590,standard,2023-08-04 18:00:00,UAE,18-24,True,5000
CUST_002591,standard,2023-08-04 20:00:00,KSA,18-24,True,20000
CUST_002592,standard,2023-08-04 22:00:00,KSA,18-24,True,10000
CUST_002593,new,2023-08-05 00:00:00,Egypt,25-34,True,3000
CUST_002594,standard,2023-08-05 02:00:00,KSA,18-24,True,5000
CUST_002595,new,2023-08-05 04:00:00,KSA,25-34,True,5000
CUST_002596,standard,2023-08-05 06:00:00,KSA,35-44,True,5000
CUST_002597,standard,2023-08-05 08:00:00,KSA,25-34,True,5000
CUST_002598,premium,2023-08-05 10:00:00,Kuwait,35-44,True,3000
CUST_002599,premium,2023-08-05 12:00:00,UAE,35-44,True,5000
CUST_002600,standard,2023-08-05 14:00:00,UAE,25-34,True,10000
CUST_002601,standard,2023-08-05 16:00:00,Egypt,35-44,True,10000
CUST_002602,new,2023-08-05 18:00:00,KSA,35-44,True,3000
CUST_002603,premium,2023-08-05 20:00:00,KSA,25-34,True,10000
CUST_002604,standard,2023-08-05 22:00:00,UAE,25-34,True,3000
CUST_002605,standard,2023-08-06 00:00:00,UAE,25-34,True,5000
CUST_002606,premium,2023-08-06 02:00:00,KSA,45+,False,20000
CUST_002607,premium,2023-08-06 04:00:00,KSA,25-34,True,5000
CUST_002608,standard,2023-08-06 06:00:00,UAE,18-24,False,3000
CUST_002609,standard,2023-08-06 08:00:00,UAE,25-34,True,3000
CUST_002610,standard,2023-08-06 10:00:00,Egypt,25-34,True,5000
CUST_002611,standard,2023-08-06 12:00:00,UAE,25-34,True,10000
CUST_002612,standard,2023-08-06 14:00:00,Egypt,35-44,True,20000
CUST_002613,premium,2023-08-06 16:00:00,UAE,25-34,False,10000
CUST_002614,standard,2023-08-06 18:00:00,KSA,35-44,True,10000
CUST_002615,new,2023-08-06 20:00:00,Egypt,35-44,True,10000
CUST_002616,standard,2023-08-06 22:00:00,KSA,25-34,True,10000
CUST_002617,standard,2023-08-07 00:00:00,UAE,18-24,True,3000
CUST_002618,standard,2023-08-07 02:00:00,KSA,35-44,True,20000
CUST_002619,new,2023-08-07 04:00:00,UAE,45+,True,5000
CUST_002620,new,2023-08-07 06:00:00,UAE,18-24,False,20000
CUST_002621,standard,2023-08-07 08:00:00,Kuwait,25-34,True,3000
CUST_002622,new,2023-08-07 10:00:00,KSA,25-34,True,10000
CUST_002623,premium,2023-08-07 12:00:00,KSA,35-44,True,10000
CUST_002624,premium,2023-08-07 14:00:00,UAE,35-44,True,20000
CUST_002625,new,2023-08-07 16:00:00,UAE,18-24,True,10000
CUST_002626,new,2023-08-07 18:00:00,UAE,35-44,False,5000
CUST_002627,premium,2023-08-07 20:00:00,KSA,18-24,True,5000
CUST_002628,standard,2023-08-07 22:00:00,KSA,35-44,True,5000
CUST_002629,premium,2023-08-08 00:00:00,KSA,25-34,False,3000
CUST_002630,standard,2023-08-08 02:00:00,Egypt,25-34,True,3000
CUST_002631,new,2023-08-08 04:00:00,UAE,18-24,True,3000
CUST_002632,standard,2023-08-08 06:00:00,UAE,18-24,True,5000
CUST_002633,standard,2023-08-08 08:00:00,UAE,25-34,False,20000
CUST_002634,standard,2023-08-08 10:00:00,UAE,25-34,True,20000
CUST_002635,premium,2023-08-08 12:00:00,UAE,18-24,True,3000
CUST_002636,standard,2023-08-08 14:00:00,Kuwait,18-24,True,3000
CUST_002637,standard,2023-08-08 16:00:00,UAE,18-24,True,3000
CUST_002638,new,2023-08-08 18:00:00,Egypt,35-44,True,3000
CUST_002639,new,2023-08-08 20:00:00,UAE,35-44,True,3000
CUST_002640,premium,2023-08-08 22:00:00,Kuwait,18-24,True,5000
CUST_002641,new,2023-08-09 00:00:00,KSA,25-34,False,5000
CUST_002642,new,2023-08-09 02:00:00,Egypt,18-24,True,5000
CUST_002643,new,2023-08-09 04:00:00,UAE,45+,True,5000
CUST_002644,standard,2023-08-09 06:00:00,KSA,45+,True,5000
CUST_002645,standard,2023-08-09 08:00:00,Egypt,25-34,True,10000
CUST_002646,standard,2023-08-09 10:00:00,UAE,45+,False,10000
CUST_002647,premium,2023-08-09 12:00:00,UAE,35-44,True,5000
CUST_002648,standard,2023-08-09 14:00:00,UAE,35-44,True,3000
CUST_002649,standard,2023-08-09 16:00:00,Egypt,25-34,True,3000
CUST_002650,standard,2023-08-09 18:00:00,KSA,25-34,True,3000
CUST_002651,new,2023-08-09 20:00:00,KSA,25-34,True,5000
CUST_002652,standard,2023-08-09 22:00:00,UAE,25-34,True,3000
CUST_002653,premium,2023-08-10 00:00:00,UAE,25-34,True,5000
CUST_002654,new,2023-08-10 02:00:00,Egypt,18-24,True,3000
CUST_002655,new,2023-08-10 04:00:00,UAE,25-34,True,10000
CUST_002656,new,2023-08-10 06:00:00,KSA,25-34,True,3000
CUST_002657,new,2023-08-10 08:00:00,Egypt,25-34,True,5000
CUST_002658,standard,2023-08-10 10:00:00,UAE,25-34,True,3000
CUST_002659,new,2023-08-10 12:00:00,KSA,45+,True,3000
CUST_002660,premium,2023-08-10 14:00:00,UAE,35-44,True,10000
CUST_002661,standard,2023-08-10 16:00:00,KSA,25-34,True,5000
CUST_002662,standard,2023-08-10 18:00:00,UAE,25-34,True,3000
CUST_002663,standard,2023-08-10 20:00:00,KSA,25-34,True,5000
CUST_002664,premium,2023-08-10 22:00:00,UAE,18-24,True,5000
CUST_002665,standard,2023-08-11 00:00:00,UAE,35-44,True,5000
CUST_002666,new,2023-08-11 02:00:00,KSA,25-34,True,5000
CUST_002667,standard,2023-08-11 04:00:00,UAE,18-24,False,10000
CUST_002668,premium,2023-08-11 06:00:00,KSA,35-44,True,3000
CUST_002669,new,2023-08-11 08:00:00,UAE,18-24,True,5000
CUST_002670,standard,2023-08-11 10:00:00,KSA,25-34,True,5000
CUST_002671,standard,2023-08-11 12:00:00,UAE,18-24,True,10000
CUST_002672,standard,2023-08-11 14:00:00,KSA,18-24,True,20000
CUST_002673,standard,2023-08-11 16:00:00,UAE,18-24,True,10000
CUST_002674,standard,2023-08-11 18:00:00,UAE,18-24,True,10000
CUST_002675,new,2023-08-11 20:00:00,UAE,25-34,True,20000
CUST_002676,standard,2023-08-11 22:00:00,KSA,35-44,True,5000
CUST_002677,standard,2023-08-12 00:00:00,UAE,25-34,True,10000
CUST_002678,new,2023-08-12 02:00:00,Egypt,35-44,True,20000
CUST_002679,new,2023-08-12 04:00:00,Egypt,25-34,True,3000
CUST_002680,premium,2023-08-12 06:00:00,UAE,25-34,True,5000
CUST_002681,premium,2023-08-12 08:00:00,KSA,18-24,True,10000
CUST_002682,premium,2023-08-12 10:00:00,UAE,25-34,True,20000
CUST_002683,standard,2023-08-12 12:00:00,UAE,25-34,True,10000
CUST_002684,standard,2023-08-12 14:00:00,KSA,25-34,True,10000
CUST_002685,premium,2023-08-12 16:00:00,KSA,35-44,True,20000
CUST_002686,new,2023-08-12 18:00:00,KSA,25-34,True,5000
CUST_002687,standard,2023-08-12 20:00:00,UAE,25-34,True,3000
CUST_002688,standard,2023-08-12 22:00:00,UAE,45+,True,3000
CUST_002689,standard,2023-08-13 00:00:00,UAE,25-34,True,5000
CUST_002690,standard,2023-08-13 02:00:00,KSA,25-34,True,5000
CUST_002691,premium,2023-08-13 04:00:00,KSA,35-44,True,5000
CUST_002692,standard,2023-08-13 06:00:00,KSA,25-34,True,5000
CUST_002693,new,2023-08-13 08:00:00,UAE,18-24,True,20000
CUST_002694,standard,2023-08-13 10:00:00,UAE,25-34,True,5000
CUST_002695,standard,2023-08-13 12:00:00,UAE,25-34,False,10000
CUST_002696,standard,2023-08-13 14:00:00,UAE,25-34,True,20000
CUST_002697,premium,2023-08-13 16:00:00,UAE,18-24,True,5000
CUST_002698,standard,2023-08-13 18:00:00,Egypt,45+,True,5000
CUST_002699,standard,2023-08-13 20:00:00,Egypt,35-44,True,10000
CUST_002700,standard,2023-08-13 22:00:00,KSA,25-34,True,10000
CUST_002701,premium,2023-08-14 00:00:00,UAE,25-34,True,5000
CUST_002702,new,2023-08-14 02:00:00,UAE,35-44,True,3000
CUST_002703,new,2023-08-14 04:00:00,Egypt,18-24,True,3000
CUST_002704,new,2023-08-14 06:00:00,UAE,25-34,True,3000
CUST_002705,new,2023-08-14 08:00:00,Egypt,25-34,True,3000
CUST_002706,standard,2023-08-14 10:00:00,UAE,35-44,True,3000
CUST_002707,new,2023-08-14 12:00:00,UAE,18-24,True,5000
CUST_002708,standard,2023-08-14 14:00:00,Egypt,45+,True,20000
CUST_002709,new,2023-08-14 16:00:00,UAE,25-34,True,5000
CUST_002710,new,2023-08-14 18:00:00,KSA,25-34,True,20000
CUST_002711,new,2023-08-14 20:00:00,KSA,25-34,False,10000
CUST_002712,new,2023-08-14 22:00:00,UAE,18-24,True,10000
CUST_002713,standard,2023-08-15 00:00:00,UAE,35-44,True,5000
CUST_002714,standard,2023-08-15 02:00:00,KSA,45+,True,5000
CUST_002715,standard,2023-08-15 04:00:00,KSA,25-34,False,10000
CUST_002716,standard,2023-08-15 06:00:00,UAE,45+,True,20000
CUST_002717,premium,2023-08-15 08:00:00,Egypt,35-44,True,5000
CUST_002718,standard,2023-08-15 10:00:00,UAE,25-34,True,3000
CUST_002719,new,2023-08-15 12:00:00,UAE,25-34,True,10000
CUST_002720,standard,2023-08-15 14:00:00,UAE,25-34,True,3000
CUST_002721,new,2023-08-15 16:00:00,UAE,25-34,False,3000
CUST_002722,new,2023-08-15 18:00:00,UAE,18-24,False,10000
CUST_002723,new,2023-08-15 20:00:00,Kuwait,25-34,True,5000
CUST_002724,new,2023-08-15 22:00:00,UAE,18-24,True,5000
CUST_002725,standard,2023-08-16 00:00:00,UAE,35-44,False,20000
CUST_002726,new,2023-08-16 02:00:00,UAE,35-44,True,5000
CUST_002727,new,2023-08-16 04:00:00,KSA,25-34,True,5000
CUST_002728,standard,2023-08-16 06:00:00,Egypt,25-34,True,3000
CUST_002729,standard,2023-08-16 08:00:00,UAE,25-34,True,5000
CUST_002730,new,2023-08-16 10:00:00,UAE,25-34,True,10000
CUST_002731,standard,2023-08-16 12:00:00,UAE,25-34,False,5000
CUST_002732,standard,2023-08-16 14:00:00,UAE,25-34,True,3000
CUST_002733,standard,2023-08-16 16:00:00,UAE,25-34,True,3000
CUST_002734,standard,2023-08-16 18:00:00,UAE,18-24,True,5000
CUST_002735,standard,2023-08-16 20:00:00,UAE,18-24,True,5000
CUST_002736,new,2023-08-16 22:00:00,KSA,18-24,True,5000
CUST_002737,standard,2023-08-17 00:00:00,UAE,35-44,True,5000
CUST_002738,premium,2023-08-17 02:00:00,Egypt,45+,True,3000
CUST_002739,premium,2023-08-17 04:00:00,Egypt,25-34,True,5000
CUST_002740,standard,2023-08-17 06:00:00,KSA,25-34,True,20000
CUST_002741,new,2023-08-17 08:00:00,UAE,18-24,True,3000
CUST_002742,standard,2023-08-17 10:00:00,UAE,25-34,True,5000
CUST_002743,standard,2023-08-17 12:00:00,UAE,18-24,True,5000
CUST_002744,standard,2023-08-17 14:00:00,KSA,25-34,True,10000
CUST_002745,standard,2023-08-17 16:00:00,UAE,45+,True,3000
CUST_002746,new,2023-08-17 18:00:00,Egypt,18-24,True,20000
CUST_002747,new,2023-08-17 20:00:00,Egypt,35-44,True,5000
CUST_002748,premium,2023-08-17 22:00:00,UAE,18-24,True,10000
CUST_002749,standard,2023-08-18 00:00:00,KSA,25-34,True,3000
CUST_002750,premium,2023-08-18 02:00:00,UAE,18-24,True,10000
CUST_002751,standard,2023-08-18 04:00:00,UAE,25-34,True,10000
CUST_002752,standard,2023-08-18 06:00:00,UAE,18-24,True,5000
CUST_002753,premium,2023-08-18 08:00:00,UAE,25-34,True,5000
CUST_002754,standard,2023-08-18 10:00:00,Egypt,25-34,True,5000
CUST_002755,standard,2023-08-18 12:00:00,UAE,25-34,True,3000
CUST_002756,new,2023-08-18 14:00:00,UAE,25-34,True,10000
CUST_002757,new,2023-08-18 16:00:00,KSA,45+,True,3000
CUST_002758,premium,2023-08-18 18:00:00,KSA,25-34,True,3000
CUST_002759,new,2023-08-18 20:00:00,UAE,18-24,True,5000
CUST_002760,standard,2023-08-18 22:00:00,Egypt,25-34,True,3000
CUST_002761,standard,2023-08-19 00:00:00,KSA,35-44,False,20000
CUST_002762,new,2023-08-19 02:00:00,UAE,25-34,True,10000
CUST_002763,new,2023-08-19 04:00:00,UAE,25-34,False,5000
CUST_002764,new,2023-08-19 06:00:00,UAE,18-24,True,10000
CUST_002765,standard,2023-08-19 08:00:00,Egypt,25-34,False,10000
CUST_002766,standard,2023-08-19 10:00:00,KSA,25-34,True,3000
CUST_002767,new,2023-08-19 12:00:00,Egypt,45+,True,10000
CUST_002768,standard,2023-08-19 14:00:00,UAE,35-44,True,3000
CUST_002769,standard,2023-08-19 16:00:00,UAE,18-24,True,5000
CUST_002770,standard,2023-08-19 18:00:00,UAE,25-34,True,5000
CUST_002771,standard,2023-08-19 20:00:00,UAE,25-34,True,10000
CUST_002772,standard,2023-08-19 22:00:00,KSA,25-34,False,3000
CUST_002773,standard,2023-08-20 00:00:00,KSA,35-44,True,3000
CUST_002774,new,2023-08-20 02:00:00,UAE,25-34,True,5000
CUST_002775,premium,2023-08-20 04:00:00,UAE,25-34,True,5000
CUST_002776,standard,2023-08-20 06:00:00,UAE,25-34,False,10000
CUST_002777,standard,2023-08-20 08:00:00,UAE,35-44,True,5000
CUST_002778,premium,2023-08-20 10:00:00,UAE,25-34,True,3000
CUST_002779,premium,2023-08-20 12:00:00,UAE,25-34,True,3000
CUST_002780,standard,2023-08-20 14:00:00,UAE,25-34,True,5000
CUST_002781,new,2023-08-20 16:00:00,UAE,25-34,False,5000
CUST_002782,standard,2023-08-20 18:00:00,UAE,45+,True,3000
CUST_002783,new,2023-08-20 20:00:00,UAE,25-34,True,5000
CUST_002784,standard,2023-08-20 22:00:00,KSA,25-34,True,5000
CUST_002785,standard,2023-08-21 00:00:00,UAE,25-34,True,3000
CUST_002786,standard,2023-08-21 02:00:00,Kuwait,35-44,True,5000
CUST_002787,standard,2023-08-21 04:00:00,UAE,25-34,True,10000
CUST_002788,new,2023-08-21 06:00:00,UAE,18-24,True,5000
CUST_002789,standard,2023-08-21 08:00:00,UAE,25-34,True,10000
CUST_002790,standard,2023-08-21 10:00:00,UAE,25-34,True,3000
CUST_002791,new,2023-08-21 12:00:00,Egypt,35-44,True,5000
CUST_002792,new,2023-08-21 14:00:00,UAE,35-44,False,5000
CUST_002793,new,2023-08-21 16:00:00,Egypt,25-34,False,5000
CUST_002794,standard,2023-08-21 18:00:00,Egypt,18-24,True,5000
CUST_002795,new,2023-08-21 20:00:00,KSA,45+,True,10000
CUST_002796,standard,2023-08-21 22:00:00,KSA,25-34,True,5000
CUST_002797,standard,2023-08-22 00:00:00,KSA,25-34,True,3000
CUST_002798,standard,2023-08-22 02:00:00,UAE,25-34,True,5000
CUST_002799,standard,2023-08-22 04:00:00,KSA,25-34,True,10000
CUST_002800,standard,2023-08-22 06:00:00,UAE,25-34,True,20000
CUST_002801,standard,2023-08-22 08:00:00,UAE,35-44,True,5000
CUST_002802,new,2023-08-22 10:00:00,UAE,35-44,True,5000
CUST_002803,standard,2023-08-22 12:00:00,KSA,25-34,True,5000
CUST_002804,premium,2023-08-22 14:00:00,Egypt,25-34,True,10000
CUST_002805,premium,2023-08-22 16:00:00,UAE,18-24,True,20000
CUST_002806,new,2023-08-22 18:00:00,Egypt,18-24,True,10000
CUST_002807,standard,2023-08-22 20:00:00,UAE,25-34,True,5000
CUST_002808,standard,2023-08-22 22:00:00,UAE,25-34,True,3000
CUST_002809,new,2023-08-23 00:00:00,UAE,45+,True,10000
CUST_002810,new,2023-08-23 02:00:00,UAE,35-44,True,10000
CUST_002811,standard,2023-08-23 04:00:00,UAE,25-34,True,10000
CUST_002812,standard,2023-08-23 06:00:00,KSA,25-34,True,3000
CUST_002813,new,2023-08-23 08:00:00,Egypt,18-24,False,5000
CUST_002814,standard,2023-08-23 10:00:00,UAE,45+,True,3000
CUST_002815,standard,2023-08-23 12:00:00,UAE,25-34,True,10000
CUST_002816,new,2023-08-23 14:00:00,Egypt,18-24,True,3000
CUST_002817,standard,2023-08-23 16:00:00,KSA,25-34,True,5000
CUST_002818,standard,2023-08-23 18:00:00,UAE,35-44,False,3000
CUST_002819,standard,2023-08-23 20:00:00,UAE,35-44,True,3000
CUST_002820,premium,2023-08-23 22:00:00,Egypt,18-24,True,5000
CUST_002821,premium,2023-08-24 00:00:00,KSA,35-44,True,3000
CUST_002822,new,2023-08-24 02:00:00,UAE,25-34,True,5000
CUST_002823,premium,2023-08-24 04:00:00,UAE,18-24,False,20000
CUST_002824,standard,2023-08-24 06:00:00,Egypt,35-44,True,20000
CUST_002825,standard,2023-08-24 08:00:00,UAE,35-44,True,3000
CUST_002826,premium,2023-08-24 10:00:00,Kuwait,25-34,False,10000
CUST_002827,new,2023-08-24 12:00:00,UAE,25-34,True,5000
CUST_002828,standard,2023-08-24 14:00:00,KSA,35-44,True,20000
CUST_002829,standard,2023-08-24 16:00:00,UAE,35-44,True,10000
CUST_002830,standard,2023-08-24 18:00:00,UAE,35-44,True,3000
CUST_002831,standard,2023-08-24 20:00:00,Egypt,25-34,True,5000
CUST_002832,premium,2023-08-24 22:00:00,UAE,45+,True,5000
CUST_002833,new,2023-08-25 00:00:00,KSA,45+,True,10000
CUST_002834,new,2023-08-25 02:00:00,UAE,18-24,False,5000
CUST_002835,standard,2023-08-25 04:00:00,UAE,35-44,True,5000
CUST_002836,standard,2023-08-25 06:00:00,UAE,25-34,True,5000
CUST_002837,new,2023-08-25 08:00:00,KSA,25-34,True,20000
CUST_002838,new,2023-08-25 10:00:00,UAE,25-34,True,20000
CUST_002839,standard,2023-08-25 12:00:00,UAE,18-24,True,5000
CUST_002840,standard,2023-08-25 14:00:00,UAE,25-34,False,10000
CUST_002841,standard,2023-08-25 16:00:00,KSA,35-44,True,10000
CUST_002842,new,2023-08-25 18:00:00,KSA,25-34,False,10000
CUST_002843,new,2023-08-25 20:00:00,UAE,25-34,True,3000
CUST_002844,standard,2023-08-25 22:00:00,UAE,45+,True,5000
CUST_002845,standard,2023-08-26 00:00:00,Egypt,25-34,True,5000
CUST_002846,new,2023-08-26 02:00:00,UAE,25-34,True,5000
CUST_002847,new,2023-08-26 04:00:00,Egypt,25-34,True,3000
CUST_002848,new,2023-08-26 06:00:00,Egypt,25-34,True,5000
CUST_002849,new,2023-08-26 08:00:00,KSA,25-34,True,5000
CUST_002850,standard,2023-08-26 10:00:00,UAE,35-44,False,5000
CUST_002851,standard,2023-08-26 12:00:00,Egypt,25-34,True,5000
CUST_002852,standard,2023-08-26 14:00:00,KSA,35-44,True,3000
CUST_002853,premium,2023-08-26 16:00:00,KSA,25-34,True,10000
CUST_002854,standard,2023-08-26 18:00:00,UAE,25-34,True,20000
CUST_002855,new,2023-08-26 20:00:00,UAE,25-34,True,5000
CUST_002856,standard,2023-08-26 22:00:00,UAE,35-44,True,10000
CUST_002857,new,2023-08-27 00:00:00,KSA,25-34,True,3000
CUST_002858,standard,2023-08-27 02:00:00,KSA,18-24,True,10000
CUST_002859,new,2023-08-27 04:00:00,UAE,18-24,False,3000
CUST_002860,premium,2023-08-27 06:00:00,UAE,25-34,False,5000
CUST_002861,standard,2023-08-27 08:00:00,UAE,25-34,True,5000
CUST_002862,standard,2023-08-27 10:00:00,KSA,25-34,True,5000
CUST_002863,standard,2023-08-27 12:00:00,Egypt,18-24,True,5000
CUST_002864,new,2023-08-27 14:00:00,UAE,35-44,True,5000
CUST_002865,new,2023-08-27 16:00:00,UAE,25-34,True,5000
CUST_002866,premium,2023-08-27 18:00:00,UAE,25-34,True,10000
CUST_002867,standard,2023-08-27 20:00:00,KSA,25-34,True,5000
CUST_002868,standard,2023-08-27 22:00:00,KSA,25-34,True,3000
CUST_002869,standard,2023-08-28 00:00:00,Egypt,35-44,True,5000
CUST_002870,new,2023-08-28 02:00:00,UAE,18-24,True,10000
CUST_002871,new,2023-08-28 04:00:00,Kuwait,25-34,True,5000
CUST_002872,standard,2023-08-28 06:00:00,UAE,35-44,True,5000
CUST_002873,new,2023-08-28 08:00:00,KSA,25-34,True,5000
CUST_002874,standard,2023-08-28 10:00:00,UAE,25-34,True,5000
CUST_002875,new,2023-08-28 12:00:00,Egypt,25-34,False,3000
CUST_002876,standard,2023-08-28 14:00:00,KSA,35-44,True,5000
CUST_002877,new,2023-08-28 16:00:00,KSA,45+,True,3000
CUST_002878,new,2023-08-28 18:00:00,Egypt,35-44,False,3000
CUST_002879,standard,2023-08-28 20:00:00,UAE,25-34,True,3000
CUST_002880,new,2023-08-28 22:00:00,UAE,45+,False,5000
CUST_002881,standard,2023-08-29 00:00:00,Egypt,18-24,True,5000
CUST_002882,standard,2023-08-29 02:00:00,UAE,18-24,True,20000
CUST_002883,standard,2023-08-29 04:00:00,UAE,35-44,True,5000
CUST_002884,new,2023-08-29 06:00:00,UAE,18-24,True,10000
CUST_002885,new,2023-08-29 08:00:00,KSA,18-24,True,3000
CUST_002886,new,2023-08-29 10:00:00,UAE,25-34,True,3000
CUST_002887,new,2023-08-29 12:00:00,UAE,25-34,True,10000
CUST_002888,standard,2023-08-29 14:00:00,UAE,35-44,True,5000
CUST_002889,new,2023-08-29 16:00:00,UAE,25-34,True,3000
CUST_002890,standard,2023-08-29 18:00:00,Egypt,25-34,True,5000
CUST_002891,standard,2023-08-29 20:00:00,Kuwait,25-34,True,5000
CUST_002892,standard,2023-08-29 22:00:00,KSA,45+,True,10000
CUST_002893,new,2023-08-30 00:00:00,UAE,35-44,True,3000
CUST_002894,new,2023-08-30 02:00:00,Egypt,25-34,True,5000
CUST_002895,standard,2023-08-30 04:00:00,KSA,45+,True,10000
CUST_002896,premium,2023-08-30 06:00:00,UAE,35-44,True,20000
CUST_002897,new,2023-08-30 08:00:00,Egypt,18-24,True,10000
CUST_002898,premium,2023-08-30 10:00:00,KSA,18-24,True,3000
CUST_002899,new,2023-08-30 12:00:00,KSA,18-24,True,10000
CUST_002900,new,2023-08-30 14:00:00,KSA,35-44,True,10000
CUST_002901,standard,2023-08-30 16:00:00,UAE,18-24,True,10000
CUST_002902,standard,2023-08-30 18:00:00,UAE,25-34,True,10000
CUST_002903,new,2023-08-30 20:00:00,KSA,18-24,True,20000
CUST_002904,new,2023-08-30 22:00:00,UAE,45+,True,3000
CUST_002905,standard,2023-08-31 00:00:00,UAE,25-34,True,3000
CUST_002906,new,2023-08-31 02:00:00,KSA,45+,True,10000
CUST_002907,premium,2023-08-31 04:00:00,KSA,45+,True,3000
CUST_002908,standard,2023-08-31 06:00:00,UAE,18-24,False,3000
CUST_002909,new,2023-08-31 08:00:00,KSA,25-34,True,5000
CUST_002910,new,2023-08-31 10:00:00,Egypt,18-24,True,10000
CUST_002911,standard,2023-08-31 12:00:00,KSA,45+,True,3000
CUST_002912,new,2023-08-31 14:00:00,UAE,25-34,False,5000
CUST_002913,standard,2023-08-31 16:00:00,UAE,18-24,True,3000
CUST_002914,standard,2023-08-31 18:00:00,UAE,18-24,True,3000
CUST_002915,premium,2023-08-31 20:00:00,UAE,25-34,True,5000
CUST_002916,new,2023-08-31 22:00:00,UAE,45+,True,3000
CUST_002917,standard,2023-09-01 00:00:00,UAE,25-34,True,10000
CUST_002918,standard,2023-09-01 02:00:00,UAE,35-44,True,10000
CUST_002919,standard,2023-09-01 04:00:00,Egypt,25-34,True,10000
CUST_002920,new,2023-09-01 06:00:00,UAE,18-24,True,3000
CUST_002921,standard,2023-09-01 08:00:00,KSA,45+,True,5000
CUST_002922,new,2023-09-01 10:00:00,KSA,18-24,True,3000
CUST_002923,standard,2023-09-01 12:00:00,UAE,45+,True,3000
CUST_002924,standard,2023-09-01 14:00:00,Egypt,25-34,True,5000
CUST_002925,standard,2023-09-01 16:00:00,KSA,18-24,False,10000
CUST_002926,new,2023-09-01 18:00:00,UAE,25-34,True,3000
CUST_002927,new,2023-09-01 20:00:00,KSA,45+,True,3000
CUST_002928,premium,2023-09-01 22:00:00,UAE,45+,False,20000
CUST_002929,standard,2023-09-02 00:00:00,KSA,18-24,True,5000
CUST_002930,premium,2023-09-02 02:00:00,UAE,18-24,True,20000
CUST_002931,standard,2023-09-02 04:00:00,Egypt,25-34,True,20000
CUST_002932,standard,2023-09-02 06:00:00,UAE,25-34,False,5000
CUST_002933,standard,2023-09-02 08:00:00,KSA,35-44,True,3000
CUST_002934,standard,2023-09-02 10:00:00,UAE,18-24,True,10000
CUST_002935,standard,2023-09-02 12:00:00,KSA,45+,True,3000
CUST_002936,standard,2023-09-02 14:00:00,KSA,25-34,False,3000
CUST_002937,new,2023-09-02 16:00:00,UAE,35-44,True,10000
CUST_002938,standard,2023-09-02 18:00:00,KSA,25-34,False,5000
CUST_002939,premium,2023-09-02 20:00:00,UAE,25-34,True,3000
CUST_002940,new,2023-09-02 22:00:00,Egypt,45+,True,5000
CUST_002941,standard,2023-09-03 00:00:00,UAE,25-34,True,10000
CUST_002942,standard,2023-09-03 02:00:00,Egypt,35-44,True,3000
CUST_002943,standard,2023-09-03 04:00:00,Egypt,45+,True,3000
CUST_002944,standard,2023-09-03 06:00:00,UAE,25-34,False,3000
CUST_002945,premium,2023-09-03 08:00:00,UAE,25-34,True,5000
CUST_002946,standard,2023-09-03 10:00:00,UAE,18-24,False,10000
CUST_002947,new,2023-09-03 12:00:00,Egypt,18-24,True,10000
CUST_002948,standard,2023-09-03 14:00:00,UAE,25-34,True,5000
CUST_002949,standard,2023-09-03 16:00:00,KSA,18-24,True,3000
CUST_002950,standard,2023-09-03 18:00:00,Egypt,25-34,True,3000
CUST_002951,standard,2023-09-03 20:00:00,UAE,25-34,True,3000
CUST_002952,standard,2023-09-03 22:00:00,KSA,25-34,True,3000
CUST_002953,new,2023-09-04 00:00:00,UAE,25-34,True,3000
CUST_002954,premium,2023-09-04 02:00:00,UAE,18-24,True,5000
CUST_002955,standard,2023-09-04 04:00:00,KSA,18-24,True,3000
CUST_002956,standard,2023-09-04 06:00:00,UAE,25-34,False,10000
CUST_002957,standard,2023-09-04 08:00:00,UAE,25-34,True,10000
CUST_002958,new,2023-09-04 10:00:00,Egypt,25-34,True,5000
CUST_002959,premium,2023-09-04 12:00:00,UAE,25-34,True,3000
CUST_002960,standard,2023-09-04 14:00:00,Kuwait,35-44,True,10000
CUST_002961,standard,2023-09-04 16:00:00,Kuwait,25-34,True,20000
CUST_002962,new,2023-09-04 18:00:00,UAE,25-34,False,3000
CUST_002963,premium,2023-09-04 20:00:00,UAE,45+,True,10000
CUST_002964,standard,2023-09-04 22:00:00,KSA,35-44,True,10000
CUST_002965,new,2023-09-05 00:00:00,UAE,25-34,True,5000
CUST_002966,new,2023-09-05 02:00:00,UAE,25-34,True,5000
CUST_002967,standard,2023-09-05 04:00:00,KSA,18-24,True,5000
CUST_002968,standard,2023-09-05 06:00:00,UAE,25-34,True,5000
CUST_002969,standard,2023-09-05 08:00:00,Egypt,45+,True,5000
CUST_002970,standard,2023-09-05 10:00:00,UAE,25-34,False,20000
CUST_002971,standard,2023-09-05 12:00:00,UAE,45+,True,10000
CUST_002972,standard,2023-09-05 14:00:00,UAE,25-34,True,3000
CUST_002973,standard,2023-09-05 16:00:00,Kuwait,45+,True,5000
CUST_002974,standard,2023-09-05 18:00:00,KSA,25-34,True,5000
CUST_002975,standard,2023-09-05 20:00:00,Egypt,18-24,True,3000
CUST_002976,new,2023-09-05 22:00:00,UAE,25-34,True,5000
CUST_002977,standard,2023-09-06 00:00:00,UAE,25-34,False,20000
CUST_002978,premium,2023-09-06 02:00:00,UAE,18-24,True,5000
CUST_002979,premium,2023-09-06 04:00:00,UAE,35-44,True,3000
CUST_002980,new,2023-09-06 06:00:00,KSA,25-34,True,3000
CUST_002981,standard,2023-09-06 08:00:00,KSA,35-44,True,5000
CUST_002982,premium,2023-09-06 10:00:00,UAE,25-34,False,5000
CUST_002983,standard,2023-09-06 12:00:00,Egypt,18-24,False,5000
CUST_002984,standard,2023-09-06 14:00:00,UAE,45+,False,5000
CUST_002985,standard,2023-09-06 16:00:00,Kuwait,25-34,True,3000
CUST_002986,standard,2023-09-06 18:00:00,UAE,25-34,True,3000
CUST_002987,premium,2023-09-06 20:00:00,UAE,25-34,True,5000
CUST_002988,new,2023-09-06 22:00:00,UAE,25-34,True,3000
CUST_002989,standard,2023-09-07 00:00:00,UAE,45+,True,10000
CUST_002990,standard,2023-09-07 02:00:00,KSA,25-34,False,3000
CUST_002991,new,2023-09-07 04:00:00,UAE,25-34,True,5000
CUST_002992,standard,2023-09-07 06:00:00,UAE,35-44,False,5000
CUST_002993,standard,2023-09-07 08:00:00,KSA,18-24,False,5000
CUST_002994,standard,2023-09-07 10:00:00,KSA,25-34,False,10000
CUST_002995,standard,2023-09-07 12:00:00,Egypt,45+,True,5000
CUST_002996,new,2023-09-07 14:00:00,UAE,25-34,True,10000
CUST_002997,new,2023-09-07 16:00:00,KSA,35-44,True,5000
CUST_002998,premium,2023-09-07 18:00:00,KSA,25-34,True,5000
CUST_002999,standard,2023-09-07 20:00:00,UAE,35-44,True,10000
CUST_003000,new,2023-09-07 22:00:00,UAE,45+,True,5000
CUST_003001,new,2023-09-08 00:00:00,UAE,25-34,True,5000
CUST_003002,new,2023-09-08 02:00:00,UAE,18-24,True,10000
CUST_003003,standard,2023-09-08 04:00:00,UAE,25-34,True,20000
CUST_003004,standard,2023-09-08 06:00:00,UAE,35-44,False,5000
CUST_003005,new,2023-09-08 08:00:00,KSA,25-34,True,5000
CUST_003006,standard,2023-09-08 10:00:00,KSA,18-24,True,3000
CUST_003007,standard,2023-09-08 12:00:00,Kuwait,25-34,True,5000
CUST_003008,premium,2023-09-08 14:00:00,KSA,45+,True,5000
CUST_003009,standard,2023-09-08 16:00:00,UAE,25-34,True,10000
CUST_003010,standard,2023-09-08 18:00:00,Egypt,25-34,True,5000
CUST_003011,standard,2023-09-08 20:00:00,Egypt,18-24,False,10000
CUST_003012,new,2023-09-08 22:00:00,UAE,25-34,True,3000
CUST_003013,standard,2023-09-09 00:00:00,KSA,18-24,True,5000
CUST_003014,new,2023-09-09 02:00:00,Kuwait,18-24,True,20000
CUST_003015,standard,2023-09-09 04:00:00,KSA,45+,True,3000
CUST_003016,standard,2023-09-09 06:00:00,Egypt,45+,True,3000
CUST_003017,new,2023-09-09 08:00:00,UAE,18-24,True,5000
CUST_003018,premium,2023-09-09 10:00:00,UAE,18-24,False,10000
CUST_003019,premium,2023-09-09 12:00:00,UAE,25-34,True,5000
CUST_003020,standard,2023-09-09 14:00:00,KSA,25-34,True,5000
CUST_003021,premium,2023-09-09 16:00:00,Egypt,25-34,True,5000
CUST_003022,new,2023-09-09 18:00:00,Kuwait,25-34,True,3000
CUST_003023,new,2023-09-09 20:00:00,UAE,25-34,True,10000
CUST_003024,standard,2023-09-09 22:00:00,UAE,35-44,True,3000
CUST_003025,standard,2023-09-10 00:00:00,Egypt,35-44,True,5000
CUST_003026,standard,2023-09-10 02:00:00,KSA,25-34,True,5000
CUST_003027,new,2023-09-10 04:00:00,UAE,25-34,True,10000
CUST_003028,premium,2023-09-10 06:00:00,UAE,45+,True,10000
CUST_003029,standard,2023-09-10 08:00:00,KSA,45+,True,10000
CUST_003030,standard,2023-09-10 10:00:00,KSA,18-24,True,5000
CUST_003031,standard,2023-09-10 12:00:00,UAE,25-34,True,3000
CUST_003032,standard,2023-09-10 14:00:00,UAE,25-34,True,3000
CUST_003033,new,2023-09-10 16:00:00,Kuwait,18-24,True,10000
CUST_003034,premium,2023-09-10 18:00:00,KSA,25-34,True,10000
CUST_003035,standard,2023-09-10 20:00:00,UAE,25-34,True,20000
CUST_003036,new,2023-09-10 22:00:00,UAE,25-34,True,3000
CUST_003037,new,2023-09-11 00:00:00,KSA,25-34,True,5000
CUST_003038,premium,2023-09-11 02:00:00,UAE,25-34,False,5000
CUST_003039,standard,2023-09-11 04:00:00,UAE,45+,True,10000
CUST_003040,standard,2023-09-11 06:00:00,KSA,25-34,True,5000
CUST_003041,standard,2023-09-11 08:00:00,UAE,25-34,False,10000
CUST_003042,standard,2023-09-11 10:00:00,KSA,18-24,False,5000
CUST_003043,premium,2023-09-11 12:00:00,UAE,18-24,True,3000
CUST_003044,standard,2023-09-11 14:00:00,KSA,25-34,True,3000
CUST_003045,new,2023-09-11 16:00:00,UAE,18-24,True,3000
CUST_003046,standard,2023-09-11 18:00:00,UAE,18-24,True,5000
CUST_003047,standard,2023-09-11 20:00:00,UAE,18-24,True,3000
CUST_003048,premium,2023-09-11 22:00:00,Egypt,25-34,False,5000
CUST_003049,new,2023-09-12 00:00:00,Egypt,35-44,True,5000
CUST_003050,new,2023-09-12 02:00:00,UAE,25-34,True,10000
CUST_003051,new,2023-09-12 04:00:00,KSA,25-34,True,10000
CUST_003052,new,2023-09-12 06:00:00,KSA,18-24,True,3000
CUST_003053,new,2023-09-12 08:00:00,Kuwait,25-34,True,3000
CUST_003054,standard,2023-09-12 10:00:00,UAE,25-34,True,3000
CUST_003055,standard,2023-09-12 12:00:00,KSA,25-34,True,20000
CUST_003056,standard,2023-09-12 14:00:00,UAE,45+,True,5000
CUST_003057,new,2023-09-12 16:00:00,UAE,45+,False,3000
CUST_003058,new,2023-09-12 18:00:00,Kuwait,18-24,False,10000
CUST_003059,standard,2023-09-12 20:00:00,KSA,35-44,True,5000
CUST_003060,premium,2023-09-12 22:00:00,UAE,18-24,False,10000
CUST_003061,standard,2023-09-13 00:00:00,UAE,45+,True,3000
CUST_003062,new,2023-09-13 02:00:00,KSA,25-34,True,5000
CUST_003063,standard,2023-09-13 04:00:00,KSA,25-34,True,5000
CUST_003064,standard,2023-09-13 06:00:00,UAE,18-24,True,10000
CUST_003065,standard,2023-09-13 08:00:00,Kuwait,18-24,True,10000
CUST_003066,standard,2023-09-13 10:00:00,UAE,35-44,True,5000
CUST_003067,new,2023-09-13 12:00:00,UAE,45+,True,3000
CUST_003068,standard,2023-09-13 14:00:00,Egypt,25-34,True,5000
CUST_003069,new,2023-09-13 16:00:00,UAE,35-44,True,20000
CUST_003070,standard,2023-09-13 18:00:00,UAE,35-44,True,5000
CUST_003071,standard,2023-09-13 20:00:00,KSA,25-34,True,10000
CUST_003072,standard,2023-09-13 22:00:00,Egypt,18-24,False,5000
CUST_003073,new,2023-09-14 00:00:00,UAE,18-24,True,5000
CUST_003074,standard,2023-09-14 02:00:00,Egypt,25-34,True,5000
CUST_003075,standard,2023-09-14 04:00:00,KSA,25-34,True,10000
CUST_003076,standard,2023-09-14 06:00:00,UAE,18-24,True,10000
CUST_003077,new,2023-09-14 08:00:00,KSA,18-24,True,5000
CUST_003078,premium,2023-09-14 10:00:00,UAE,18-24,True,5000
CUST_003079,new,2023-09-14 12:00:00,UAE,45+,True,5000
CUST_003080,standard,2023-09-14 14:00:00,KSA,18-24,True,3000
CUST_003081,standard,2023-09-14 16:00:00,Kuwait,25-34,True,20000
CUST_003082,premium,2023-09-14 18:00:00,UAE,25-34,True,5000
CUST_003083,standard,2023-09-14 20:00:00,UAE,25-34,True,10000
CUST_003084,standard,2023-09-14 22:00:00,UAE,18-24,True,10000
CUST_003085,premium,2023-09-15 00:00:00,UAE,25-34,True,10000
CUST_003086,standard,2023-09-15 02:00:00,UAE,18-24,True,20000
CUST_003087,new,2023-09-15 04:00:00,UAE,25-34,False,5000
CUST_003088,premium,2023-09-15 06:00:00,KSA,18-24,True,10000
CUST_003089,new,2023-09-15 08:00:00,UAE,25-34,True,3000
CUST_003090,standard,2023-09-15 10:00:00,UAE,25-34,True,5000
CUST_003091,standard,2023-09-15 12:00:00,Egypt,25-34,True,10000
CUST_003092,standard,2023-09-15 14:00:00,Egypt,25-34,False,3000
CUST_003093,standard,2023-09-15 16:00:00,UAE,25-34,True,10000
CUST_003094,standard,2023-09-15 18:00:00,UAE,35-44,True,10000
CUST_003095,premium,2023-09-15 20:00:00,KSA,25-34,False,10000
CUST_003096,standard,2023-09-15 22:00:00,UAE,35-44,False,5000
CUST_003097,standard,2023-09-16 00:00:00,UAE,35-44,True,5000
CUST_003098,new,2023-09-16 02:00:00,KSA,25-34,True,5000
CUST_003099,new,2023-09-16 04:00:00,UAE,25-34,True,10000
CUST_003100,standard,2023-09-16 06:00:00,UAE,25-34,True,5000
CUST_003101,premium,2023-09-16 08:00:00,UAE,18-24,False,5000
CUST_003102,standard,2023-09-16 10:00:00,UAE,18-24,True,5000
CUST_003103,standard,2023-09-16 12:00:00,UAE,18-24,True,3000
CUST_003104,standard,2023-09-16 14:00:00,Kuwait,18-24,True,3000
CUST_003105,standard,2023-09-16 16:00:00,UAE,25-34,True,3000
CUST_003106,standard,2023-09-16 18:00:00,UAE,35-44,True,5000
CUST_003107,standard,2023-09-16 20:00:00,UAE,25-34,True,10000
CUST_003108,standard,2023-09-16 22:00:00,Egypt,45+,True,3000
CUST_003109,new,2023-09-17 00:00:00,KSA,45+,True,3000
CUST_003110,new,2023-09-17 02:00:00,UAE,45+,False,5000
CUST_003111,standard,2023-09-17 04:00:00,Egypt,35-44,True,10000
CUST_003112,new,2023-09-17 06:00:00,UAE,25-34,True,3000
CUST_003113,new,2023-09-17 08:00:00,UAE,18-24,True,3000
CUST_003114,standard,2023-09-17 10:00:00,UAE,25-34,True,3000
CUST_003115,standard,2023-09-17 12:00:00,UAE,25-34,True,5000
CUST_003116,standard,2023-09-17 14:00:00,UAE,35-44,True,3000
CUST_003117,new,2023-09-17 16:00:00,KSA,45+,True,5000
CUST_003118,new,2023-09-17 18:00:00,UAE,25-34,True,10000
CUST_003119,premium,2023-09-17 20:00:00,KSA,25-34,True,5000
CUST_003120,standard,2023-09-17 22:00:00,UAE,18-24,True,3000
CUST_003121,standard,2023-09-18 00:00:00,UAE,18-24,False,5000
CUST_003122,standard,2023-09-18 02:00:00,UAE,25-34,True,5000
CUST_003123,standard,2023-09-18 04:00:00,Egypt,25-34,False,20000
CUST_003124,new,2023-09-18 06:00:00,UAE,35-44,True,3000
CUST_003125,standard,2023-09-18 08:00:00,KSA,25-34,True,10000
CUST_003126,new,2023-09-18 10:00:00,UAE,45+,True,10000
CUST_003127,new,2023-09-18 12:00:00,UAE,25-34,True,3000
CUST_003128,new,2023-09-18 14:00:00,UAE,35-44,True,20000
CUST_003129,standard,2023-09-18 16:00:00,UAE,18-24,True,5000
CUST_003130,standard,2023-09-18 18:00:00,UAE,35-44,True,5000
CUST_003131,standard,2023-09-18 20:00:00,UAE,25-34,True,3000
CUST_003132,standard,2023-09-18 22:00:00,KSA,18-24,True,3000
CUST_003133,standard,2023-09-19 00:00:00,UAE,18-24,True,5000
CUST_003134,standard,2023-09-19 02:00:00,KSA,45+,True,5000
CUST_003135,standard,2023-09-19 04:00:00,UAE,18-24,True,5000
CUST_003136,premium,2023-09-19 06:00:00,KSA,25-34,True,5000
CUST_003137,standard,2023-09-19 08:00:00,KSA,25-34,True,5000
CUST_003138,premium,2023-09-19 10:00:00,UAE,25-34,True,5000
CUST_003139,new,2023-09-19 12:00:00,UAE,35-44,True,3000
CUST_003140,new,2023-09-19 14:00:00,KSA,25-34,True,5000
CUST_003141,standard,2023-09-19 16:00:00,Egypt,25-34,True,5000
CUST_003142,standard,2023-09-19 18:00:00,UAE,45+,True,5000
CUST_003143,premium,2023-09-19 20:00:00,UAE,35-44,True,3000
CUST_003144,premium,2023-09-19 22:00:00,Egypt,35-44,False,3000
CUST_003145,standard,2023-09-20 00:00:00,UAE,25-34,True,3000
CUST_003146,new,2023-09-20 02:00:00,KSA,25-34,True,20000
CUST_003147,standard,2023-09-20 04:00:00,UAE,25-34,True,5000
CUST_003148,standard,2023-09-20 06:00:00,UAE,35-44,True,3000
CUST_003149,premium,2023-09-20 08:00:00,KSA,18-24,True,3000
CUST_003150,standard,2023-09-20 10:00:00,KSA,25-34,True,3000
CUST_003151,standard,2023-09-20 12:00:00,UAE,18-24,True,5000
CUST_003152,standard,2023-09-20 14:00:00,UAE,25-34,True,3000
CUST_003153,standard,2023-09-20 16:00:00,KSA,35-44,True,5000
CUST_003154,premium,2023-09-20 18:00:00,KSA,18-24,True,5000
CUST_003155,standard,2023-09-20 20:00:00,UAE,25-34,True,10000
CUST_003156,standard,2023-09-20 22:00:00,KSA,45+,True,5000
CUST_003157,standard,2023-09-21 00:00:00,KSA,25-34,True,5000
CUST_003158,new,2023-09-21 02:00:00,KSA,25-34,True,10000
CUST_003159,standard,2023-09-21 04:00:00,KSA,45+,True,5000
CUST_003160,standard,2023-09-21 06:00:00,UAE,45+,True,10000
CUST_003161,standard,2023-09-21 08:00:00,KSA,25-34,True,5000
CUST_003162,standard,2023-09-21 10:00:00,KSA,18-24,True,5000
CUST_003163,standard,2023-09-21 12:00:00,UAE,18-24,True,5000
CUST_003164,standard,2023-09-21 14:00:00,UAE,35-44,True,20000
CUST_003165,new,2023-09-21 16:00:00,UAE,35-44,True,5000
CUST_003166,standard,2023-09-21 18:00:00,KSA,25-34,True,20000
CUST_003167,standard,2023-09-21 20:00:00,UAE,25-34,True,3000
CUST_003168,standard,2023-09-21 22:00:00,KSA,18-24,True,5000
CUST_003169,new,2023-09-22 00:00:00,Egypt,25-34,True,20000
CUST_003170,standard,2023-09-22 02:00:00,KSA,25-34,True,5000
CUST_003171,standard,2023-09-22 04:00:00,Egypt,35-44,True,20000
CUST_003172,premium,2023-09-22 06:00:00,Kuwait,25-34,True,3000
CUST_003173,standard,2023-09-22 08:00:00,UAE,25-34,True,20000
CUST_003174,premium,2023-09-22 10:00:00,KSA,25-34,True,5000
CUST_003175,standard,2023-09-22 12:00:00,UAE,25-34,True,3000
CUST_003176,premium,2023-09-22 14:00:00,Egypt,25-34,True,10000
CUST_003177,standard,2023-09-22 16:00:00,UAE,18-24,True,3000
CUST_003178,standard,2023-09-22 18:00:00,Kuwait,25-34,True,3000
CUST_003179,standard,2023-09-22 20:00:00,KSA,18-24,True,3000
CUST_003180,new,2023-09-22 22:00:00,KSA,18-24,True,5000
CUST_003181,standard,2023-09-23 00:00:00,UAE,35-44,True,20000
CUST_003182,standard,2023-09-23 02:00:00,UAE,25-34,True,3000
CUST_003183,standard,2023-09-23 04:00:00,KSA,25-34,True,5000
CUST_003184,premium,2023-09-23 06:00:00,UAE,35-44,False,3000
CUST_003185,new,2023-09-23 08:00:00,Egypt,25-34,True,10000
CUST_003186,premium,2023-09-23 10:00:00,UAE,45+,True,3000
CUST_003187,standard,2023-09-23 12:00:00,KSA,18-24,True,3000
CUST_003188,standard,2023-09-23 14:00:00,UAE,35-44,True,3000
CUST_003189,standard,2023-09-23 16:00:00,KSA,45+,True,5000
CUST_003190,standard,2023-09-23 18:00:00,KSA,35-44,True,10000
CUST_003191,standard,2023-09-23 20:00:00,UAE,18-24,True,5000
CUST_003192,premium,2023-09-23 22:00:00,UAE,25-34,True,3000
CUST_003193,new,2023-09-24 00:00:00,UAE,18-24,True,5000
CUST_003194,standard,2023-09-24 02:00:00,KSA,25-34,True,10000
CUST_003195,new,2023-09-24 04:00:00,KSA,35-44,True,3000
CUST_003196,new,2023-09-24 06:00:00,KSA,25-34,True,3000
CUST_003197,new,2023-09-24 08:00:00,KSA,25-34,True,3000
CUST_003198,standard,2023-09-24 10:00:00,UAE,25-34,True,10000
CUST_003199,standard,2023-09-24 12:00:00,UAE,25-34,True,5000
CUST_003200,new,2023-09-24 14:00:00,UAE,35-44,True,5000
CUST_003201,standard,2023-09-24 16:00:00,UAE,35-44,False,3000
CUST_003202,standard,2023-09-24 18:00:00,Kuwait,18-24,True,5000
CUST_003203,new,2023-09-24 20:00:00,Egypt,25-34,True,20000
CUST_003204,new,2023-09-24 22:00:00,UAE,25-34,True,3000
CUST_003205,standard,2023-09-25 00:00:00,KSA,25-34,False,20000
CUST_003206,premium,2023-09-25 02:00:00,Egypt,45+,True,5000
CUST_003207,standard,2023-09-25 04:00:00,UAE,35-44,True,3000
CUST_003208,new,2023-09-25 06:00:00,UAE,25-34,False,5000
CUST_003209,new,2023-09-25 08:00:00,UAE,25-34,True,20000
CUST_003210,standard,2023-09-25 10:00:00,KSA,25-34,True,5000
CUST_003211,premium,2023-09-25 12:00:00,Kuwait,25-34,False,10000
CUST_003212,new,2023-09-25 14:00:00,KSA,18-24,True,3000
CUST_003213,standard,2023-09-25 16:00:00,UAE,25-34,True,5000
CUST_003214,standard,2023-09-25 18:00:00,UAE,18-24,True,10000
CUST_003215,new,2023-09-25 20:00:00,KSA,25-34,True,20000
CUST_003216,premium,2023-09-25 22:00:00,Egypt,25-34,True,5000
CUST_003217,standard,2023-09-26 00:00:00,KSA,45+,True,5000
CUST_003218,premium,2023-09-26 02:00:00,KSA,35-44,False,3000
CUST_003219,standard,2023-09-26 04:00:00,UAE,25-34,True,3000
CUST_003220,new,2023-09-26 06:00:00,Egypt,18-24,True,3000
CUST_003221,standard,2023-09-26 08:00:00,KSA,25-34,True,3000
CUST_003222,new,2023-09-26 10:00:00,UAE,25-34,True,3000
CUST_003223,standard,2023-09-26 12:00:00,KSA,25-34,True,5000
CUST_003224,standard,2023-09-26 14:00:00,UAE,35-44,False,20000
CUST_003225,standard,2023-09-26 16:00:00,UAE,25-34,True,5000
CUST_003226,standard,2023-09-26 18:00:00,UAE,25-34,True,5000
CUST_003227,standard,2023-09-26 20:00:00,UAE,25-34,True,20000
CUST_003228,premium,2023-09-26 22:00:00,UAE,45+,True,3000
CUST_003229,standard,2023-09-27 00:00:00,UAE,45+,True,5000
CUST_003230,standard,2023-09-27 02:00:00,KSA,25-34,True,5000
CUST_003231,new,2023-09-27 04:00:00,UAE,25-34,True,3000
CUST_003232,standard,2023-09-27 06:00:00,UAE,25-34,False,10000
CUST_003233,new,2023-09-27 08:00:00,UAE,18-24,True,3000
CUST_003234,premium,2023-09-27 10:00:00,KSA,25-34,True,3000
CUST_003235,standard,2023-09-27 12:00:00,UAE,25-34,False,3000
CUST_003236,standard,2023-09-27 14:00:00,UAE,18-24,True,20000
CUST_003237,standard,2023-09-27 16:00:00,Egypt,18-24,True,5000
CUST_003238,premium,2023-09-27 18:00:00,KSA,25-34,False,5000
CUST_003239,new,2023-09-27 20:00:00,Egypt,35-44,True,5000
CUST_003240,new,2023-09-27 22:00:00,UAE,25-34,True,3000
CUST_003241,standard,2023-09-28 00:00:00,UAE,25-34,True,5000
CUST_003242,premium,2023-09-28 02:00:00,KSA,25-34,True,5000
CUST_003243,new,2023-09-28 04:00:00,UAE,25-34,True,3000
CUST_003244,standard,2023-09-28 06:00:00,UAE,25-34,True,5000
CUST_003245,new,2023-09-28 08:00:00,UAE,25-34,True,3000
CUST_003246,new,2023-09-28 10:00:00,Egypt,18-24,True,3000
CUST_003247,new,2023-09-28 12:00:00,UAE,25-34,True,10000
CUST_003248,standard,2023-09-28 14:00:00,Egypt,25-34,True,5000
CUST_003249,premium,2023-09-28 16:00:00,Egypt,25-34,True,5000
CUST_003250,standard,2023-09-28 18:00:00,UAE,45+,True,5000
CUST_003251,standard,2023-09-28 20:00:00,KSA,18-24,True,5000
CUST_003252,new,2023-09-28 22:00:00,KSA,25-34,True,5000
CUST_003253,standard,2023-09-29 00:00:00,Egypt,25-34,True,10000
CUST_003254,standard,2023-09-29 02:00:00,UAE,35-44,True,5000
CUST_003255,new,2023-09-29 04:00:00,KSA,25-34,True,20000
CUST_003256,new,2023-09-29 06:00:00,UAE,35-44,False,20000
CUST_003257,new,2023-09-29 08:00:00,Egypt,35-44,True,5000
CUST_003258,new,2023-09-29 10:00:00,UAE,25-34,True,10000
CUST_003259,standard,2023-09-29 12:00:00,UAE,25-34,True,5000
CUST_003260,standard,2023-09-29 14:00:00,KSA,25-34,True,5000
CUST_003261,new,2023-09-29 16:00:00,Egypt,35-44,True,3000
CUST_003262,standard,2023-09-29 18:00:00,KSA,18-24,True,5000
CUST_003263,standard,2023-09-29 20:00:00,UAE,25-34,True,20000
CUST_003264,standard,2023-09-29 22:00:00,UAE,25-34,True,10000
CUST_003265,standard,2023-09-30 00:00:00,Kuwait,25-34,True,10000
CUST_003266,new,2023-09-30 02:00:00,KSA,25-34,False,3000
CUST_003267,standard,2023-09-30 04:00:00,Egypt,25-34,True,5000
CUST_003268,standard,2023-09-30 06:00:00,UAE,18-24,True,3000
CUST_003269,standard,2023-09-30 08:00:00,UAE,25-34,False,5000
CUST_003270,standard,2023-09-30 10:00:00,KSA,25-34,True,5000
CUST_003271,standard,2023-09-30 12:00:00,Egypt,45+,True,5000
CUST_003272,standard,2023-09-30 14:00:00,UAE,25-34,False,5000
CUST_003273,new,2023-09-30 16:00:00,Egypt,35-44,True,5000
CUST_003274,standard,2023-09-30 18:00:00,KSA,25-34,False,3000
CUST_003275,standard,2023-09-30 20:00:00,UAE,18-24,True,3000
CUST_003276,premium,2023-09-30 22:00:00,UAE,35-44,True,10000
CUST_003277,standard,2023-10-01 00:00:00,UAE,18-24,True,3000
CUST_003278,standard,2023-10-01 02:00:00,KSA,45+,True,3000
CUST_003279,new,2023-10-01 04:00:00,UAE,35-44,True,10000
CUST_003280,standard,2023-10-01 06:00:00,UAE,25-34,True,20000
CUST_003281,new,2023-10-01 08:00:00,Egypt,25-34,True,10000
CUST_003282,standard,2023-10-01 10:00:00,UAE,25-34,True,3000
CUST_003283,standard,2023-10-01 12:00:00,UAE,25-34,True,3000
CUST_003284,standard,2023-10-01 14:00:00,UAE,25-34,True,20000
CUST_003285,new,2023-10-01 16:00:00,KSA,25-34,True,10000
CUST_003286,standard,2023-10-01 18:00:00,KSA,25-34,True,5000
CUST_003287,standard,2023-10-01 20:00:00,UAE,18-24,False,3000
CUST_003288,standard,2023-10-01 22:00:00,KSA,35-44,True,3000
CUST_003289,standard,2023-10-02 00:00:00,KSA,35-44,True,3000
CUST_003290,standard,2023-10-02 02:00:00,UAE,25-34,True,5000
CUST_003291,standard,2023-10-02 04:00:00,UAE,35-44,True,3000
CUST_003292,standard,2023-10-02 06:00:00,UAE,25-34,True,20000
CUST_003293,standard,2023-10-02 08:00:00,UAE,18-24,True,3000
CUST_003294,standard,2023-10-02 10:00:00,KSA,25-34,False,10000
CUST_003295,new,2023-10-02 12:00:00,KSA,25-34,True,3000
CUST_003296,new,2023-10-02 14:00:00,UAE,25-34,False,5000
CUST_003297,new,2023-10-02 16:00:00,UAE,35-44,True,3000
CUST_003298,standard,2023-10-02 18:00:00,UAE,45+,True,10000
CUST_003299,premium,2023-10-02 20:00:00,KSA,25-34,True,5000
CUST_003300,standard,2023-10-02 22:00:00,UAE,35-44,True,3000
CUST_003301,standard,2023-10-03 00:00:00,KSA,18-24,True,10000
CUST_003302,standard,2023-10-03 02:00:00,UAE,18-24,True,5000
CUST_003303,premium,2023-10-03 04:00:00,KSA,35-44,False,20000
CUST_003304,standard,2023-10-03 06:00:00,Egypt,25-34,True,20000
CUST_003305,premium,2023-10-03 08:00:00,UAE,25-34,True,20000
CUST_003306,new,2023-10-03 10:00:00,UAE,25-34,True,3000
CUST_003307,standard,2023-10-03 12:00:00,Kuwait,25-34,True,3000
CUST_003308,standard,2023-10-03 14:00:00,UAE,18-24,True,20000
CUST_003309,premium,2023-10-03 16:00:00,KSA,25-34,True,5000
CUST_003310,standard,2023-10-03 18:00:00,UAE,18-24,True,3000
CUST_003311,standard,2023-10-03 20:00:00,KSA,18-24,True,10000
CUST_003312,new,2023-10-03 22:00:00,UAE,25-34,False,3000
CUST_003313,new,2023-10-04 00:00:00,Kuwait,25-34,True,10000
CUST_003314,standard,2023-10-04 02:00:00,KSA,35-44,True,10000
CUST_003315,new,2023-10-04 04:00:00,KSA,18-24,True,10000
CUST_003316,new,2023-10-04 06:00:00,KSA,18-24,True,3000
CUST_003317,new,2023-10-04 08:00:00,KSA,25-34,True,5000
CUST_003318,new,2023-10-04 10:00:00,UAE,25-34,True,5000
CUST_003319,standard,2023-10-04 12:00:00,Egypt,18-24,True,5000
CUST_003320,standard,2023-10-04 14:00:00,Kuwait,18-24,True,3000
CUST_003321,premium,2023-10-04 16:00:00,UAE,45+,True,5000
CUST_003322,premium,2023-10-04 18:00:00,Egypt,25-34,True,5000
CUST_003323,new,2023-10-04 20:00:00,KSA,25-34,False,5000
CUST_003324,standard,2023-10-04 22:00:00,KSA,25-34,True,10000
CUST_003325,new,2023-10-05 00:00:00,UAE,25-34,True,5000
CUST_003326,new,2023-10-05 02:00:00,UAE,25-34,True,3000
CUST_003327,new,2023-10-05 04:00:00,UAE,25-34,False,5000
CUST_003328,new,2023-10-05 06:00:00,UAE,35-44,True,10000
CUST_003329,standard,2023-10-05 08:00:00,KSA,18-24,True,5000
CUST_003330,premium,2023-10-05 10:00:00,UAE,35-44,True,5000
CUST_003331,standard,2023-10-05 12:00:00,UAE,18-24,True,3000
CUST_003332,premium,2023-10-05 14:00:00,Kuwait,25-34,False,5000
CUST_003333,premium,2023-10-05 16:00:00,UAE,18-24,False,20000
CUST_003334,standard,2023-10-05 18:00:00,UAE,18-24,False,20000
CUST_003335,new,2023-10-05 20:00:00,UAE,45+,False,5000
CUST_003336,standard,2023-10-05 22:00:00,UAE,25-34,False,10000
CUST_003337,standard,2023-10-06 00:00:00,KSA,18-24,True,10000
CUST_003338,standard,2023-10-06 02:00:00,KSA,45+,True,20000
CUST_003339,standard,2023-10-06 04:00:00,KSA,35-44,True,5000
CUST_003340,premium,2023-10-06 06:00:00,UAE,35-44,False,5000
CUST_003341,new,2023-10-06 08:00:00,KSA,45+,True,5000
CUST_003342,standard,2023-10-06 10:00:00,UAE,25-34,True,3000
CUST_003343,new,2023-10-06 12:00:00,UAE,35-44,True,5000
CUST_003344,premium,2023-10-06 14:00:00,UAE,25-34,True,10000
CUST_003345,new,2023-10-06 16:00:00,UAE,35-44,True,10000
CUST_003346,standard,2023-10-06 18:00:00,UAE,35-44,True,10000
CUST_003347,standard,2023-10-06 20:00:00,UAE,25-34,True,3000
CUST_003348,standard,2023-10-06 22:00:00,Kuwait,35-44,True,5000
CUST_003349,new,2023-10-07 00:00:00,UAE,25-34,True,3000
CUST_003350,standard,2023-10-07 02:00:00,UAE,25-34,True,3000
CUST_003351,standard,2023-10-07 04:00:00,UAE,18-24,False,20000
CUST_003352,new,2023-10-07 06:00:00,KSA,45+,True,5000
CUST_003353,new,2023-10-07 08:00:00,UAE,25-34,True,10000
CUST_003354,standard,2023-10-07 10:00:00,Egypt,25-34,True,3000
CUST_003355,new,2023-10-07 12:00:00,Kuwait,25-34,True,5000
CUST_003356,standard,2023-10-07 14:00:00,UAE,45+,True,5000
CUST_003357,standard,2023-10-07 16:00:00,UAE,25-34,True,3000
CUST_003358,standard,2023-10-07 18:00:00,UAE,35-44,True,5000
CUST_003359,new,2023-10-07 20:00:00,KSA,35-44,True,3000
CUST_003360,new,2023-10-07 22:00:00,UAE,25-34,True,5000
CUST_003361,standard,2023-10-08 00:00:00,UAE,25-34,True,20000
CUST_003362,standard,2023-10-08 02:00:00,UAE,35-44,True,10000
CUST_003363,standard,2023-10-08 04:00:00,KSA,45+,False,20000
CUST_003364,new,2023-10-08 06:00:00,UAE,35-44,True,10000
CUST_003365,new,2023-10-08 08:00:00,UAE,25-34,True,10000
CUST_003366,standard,2023-10-08 10:00:00,KSA,35-44,True,5000
CUST_003367,new,2023-10-08 12:00:00,KSA,25-34,True,5000
CUST_003368,new,2023-10-08 14:00:00,Egypt,25-34,True,5000
CUST_003369,standard,2023-10-08 16:00:00,UAE,35-44,True,10000
CUST_003370,premium,2023-10-08 18:00:00,KSA,18-24,True,3000
CUST_003371,standard,2023-10-08 20:00:00,KSA,35-44,True,3000
CUST_003372,standard,2023-10-08 22:00:00,UAE,25-34,True,20000
CUST_003373,standard,2023-10-09 00:00:00,KSA,35-44,True,3000
CUST_003374,standard,2023-10-09 02:00:00,UAE,18-24,True,20000
CUST_003375,new,2023-10-09 04:00:00,Egypt,25-34,False,10000
CUST_003376,standard,2023-10-09 06:00:00,UAE,35-44,True,5000
CUST_003377,standard,2023-10-09 08:00:00,KSA,18-24,True,5000
CUST_003378,standard,2023-10-09 10:00:00,UAE,18-24,True,10000
CUST_003379,standard,2023-10-09 12:00:00,Kuwait,45+,True,3000
CUST_003380,standard,2023-10-09 14:00:00,UAE,25-34,True,10000
CUST_003381,standard,2023-10-09 16:00:00,Kuwait,45+,True,10000
CUST_003382,standard,2023-10-09 18:00:00,Egypt,18-24,True,3000
CUST_003383,standard,2023-10-09 20:00:00,UAE,25-34,True,3000
CUST_003384,standard,2023-10-09 22:00:00,Egypt,35-44,True,3000
CUST_003385,standard,2023-10-10 00:00:00,Kuwait,25-34,True,3000
CUST_003386,new,2023-10-10 02:00:00,UAE,25-34,True,3000
CUST_003387,standard,2023-10-10 04:00:00,UAE,25-34,True,10000
CUST_003388,standard,2023-10-10 06:00:00,KSA,35-44,True,5000
CUST_003389,new,2023-10-10 08:00:00,UAE,25-34,True,10000
CUST_003390,standard,2023-10-10 10:00:00,UAE,25-34,True,3000
CUST_003391,premium,2023-10-10 12:00:00,UAE,18-24,True,5000
CUST_003392,new,2023-10-10 14:00:00,UAE,25-34,True,5000
CUST_003393,standard,2023-10-10 16:00:00,UAE,25-34,True,10000
CUST_003394,standard,2023-10-10 18:00:00,UAE,25-34,True,5000
CUST_003395,new,2023-10-10 20:00:00,Egypt,25-34,False,5000
CUST_003396,new,2023-10-10 22:00:00,KSA,18-24,True,10000
CUST_003397,new,2023-10-11 00:00:00,UAE,18-24,True,5000
CUST_003398,standard,2023-10-11 02:00:00,KSA,25-34,True,3000
CUST_003399,standard,2023-10-11 04:00:00,KSA,25-34,True,5000
CUST_003400,standard,2023-10-11 06:00:00,Kuwait,35-44,True,10000
CUST_003401,standard,2023-10-11 08:00:00,UAE,25-34,True,3000
CUST_003402,standard,2023-10-11 10:00:00,UAE,18-24,False,5000
CUST_003403,standard,2023-10-11 12:00:00,Egypt,25-34,False,5000
CUST_003404,new,2023-10-11 14:00:00,Egypt,18-24,True,20000
CUST_003405,standard,2023-10-11 16:00:00,KSA,35-44,True,3000
CUST_003406,standard,2023-10-11 18:00:00,KSA,45+,True,3000
CUST_003407,standard,2023-10-11 20:00:00,UAE,25-34,True,5000
CUST_003408,premium,2023-10-11 22:00:00,KSA,25-34,True,5000
CUST_003409,premium,2023-10-12 00:00:00,UAE,25-34,True,10000
CUST_003410,standard,2023-10-12 02:00:00,UAE,25-34,True,5000
CUST_003411,premium,2023-10-12 04:00:00,Egypt,35-44,False,10000
CUST_003412,standard,2023-10-12 06:00:00,UAE,18-24,True,10000
CUST_003413,new,2023-10-12 08:00:00,UAE,25-34,True,20000
CUST_003414,new,2023-10-12 10:00:00,Egypt,25-34,True,5000
CUST_003415,standard,2023-10-12 12:00:00,UAE,35-44,True,20000
CUST_003416,standard,2023-10-12 14:00:00,Kuwait,25-34,False,3000
CUST_003417,new,2023-10-12 16:00:00,Kuwait,45+,False,10000
CUST_003418,new,2023-10-12 18:00:00,KSA,18-24,True,5000
CUST_003419,standard,2023-10-12 20:00:00,UAE,25-34,True,10000
CUST_003420,new,2023-10-12 22:00:00,UAE,35-44,True,5000
CUST_003421,standard,2023-10-13 00:00:00,UAE,25-34,True,10000
CUST_003422,new,2023-10-13 02:00:00,UAE,25-34,True,20000
CUST_003423,new,2023-10-13 04:00:00,UAE,18-24,True,10000
CUST_003424,premium,2023-10-13 06:00:00,Kuwait,18-24,True,10000
CUST_003425,new,2023-10-13 08:00:00,UAE,18-24,True,3000
CUST_003426,standard,2023-10-13 10:00:00,KSA,45+,True,3000
CUST_003427,new,2023-10-13 12:00:00,UAE,25-34,True,20000
CUST_003428,standard,2023-10-13 14:00:00,KSA,35-44,True,5000
CUST_003429,new,2023-10-13 16:00:00,Egypt,25-34,True,5000
CUST_003430,premium,2023-10-13 18:00:00,UAE,25-34,True,5000
CUST_003431,standard,2023-10-13 20:00:00,UAE,25-34,True,3000
CUST_003432,premium,2023-10-13 22:00:00,KSA,45+,True,5000
CUST_003433,new,2023-10-14 00:00:00,KSA,35-44,False,5000
CUST_003434,new,2023-10-14 02:00:00,KSA,35-44,False,3000
CUST_003435,new,2023-10-14 04:00:00,UAE,18-24,True,3000
CUST_003436,new,2023-10-14 06:00:00,UAE,25-34,True,5000
CUST_003437,premium,2023-10-14 08:00:00,Kuwait,25-34,True,5000
CUST_003438,standard,2023-10-14 10:00:00,Egypt,45+,True,3000
CUST_003439,premium,2023-10-14 12:00:00,UAE,25-34,True,5000
CUST_003440,standard,2023-10-14 14:00:00,Egypt,25-34,True,20000
CUST_003441,standard,2023-10-14 16:00:00,UAE,25-34,True,5000
CUST_003442,standard,2023-10-14 18:00:00,UAE,25-34,True,10000
CUST_003443,standard,2023-10-14 20:00:00,UAE,18-24,True,20000
CUST_003444,premium,2023-10-14 22:00:00,UAE,35-44,False,3000
CUST_003445,standard,2023-10-15 00:00:00,KSA,25-34,True,3000
CUST_003446,premium,2023-10-15 02:00:00,UAE,35-44,False,5000
CUST_003447,new,2023-10-15 04:00:00,UAE,35-44,True,5000
CUST_003448,new,2023-10-15 06:00:00,KSA,25-34,True,5000
CUST_003449,new,2023-10-15 08:00:00,KSA,25-34,True,5000
CUST_003450,standard,2023-10-15 10:00:00,KSA,18-24,True,5000
CUST_003451,standard,2023-10-15 12:00:00,Egypt,45+,True,3000
CUST_003452,new,2023-10-15 14:00:00,UAE,25-34,True,20000
CUST_003453,standard,2023-10-15 16:00:00,KSA,25-34,True,3000
CUST_003454,standard,2023-10-15 18:00:00,KSA,25-34,True,20000
CUST_003455,standard,2023-10-15 20:00:00,KSA,25-34,True,3000
CUST_003456,premium,2023-10-15 22:00:00,UAE,25-34,True,3000
CUST_003457,standard,2023-10-16 00:00:00,UAE,25-34,True,3000
CUST_003458,standard,2023-10-16 02:00:00,Egypt,35-44,False,20000
CUST_003459,standard,2023-10-16 04:00:00,UAE,35-44,True,3000
CUST_003460,premium,2023-10-16 06:00:00,Egypt,25-34,True,5000
CUST_003461,standard,2023-10-16 08:00:00,KSA,25-34,True,10000
CUST_003462,new,2023-10-16 10:00:00,KSA,35-44,False,5000
CUST_003463,premium,2023-10-16 12:00:00,Egypt,18-24,True,5000
CUST_003464,standard,2023-10-16 14:00:00,KSA,35-44,True,20000
CUST_003465,new,2023-10-16 16:00:00,UAE,25-34,True,10000
CUST_003466,standard,2023-10-16 18:00:00,KSA,25-34,True,5000
CUST_003467,premium,2023-10-16 20:00:00,Egypt,25-34,True,5000
CUST_003468,standard,2023-10-16 22:00:00,UAE,25-34,True,20000
CUST_003469,standard,2023-10-17 00:00:00,UAE,35-44,False,20000
CUST_003470,standard,2023-10-17 02:00:00,UAE,18-24,True,5000
CUST_003471,new,2023-10-17 04:00:00,Egypt,25-34,False,10000
CUST_003472,premium,2023-10-17 06:00:00,UAE,25-34,False,5000
CUST_003473,standard,2023-10-17 08:00:00,KSA,35-44,True,5000
CUST_003474,standard,2023-10-17 10:00:00,UAE,25-34,True,3000
CUST_003475,premium,2023-10-17 12:00:00,UAE,35-44,True,3000
CUST_003476,standard,2023-10-17 14:00:00,KSA,25-34,False,5000
CUST_003477,standard,2023-10-17 16:00:00,UAE,18-24,True,5000
CUST_003478,standard,2023-10-17 18:00:00,KSA,35-44,True,3000
CUST_003479,premium,2023-10-17 20:00:00,KSA,18-24,True,5000
CUST_003480,standard,2023-10-17 22:00:00,Egypt,25-34,False,5000
CUST_003481,standard,2023-10-18 00:00:00,UAE,18-24,True,20000
CUST_003482,new,2023-10-18 02:00:00,Egypt,25-34,True,10000
CUST_003483,premium,2023-10-18 04:00:00,KSA,25-34,True,5000
CUST_003484,standard,2023-10-18 06:00:00,Egypt,25-34,True,20000
CUST_003485,standard,2023-10-18 08:00:00,UAE,25-34,True,5000
CUST_003486,new,2023-10-18 10:00:00,KSA,25-34,False,5000
CUST_003487,standard,2023-10-18 12:00:00,Egypt,25-34,True,20000
CUST_003488,standard,2023-10-18 14:00:00,Egypt,25-34,True,5000
CUST_003489,new,2023-10-18 16:00:00,UAE,45+,True,5000
CUST_003490,new,2023-10-18 18:00:00,UAE,35-44,True,3000
CUST_003491,standard,2023-10-18 20:00:00,UAE,18-24,True,3000
CUST_003492,standard,2023-10-18 22:00:00,UAE,18-24,True,5000
CUST_003493,new,2023-10-19 00:00:00,UAE,45+,True,20000
CUST_003494,new,2023-10-19 02:00:00,UAE,25-34,True,5000
CUST_003495,new,2023-10-19 04:00:00,Egypt,25-34,True,20000
CUST_003496,standard,2023-10-19 06:00:00,UAE,35-44,True,20000
CUST_003497,standard,2023-10-19 08:00:00,KSA,25-34,True,3000
CUST_003498,standard,2023-10-19 10:00:00,UAE,25-34,True,5000
CUST_003499,new,2023-10-19 12:00:00,UAE,45+,True,5000
CUST_003500,standard,2023-10-19 14:00:00,UAE,25-34,True,5000
CUST_003501,standard,2023-10-19 16:00:00,UAE,18-24,True,3000
CUST_003502,new,2023-10-19 18:00:00,KSA,18-24,True,20000
CUST_003503,standard,2023-10-19 20:00:00,Egypt,25-34,True,10000
CUST_003504,new,2023-10-19 22:00:00,UAE,35-44,True,5000
CUST_003505,standard,2023-10-20 00:00:00,UAE,25-34,True,5000
CUST_003506,standard,2023-10-20 02:00:00,UAE,18-24,True,3000
CUST_003507,standard,2023-10-20 04:00:00,Egypt,45+,True,5000
CUST_003508,new,2023-10-20 06:00:00,KSA,18-24,True,20000
CUST_003509,premium,2023-10-20 08:00:00,KSA,18-24,True,10000
CUST_003510,standard,2023-10-20 10:00:00,KSA,25-34,True,5000
CUST_003511,new,2023-10-20 12:00:00,Egypt,25-34,True,5000
CUST_003512,standard,2023-10-20 14:00:00,UAE,25-34,True,5000
CUST_003513,standard,2023-10-20 16:00:00,UAE,45+,True,5000
CUST_003514,standard,2023-10-20 18:00:00,Egypt,35-44,True,3000
CUST_003515,standard,2023-10-20 20:00:00,KSA,25-34,True,5000
CUST_003516,standard,2023-10-20 22:00:00,KSA,25-34,False,5000
CUST_003517,standard,2023-10-21 00:00:00,KSA,25-34,True,3000
CUST_003518,standard,2023-10-21 02:00:00,UAE,25-34,True,3000
CUST_003519,standard,2023-10-21 04:00:00,KSA,18-24,True,3000
CUST_003520,standard,2023-10-21 06:00:00,KSA,45+,True,5000
CUST_003521,premium,2023-10-21 08:00:00,UAE,18-24,True,5000
CUST_003522,standard,2023-10-21 10:00:00,KSA,18-24,True,3000
CUST_003523,standard,2023-10-21 12:00:00,Egypt,25-34,True,3000
CUST_003524,standard,2023-10-21 14:00:00,UAE,25-34,True,10000
CUST_003525,standard,2023-10-21 16:00:00,UAE,18-24,True,3000
CUST_003526,standard,2023-10-21 18:00:00,UAE,18-24,True,5000
CUST_003527,new,2023-10-21 20:00:00,KSA,25-34,True,20000
CUST_003528,standard,2023-10-21 22:00:00,UAE,25-34,True,5000
CUST_003529,new,2023-10-22 00:00:00,KSA,25-34,False,10000
CUST_003530,new,2023-10-22 02:00:00,Egypt,25-34,True,5000
CUST_003531,standard,2023-10-22 04:00:00,UAE,25-34,False,3000
CUST_003532,premium,2023-10-22 06:00:00,Egypt,35-44,True,5000
CUST_003533,standard,2023-10-22 08:00:00,Kuwait,25-34,True,5000
CUST_003534,new,2023-10-22 10:00:00,UAE,18-24,True,3000
CUST_003535,standard,2023-10-22 12:00:00,UAE,25-34,True,5000
CUST_003536,premium,2023-10-22 14:00:00,Kuwait,35-44,True,20000
CUST_003537,standard,2023-10-22 16:00:00,Kuwait,18-24,True,3000
CUST_003538,new,2023-10-22 18:00:00,UAE,25-34,False,5000
CUST_003539,new,2023-10-22 20:00:00,UAE,18-24,True,5000
CUST_003540,standard,2023-10-22 22:00:00,UAE,18-24,True,10000
CUST_003541,standard,2023-10-23 00:00:00,Kuwait,25-34,True,10000
CUST_003542,standard,2023-10-23 02:00:00,UAE,25-34,True,10000
CUST_003543,standard,2023-10-23 04:00:00,KSA,35-44,True,5000
CUST_003544,new,2023-10-23 06:00:00,Egypt,25-34,True,3000
CUST_003545,standard,2023-10-23 08:00:00,UAE,25-34,False,5000
CUST_003546,standard,2023-10-23 10:00:00,KSA,25-34,True,5000
CUST_003547,premium,2023-10-23 12:00:00,UAE,25-34,True,10000
CUST_003548,new,2023-10-23 14:00:00,Egypt,18-24,True,20000
CUST_003549,new,2023-10-23 16:00:00,UAE,35-44,False,5000
CUST_003550,standard,2023-10-23 18:00:00,KSA,45+,True,5000
CUST_003551,new,2023-10-23 20:00:00,KSA,18-24,False,5000
CUST_003552,standard,2023-10-23 22:00:00,UAE,18-24,True,3000
CUST_003553,standard,2023-10-24 00:00:00,UAE,18-24,True,5000
CUST_003554,standard,2023-10-24 02:00:00,UAE,25-34,True,5000
CUST_003555,premium,2023-10-24 04:00:00,UAE,25-34,True,20000
CUST_003556,standard,2023-10-24 06:00:00,Egypt,35-44,True,5000
CUST_003557,new,2023-10-24 08:00:00,Egypt,35-44,True,20000
CUST_003558,premium,2023-10-24 10:00:00,UAE,25-34,True,5000
CUST_003559,standard,2023-10-24 12:00:00,KSA,25-34,True,3000
CUST_003560,standard,2023-10-24 14:00:00,KSA,25-34,True,3000
CUST_003561,standard,2023-10-24 16:00:00,Egypt,25-34,False,3000
CUST_003562,new,2023-10-24 18:00:00,UAE,25-34,True,5000
CUST_003563,standard,2023-10-24 20:00:00,UAE,25-34,True,3000
CUST_003564,standard,2023-10-24 22:00:00,UAE,25-34,True,5000
CUST_003565,new,2023-10-25 00:00:00,KSA,25-34,True,20000
CUST_003566,standard,2023-10-25 02:00:00,UAE,25-34,True,5000
CUST_003567,standard,2023-10-25 04:00:00,UAE,35-44,True,10000
CUST_003568,standard,2023-10-25 06:00:00,UAE,25-34,True,3000
CUST_003569,standard,2023-10-25 08:00:00,KSA,25-34,True,5000
CUST_003570,new,2023-10-25 10:00:00,UAE,25-34,True,3000
CUST_003571,new,2023-10-25 12:00:00,UAE,25-34,True,10000
CUST_003572,standard,2023-10-25 14:00:00,UAE,25-34,True,3000
CUST_003573,new,2023-10-25 16:00:00,UAE,18-24,False,5000
CUST_003574,standard,2023-10-25 18:00:00,KSA,25-34,True,5000
CUST_003575,premium,2023-10-25 20:00:00,UAE,25-34,True,5000
CUST_003576,standard,2023-10-25 22:00:00,UAE,45+,True,10000
CUST_003577,standard,2023-10-26 00:00:00,KSA,25-34,True,3000
CUST_003578,standard,2023-10-26 02:00:00,UAE,25-34,True,5000
CUST_003579,standard,2023-10-26 04:00:00,UAE,25-34,True,10000
CUST_003580,new,2023-10-26 06:00:00,Egypt,18-24,False,5000
CUST_003581,standard,2023-10-26 08:00:00,UAE,35-44,True,5000
CUST_003582,standard,2023-10-26 10:00:00,UAE,25-34,False,3000
CUST_003583,premium,2023-10-26 12:00:00,UAE,25-34,True,10000
CUST_003584,premium,2023-10-26 14:00:00,UAE,25-34,True,20000
CUST_003585,standard,2023-10-26 16:00:00,KSA,25-34,True,5000
CUST_003586,standard,2023-10-26 18:00:00,KSA,35-44,True,10000
CUST_003587,new,2023-10-26 20:00:00,KSA,25-34,True,5000
CUST_003588,standard,2023-10-26 22:00:00,UAE,25-34,False,3000
CUST_003589,premium,2023-10-27 00:00:00,UAE,35-44,False,3000
CUST_003590,standard,2023-10-27 02:00:00,Egypt,35-44,False,5000
CUST_003591,standard,2023-10-27 04:00:00,Egypt,18-24,True,5000
CUST_003592,premium,2023-10-27 06:00:00,UAE,18-24,False,10000
CUST_003593,new,2023-10-27 08:00:00,UAE,18-24,True,5000
CUST_003594,premium,2023-10-27 10:00:00,UAE,25-34,False,20000
CUST_003595,standard,2023-10-27 12:00:00,UAE,45+,True,5000
CUST_003596,standard,2023-10-27 14:00:00,UAE,25-34,True,5000
CUST_003597,standard,2023-10-27 16:00:00,UAE,25-34,False,3000
CUST_003598,standard,2023-10-27 18:00:00,KSA,35-44,False,5000
CUST_003599,new,2023-10-27 20:00:00,KSA,25-34,True,10000
CUST_003600,standard,2023-10-27 22:00:00,UAE,25-34,True,3000
CUST_003601,new,2023-10-28 00:00:00,UAE,45+,True,20000
CUST_003602,premium,2023-10-28 02:00:00,Egypt,35-44,True,20000
CUST_003603,new,2023-10-28 04:00:00,UAE,35-44,True,5000
CUST_003604,standard,2023-10-28 06:00:00,KSA,25-34,True,5000
CUST_003605,standard,2023-10-28 08:00:00,UAE,35-44,True,3000
CUST_003606,standard,2023-10-28 10:00:00,KSA,18-24,True,3000
CUST_003607,new,2023-10-28 12:00:00,UAE,25-34,True,3000
CUST_003608,standard,2023-10-28 14:00:00,UAE,45+,True,5000
CUST_003609,premium,2023-10-28 16:00:00,UAE,25-34,True,3000
CUST_003610,premium,2023-10-28 18:00:00,UAE,35-44,True,10000
CUST_003611,new,2023-10-28 20:00:00,UAE,25-34,True,5000
CUST_003612,standard,2023-10-28 22:00:00,KSA,18-24,True,3000
CUST_003613,new,2023-10-29 00:00:00,UAE,35-44,True,5000
CUST_003614,standard,2023-10-29 02:00:00,UAE,18-24,True,20000
CUST_003615,standard,2023-10-29 04:00:00,KSA,25-34,True,5000
CUST_003616,premium,2023-10-29 06:00:00,KSA,18-24,True,5000
CUST_003617,new,2023-10-29 08:00:00,Kuwait,45+,False,10000
CUST_003618,standard,2023-10-29 10:00:00,KSA,25-34,True,10000
CUST_003619,new,2023-10-29 12:00:00,UAE,25-34,True,10000
CUST_003620,standard,2023-10-29 14:00:00,KSA,18-24,True,3000
CUST_003621,standard,2023-10-29 16:00:00,Egypt,45+,True,10000
CUST_003622,standard,2023-10-29 18:00:00,Egypt,35-44,True,5000
CUST_003623,standard,2023-10-29 20:00:00,UAE,35-44,True,20000
CUST_003624,new,2023-10-29 22:00:00,UAE,25-34,True,3000
CUST_003625,new,2023-10-30 00:00:00,UAE,25-34,True,20000
CUST_003626,new,2023-10-30 02:00:00,KSA,18-24,True,20000
CUST_003627,new,2023-10-30 04:00:00,KSA,25-34,True,3000
CUST_003628,standard,2023-10-30 06:00:00,KSA,25-34,True,20000
CUST_003629,standard,2023-10-30 08:00:00,UAE,45+,False,3000
CUST_003630,new,2023-10-30 10:00:00,KSA,35-44,True,3000
CUST_003631,premium,2023-10-30 12:00:00,Egypt,25-34,True,5000
CUST_003632,new,2023-10-30 14:00:00,UAE,18-24,True,20000
CUST_003633,new,2023-10-30 16:00:00,KSA,35-44,False,5000
CUST_003634,standard,2023-10-30 18:00:00,UAE,18-24,True,5000
CUST_003635,new,2023-10-30 20:00:00,Egypt,18-24,True,5000
CUST_003636,standard,2023-10-30 22:00:00,Egypt,25-34,True,20000
CUST_003637,standard,2023-10-31 00:00:00,KSA,25-34,True,10000
CUST_003638,premium,2023-10-31 02:00:00,KSA,35-44,True,3000
CUST_003639,standard,2023-10-31 04:00:00,Egypt,25-34,True,5000
CUST_003640,standard,2023-10-31 06:00:00,UAE,18-24,False,3000
CUST_003641,standard,2023-10-31 08:00:00,UAE,25-34,False,5000
CUST_003642,new,2023-10-31 10:00:00,KSA,35-44,True,3000
CUST_003643,new,2023-10-31 12:00:00,UAE,25-34,False,3000
CUST_003644,standard,2023-10-31 14:00:00,UAE,25-34,True,10000
CUST_003645,standard,2023-10-31 16:00:00,Egypt,45+,True,5000
CUST_003646,new,2023-10-31 18:00:00,KSA,45+,True,5000
CUST_003647,premium,2023-10-31 20:00:00,UAE,45+,True,5000
CUST_003648,premium,2023-10-31 22:00:00,UAE,35-44,True,3000
CUST_003649,standard,2023-11-01 00:00:00,UAE,18-24,True,5000
CUST_003650,standard,2023-11-01 02:00:00,UAE,25-34,True,5000
CUST_003651,standard,2023-11-01 04:00:00,UAE,25-34,True,10000
CUST_003652,new,2023-11-01 06:00:00,KSA,25-34,False,5000
CUST_003653,standard,2023-11-01 08:00:00,UAE,45+,True,5000
CUST_003654,standard,2023-11-01 10:00:00,UAE,35-44,False,10000
CUST_003655,standard,2023-11-01 12:00:00,UAE,35-44,True,10000
CUST_003656,standard,2023-11-01 14:00:00,Kuwait,18-24,False,10000
CUST_003657,standard,2023-11-01 16:00:00,UAE,45+,True,20000
CUST_003658,new,2023-11-01 18:00:00,UAE,35-44,True,10000
CUST_003659,new,2023-11-01 20:00:00,UAE,18-24,False,5000
CUST_003660,standard,2023-11-01 22:00:00,KSA,35-44,True,10000
CUST_003661,new,2023-11-02 00:00:00,KSA,25-34,True,5000
CUST_003662,new,2023-11-02 02:00:00,UAE,18-24,True,3000
CUST_003663,new,2023-11-02 04:00:00,UAE,25-34,True,5000
CUST_003664,premium,2023-11-02 06:00:00,UAE,25-34,False,3000
CUST_003665,premium,2023-11-02 08:00:00,KSA,18-24,True,3000
CUST_003666,standard,2023-11-02 10:00:00,KSA,25-34,False,3000
CUST_003667,standard,2023-11-02 12:00:00,UAE,45+,True,3000
CUST_003668,standard,2023-11-02 14:00:00,UAE,25-34,True,10000
CUST_003669,standard,2023-11-02 16:00:00,UAE,35-44,True,20000
CUST_003670,new,2023-11-02 18:00:00,UAE,25-34,True,5000
CUST_003671,new,2023-11-02 20:00:00,KSA,18-24,True,10000
CUST_003672,new,2023-11-02 22:00:00,UAE,25-34,True,3000
CUST_003673,standard,2023-11-03 00:00:00,UAE,25-34,True,20000
CUST_003674,standard,2023-11-03 02:00:00,UAE,25-34,True,5000
CUST_003675,standard,2023-11-03 04:00:00,Kuwait,18-24,True,3000
CUST_003676,standard,2023-11-03 06:00:00,Egypt,25-34,True,3000
CUST_003677,standard,2023-11-03 08:00:00,UAE,25-34,True,5000
CUST_003678,standard,2023-11-03 10:00:00,UAE,35-44,True,3000
CUST_003679,standard,2023-11-03 12:00:00,UAE,18-24,True,5000
CUST_003680,new,2023-11-03 14:00:00,UAE,25-34,True,3000
CUST_003681,premium,2023-11-03 16:00:00,UAE,18-24,True,3000
CUST_003682,new,2023-11-03 18:00:00,KSA,25-34,True,3000
CUST_003683,standard,2023-11-03 20:00:00,KSA,18-24,True,20000
CUST_003684,standard,2023-11-03 22:00:00,Egypt,45+,True,3000
CUST_003685,standard,2023-11-04 00:00:00,UAE,35-44,False,3000
CUST_003686,standard,2023-11-04 02:00:00,Egypt,25-34,True,5000
CUST_003687,standard,2023-11-04 04:00:00,KSA,18-24,True,10000
CUST_003688,standard,2023-11-04 06:00:00,UAE,25-34,True,5000
CUST_003689,standard,2023-11-04 08:00:00,UAE,35-44,True,10000
CUST_003690,premium,2023-11-04 10:00:00,UAE,18-24,True,5000
CUST_003691,standard,2023-11-04 12:00:00,UAE,25-34,True,3000
CUST_003692,new,2023-11-04 14:00:00,UAE,35-44,True,5000
CUST_003693,standard,2023-11-04 16:00:00,KSA,35-44,True,5000
CUST_003694,new,2023-11-04 18:00:00,UAE,35-44,True,5000
CUST_003695,standard,2023-11-04 20:00:00,Egypt,35-44,True,5000
CUST_003696,new,2023-11-04 22:00:00,UAE,45+,True,3000
CUST_003697,new,2023-11-05 00:00:00,Kuwait,25-34,True,10000
CUST_003698,standard,2023-11-05 02:00:00,UAE,25-34,True,5000
CUST_003699,standard,2023-11-05 04:00:00,KSA,35-44,True,5000
CUST_003700,new,2023-11-05 06:00:00,UAE,25-34,True,5000
CUST_003701,standard,2023-11-05 08:00:00,UAE,45+,True,5000
CUST_003702,standard,2023-11-05 10:00:00,Egypt,18-24,True,3000
CUST_003703,premium,2023-11-05 12:00:00,UAE,25-34,True,10000
CUST_003704,new,2023-11-05 14:00:00,KSA,25-34,True,10000
CUST_003705,new,2023-11-05 16:00:00,KSA,25-34,False,3000
CUST_003706,premium,2023-11-05 18:00:00,UAE,25-34,True,20000
CUST_003707,standard,2023-11-05 20:00:00,UAE,35-44,True,5000
CUST_003708,standard,2023-11-05 22:00:00,KSA,18-24,False,5000
CUST_003709,premium,2023-11-06 00:00:00,UAE,35-44,False,3000
CUST_003710,new,2023-11-06 02:00:00,KSA,25-34,True,5000
CUST_003711,standard,2023-11-06 04:00:00,Egypt,25-34,True,3000
CUST_003712,premium,2023-11-06 06:00:00,UAE,25-34,True,5000
CUST_003713,standard,2023-11-06 08:00:00,UAE,25-34,True,5000
CUST_003714,new,2023-11-06 10:00:00,KSA,35-44,False,10000
CUST_003715,premium,2023-11-06 12:00:00,UAE,35-44,True,3000
CUST_003716,standard,2023-11-06 14:00:00,UAE,35-44,True,10000
CUST_003717,standard,2023-11-06 16:00:00,UAE,45+,True,5000
CUST_003718,premium,2023-11-06 18:00:00,KSA,25-34,False,5000
CUST_003719,standard,2023-11-06 20:00:00,UAE,45+,False,10000
CUST_003720,standard,2023-11-06 22:00:00,UAE,35-44,False,5000
CUST_003721,standard,2023-11-07 00:00:00,KSA,35-44,True,5000
CUST_003722,new,2023-11-07 02:00:00,UAE,18-24,True,5000
CUST_003723,new,2023-11-07 04:00:00,UAE,45+,True,5000
CUST_003724,new,2023-11-07 06:00:00,Kuwait,25-34,True,5000
CUST_003725,standard,2023-11-07 08:00:00,KSA,35-44,True,5000
CUST_003726,new,2023-11-07 10:00:00,Egypt,18-24,True,10000
CUST_003727,standard,2023-11-07 12:00:00,UAE,25-34,False,5000
CUST_003728,standard,2023-11-07 14:00:00,KSA,25-34,True,3000
CUST_003729,premium,2023-11-07 16:00:00,UAE,25-34,True,5000
CUST_003730,premium,2023-11-07 18:00:00,UAE,18-24,True,3000
CUST_003731,standard,2023-11-07 20:00:00,UAE,35-44,True,5000
CUST_003732,standard,2023-11-07 22:00:00,UAE,18-24,False,5000
CUST_003733,standard,2023-11-08 00:00:00,Egypt,25-34,True,5000
CUST_003734,standard,2023-11-08 02:00:00,UAE,18-24,True,10000
CUST_003735,standard,2023-11-08 04:00:00,KSA,25-34,True,3000
CUST_003736,standard,2023-11-08 06:00:00,KSA,25-34,True,20000
CUST_003737,standard,2023-11-08 08:00:00,KSA,25-34,True,5000
CUST_003738,new,2023-11-08 10:00:00,UAE,25-34,True,5000
CUST_003739,new,2023-11-08 12:00:00,KSA,25-34,True,5000
CUST_003740,standard,2023-11-08 14:00:00,UAE,18-24,True,10000
CUST_003741,standard,2023-11-08 16:00:00,UAE,18-24,False,5000
CUST_003742,standard,2023-11-08 18:00:00,Kuwait,25-34,True,10000
CUST_003743,new,2023-11-08 20:00:00,UAE,45+,True,10000
CUST_003744,standard,2023-11-08 22:00:00,UAE,25-34,False,10000
CUST_003745,standard,2023-11-09 00:00:00,Egypt,25-34,True,3000
CUST_003746,premium,2023-11-09 02:00:00,UAE,25-34,True,10000
CUST_003747,standard,2023-11-09 04:00:00,KSA,25-34,True,10000
CUST_003748,standard,2023-11-09 06:00:00,UAE,18-24,True,5000
CUST_003749,new,2023-11-09 08:00:00,UAE,18-24,False,10000
CUST_003750,standard,2023-11-09 10:00:00,UAE,25-34,True,20000
CUST_003751,standard,2023-11-09 12:00:00,UAE,25-34,False,5000
CUST_003752,new,2023-11-09 14:00:00,UAE,18-24,True,3000
CUST_003753,new,2023-11-09 16:00:00,KSA,25-34,True,5000
CUST_003754,standard,2023-11-09 18:00:00,KSA,45+,False,3000
CUST_003755,standard,2023-11-09 20:00:00,Egypt,25-34,True,3000
CUST_003756,standard,2023-11-09 22:00:00,UAE,25-34,False,5000
CUST_003757,new,2023-11-10 00:00:00,KSA,45+,True,5000
CUST_003758,premium,2023-11-10 02:00:00,KSA,35-44,True,5000
CUST_003759,new,2023-11-10 04:00:00,Egypt,25-34,False,10000
CUST_003760,standard,2023-11-10 06:00:00,UAE,35-44,True,5000
CUST_003761,standard,2023-11-10 08:00:00,KSA,18-24,False,20000
CUST_003762,premium,2023-11-10 10:00:00,Egypt,25-34,False,3000
CUST_003763,standard,2023-11-10 12:00:00,UAE,25-34,False,10000
CUST_003764,standard,2023-11-10 14:00:00,Egypt,18-24,True,10000
CUST_003765,standard,2023-11-10 16:00:00,UAE,25-34,True,5000
CUST_003766,standard,2023-11-10 18:00:00,KSA,18-24,False,3000
CUST_003767,new,2023-11-10 20:00:00,Egypt,25-34,True,5000
CUST_003768,standard,2023-11-10 22:00:00,KSA,25-34,True,10000
CUST_003769,new,2023-11-11 00:00:00,UAE,25-34,False,10000
CUST_003770,premium,2023-11-11 02:00:00,UAE,18-24,True,5000
CUST_003771,standard,2023-11-11 04:00:00,Egypt,18-24,False,5000
CUST_003772,premium,2023-11-11 06:00:00,UAE,25-34,True,3000
CUST_003773,standard,2023-11-11 08:00:00,UAE,45+,True,5000
CUST_003774,new,2023-11-11 10:00:00,KSA,18-24,True,20000
CUST_003775,standard,2023-11-11 12:00:00,UAE,25-34,True,3000
CUST_003776,premium,2023-11-11 14:00:00,UAE,35-44,True,20000
CUST_003777,standard,2023-11-11 16:00:00,UAE,18-24,True,10000
CUST_003778,standard,2023-11-11 18:00:00,UAE,35-44,False,20000
CUST_003779,standard,2023-11-11 20:00:00,KSA,25-34,True,3000
CUST_003780,new,2023-11-11 22:00:00,KSA,25-34,True,3000
CUST_003781,new,2023-11-12 00:00:00,KSA,25-34,True,3000
CUST_003782,standard,2023-11-12 02:00:00,Egypt,25-34,True,10000
CUST_003783,standard,2023-11-12 04:00:00,Egypt,25-34,True,5000
CUST_003784,standard,2023-11-12 06:00:00,KSA,35-44,True,3000
CUST_003785,premium,2023-11-12 08:00:00,UAE,35-44,True,10000
CUST_003786,standard,2023-11-12 10:00:00,KSA,25-34,True,3000
CUST_003787,standard,2023-11-12 12:00:00,UAE,35-44,True,3000
CUST_003788,standard,2023-11-12 14:00:00,KSA,25-34,True,5000
CUST_003789,standard,2023-11-12 16:00:00,KSA,25-34,True,3000
CUST_003790,premium,2023-11-12 18:00:00,UAE,25-34,True,3000
CUST_003791,standard,2023-11-12 20:00:00,Egypt,35-44,True,5000
CUST_003792,standard,2023-11-12 22:00:00,UAE,25-34,True,10000
CUST_003793,standard,2023-11-13 00:00:00,KSA,25-34,True,10000
CUST_003794,new,2023-11-13 02:00:00,UAE,35-44,True,5000
CUST_003795,premium,2023-11-13 04:00:00,Egypt,25-34,False,10000
CUST_003796,standard,2023-11-13 06:00:00,UAE,18-24,False,5000
CUST_003797,standard,2023-11-13 08:00:00,UAE,25-34,True,5000
CUST_003798,new,2023-11-13 10:00:00,UAE,25-34,False,10000
CUST_003799,standard,2023-11-13 12:00:00,UAE,25-34,True,5000
CUST_003800,standard,2023-11-13 14:00:00,UAE,45+,True,5000
CUST_003801,standard,2023-11-13 16:00:00,KSA,25-34,True,5000
CUST_003802,new,2023-11-13 18:00:00,UAE,25-34,True,5000
CUST_003803,new,2023-11-13 20:00:00,UAE,25-34,True,5000
CUST_003804,standard,2023-11-13 22:00:00,UAE,18-24,True,10000
CUST_003805,new,2023-11-14 00:00:00,Egypt,25-34,True,3000
CUST_003806,new,2023-11-14 02:00:00,KSA,45+,True,10000
CUST_003807,new,2023-11-14 04:00:00,KSA,25-34,True,5000
CUST_003808,standard,2023-11-14 06:00:00,KSA,18-24,True,3000
CUST_003809,standard,2023-11-14 08:00:00,UAE,25-34,False,5000
CUST_003810,standard,2023-11-14 10:00:00,UAE,25-34,True,5000
CUST_003811,new,2023-11-14 12:00:00,UAE,35-44,True,10000
CUST_003812,standard,2023-11-14 14:00:00,Egypt,35-44,True,5000
CUST_003813,standard,2023-11-14 16:00:00,Kuwait,25-34,True,5000
CUST_003814,standard,2023-11-14 18:00:00,UAE,45+,True,5000
CUST_003815,new,2023-11-14 20:00:00,UAE,25-34,True,3000
CUST_003816,new,2023-11-14 22:00:00,UAE,25-34,True,5000
CUST_003817,premium,2023-11-15 00:00:00,UAE,25-34,True,5000
CUST_003818,new,2023-11-15 02:00:00,KSA,18-24,True,5000
CUST_003819,standard,2023-11-15 04:00:00,UAE,45+,True,5000
CUST_003820,new,2023-11-15 06:00:00,Egypt,18-24,True,20000
CUST_003821,standard,2023-11-15 08:00:00,UAE,25-34,True,5000
CUST_003822,standard,2023-11-15 10:00:00,Egypt,35-44,True,20000
CUST_003823,new,2023-11-15 12:00:00,KSA,25-34,False,3000
CUST_003824,standard,2023-11-15 14:00:00,KSA,35-44,True,3000
CUST_003825,new,2023-11-15 16:00:00,KSA,25-34,True,5000
CUST_003826,standard,2023-11-15 18:00:00,KSA,25-34,True,3000
CUST_003827,standard,2023-11-15 20:00:00,KSA,45+,True,5000
CUST_003828,standard,2023-11-15 22:00:00,KSA,18-24,True,5000
CUST_003829,standard,2023-11-16 00:00:00,KSA,35-44,True,5000
CUST_003830,standard,2023-11-16 02:00:00,Kuwait,25-34,True,10000
CUST_003831,premium,2023-11-16 04:00:00,KSA,35-44,True,20000
CUST_003832,standard,2023-11-16 06:00:00,KSA,18-24,True,10000
CUST_003833,premium,2023-11-16 08:00:00,Egypt,25-34,False,3000
CUST_003834,new,2023-11-16 10:00:00,UAE,35-44,True,5000
CUST_003835,new,2023-11-16 12:00:00,UAE,25-34,True,3000
CUST_003836,standard,2023-11-16 14:00:00,UAE,35-44,True,3000
CUST_003837,new,2023-11-16 16:00:00,KSA,35-44,True,5000
CUST_003838,standard,2023-11-16 18:00:00,Egypt,35-44,True,5000
CUST_003839,standard,2023-11-16 20:00:00,UAE,45+,True,3000
CUST_003840,new,2023-11-16 22:00:00,KSA,25-34,False,10000
CUST_003841,new,2023-11-17 00:00:00,KSA,18-24,True,10000
CUST_003842,standard,2023-11-17 02:00:00,UAE,18-24,True,3000
CUST_003843,new,2023-11-17 04:00:00,KSA,25-34,True,5000
CUST_003844,standard,2023-11-17 06:00:00,Egypt,18-24,True,10000
CUST_003845,new,2023-11-17 08:00:00,UAE,25-34,True,5000
CUST_003846,premium,2023-11-17 10:00:00,KSA,18-24,True,5000
CUST_003847,standard,2023-11-17 12:00:00,KSA,18-24,True,3000
CUST_003848,standard,2023-11-17 14:00:00,UAE,18-24,True,3000
CUST_003849,standard,2023-11-17 16:00:00,UAE,35-44,True,3000
CUST_003850,premium,2023-11-17 18:00:00,Kuwait,25-34,True,10000
CUST_003851,new,2023-11-17 20:00:00,UAE,25-34,True,3000
CUST_003852,standard,2023-11-17 22:00:00,UAE,35-44,False,3000
CUST_003853,standard,2023-11-18 00:00:00,UAE,18-24,True,3000
CUST_003854,standard,2023-11-18 02:00:00,KSA,45+,True,10000
CUST_003855,standard,2023-11-18 04:00:00,KSA,25-34,True,3000
CUST_003856,standard,2023-11-18 06:00:00,KSA,18-24,True,5000
CUST_003857,standard,2023-11-18 08:00:00,UAE,25-34,True,5000
CUST_003858,standard,2023-11-18 10:00:00,Egypt,35-44,False,5000
CUST_003859,standard,2023-11-18 12:00:00,UAE,25-34,True,3000
CUST_003860,standard,2023-11-18 14:00:00,UAE,35-44,True,3000
CUST_003861,new,2023-11-18 16:00:00,UAE,18-24,True,10000
CUST_003862,new,2023-11-18 18:00:00,UAE,25-34,True,20000
CUST_003863,premium,2023-11-18 20:00:00,Egypt,18-24,True,5000
CUST_003864,standard,2023-11-18 22:00:00,Egypt,25-34,False,3000
CUST_003865,premium,2023-11-19 00:00:00,UAE,25-34,True,3000
CUST_003866,premium,2023-11-19 02:00:00,Egypt,45+,False,10000
CUST_003867,standard,2023-11-19 04:00:00,KSA,18-24,True,5000
CUST_003868,standard,2023-11-19 06:00:00,Egypt,25-34,True,10000
CUST_003869,standard,2023-11-19 08:00:00,UAE,25-34,True,5000
CUST_003870,standard,2023-11-19 10:00:00,KSA,35-44,True,20000
CUST_003871,premium,2023-11-19 12:00:00,UAE,45+,False,10000
CUST_003872,new,2023-11-19 14:00:00,Egypt,35-44,True,10000
CUST_003873,new,2023-11-19 16:00:00,UAE,45+,False,5000
CUST_003874,premium,2023-11-19 18:00:00,KSA,35-44,True,5000
CUST_003875,standard,2023-11-19 20:00:00,UAE,45+,True,5000
CUST_003876,new,2023-11-19 22:00:00,UAE,35-44,False,5000
CUST_003877,new,2023-11-20 00:00:00,KSA,18-24,True,5000
CUST_003878,standard,2023-11-20 02:00:00,Egypt,25-34,True,3000
CUST_003879,premium,2023-11-20 04:00:00,KSA,25-34,True,5000
CUST_003880,premium,2023-11-20 06:00:00,Egypt,25-34,False,5000
CUST_003881,standard,2023-11-20 08:00:00,UAE,25-34,True,5000
CUST_003882,standard,2023-11-20 10:00:00,KSA,25-34,True,3000
CUST_003883,premium,2023-11-20 12:00:00,UAE,45+,True,5000
CUST_003884,standard,2023-11-20 14:00:00,UAE,18-24,True,3000
CUST_003885,premium,2023-11-20 16:00:00,KSA,35-44,True,10000
CUST_003886,new,2023-11-20 18:00:00,KSA,35-44,True,5000
CUST_003887,standard,2023-11-20 20:00:00,KSA,45+,True,3000
CUST_003888,premium,2023-11-20 22:00:00,KSA,45+,True,3000
CUST_003889,standard,2023-11-21 00:00:00,KSA,35-44,True,5000
CUST_003890,standard,2023-11-21 02:00:00,UAE,25-34,True,3000
CUST_003891,new,2023-11-21 04:00:00,UAE,25-34,True,20000
CUST_003892,standard,2023-11-21 06:00:00,KSA,25-34,True,5000
CUST_003893,standard,2023-11-21 08:00:00,UAE,35-44,True,3000
CUST_003894,new,2023-11-21 10:00:00,UAE,35-44,True,5000
CUST_003895,standard,2023-11-21 12:00:00,UAE,35-44,True,3000
CUST_003896,new,2023-11-21 14:00:00,KSA,18-24,False,10000
CUST_003897,standard,2023-11-21 16:00:00,UAE,25-34,True,5000
CUST_003898,standard,2023-11-21 18:00:00,KSA,25-34,True,20000
CUST_003899,premium,2023-11-21 20:00:00,KSA,18-24,True,5000
CUST_003900,standard,2023-11-21 22:00:00,UAE,25-34,True,10000
CUST_003901,new,2023-11-22 00:00:00,KSA,18-24,False,3000
CUST_003902,new,2023-11-22 02:00:00,KSA,35-44,True,5000
CUST_003903,standard,2023-11-22 04:00:00,KSA,25-34,True,10000
CUST_003904,standard,2023-11-22 06:00:00,KSA,25-34,True,5000
CUST_003905,new,2023-11-22 08:00:00,UAE,45+,True,3000
CUST_003906,new,2023-11-22 10:00:00,KSA,25-34,True,5000
CUST_003907,premium,2023-11-22 12:00:00,UAE,18-24,False,3000
CUST_003908,standard,2023-11-22 14:00:00,Egypt,25-34,True,5000
CUST_003909,standard,2023-11-22 16:00:00,Egypt,18-24,True,5000
CUST_003910,new,2023-11-22 18:00:00,KSA,18-24,True,5000
CUST_003911,premium,2023-11-22 20:00:00,UAE,18-24,True,3000
CUST_003912,standard,2023-11-22 22:00:00,UAE,25-34,True,5000
CUST_003913,new,2023-11-23 00:00:00,UAE,18-24,False,3000
CUST_003914,premium,2023-11-23 02:00:00,UAE,25-34,True,20000
CUST_003915,standard,2023-11-23 04:00:00,UAE,35-44,True,3000
CUST_003916,standard,2023-11-23 06:00:00,KSA,25-34,True,20000
CUST_003917,standard,2023-11-23 08:00:00,UAE,45+,True,5000
CUST_003918,standard,2023-11-23 10:00:00,Kuwait,25-34,True,5000
CUST_003919,standard,2023-11-23 12:00:00,UAE,25-34,True,3000
CUST_003920,standard,2023-11-23 14:00:00,Egypt,35-44,True,5000
CUST_003921,standard,2023-11-23 16:00:00,Egypt,18-24,True,5000
CUST_003922,new,2023-11-23 18:00:00,KSA,18-24,True,5000
CUST_003923,new,2023-11-23 20:00:00,KSA,25-34,True,3000
CUST_003924,standard,2023-11-23 22:00:00,UAE,25-34,True,20000
CUST_003925,premium,2023-11-24 00:00:00,KSA,35-44,True,20000
CUST_003926,standard,2023-11-24 02:00:00,UAE,45+,True,5000
CUST_003927,standard,2023-11-24 04:00:00,UAE,25-34,True,5000
CUST_003928,standard,2023-11-24 06:00:00,KSA,25-34,True,5000
CUST_003929,standard,2023-11-24 08:00:00,UAE,25-34,True,5000
CUST_003930,premium,2023-11-24 10:00:00,KSA,45+,True,3000
CUST_003931,premium,2023-11-24 12:00:00,UAE,35-44,True,5000
CUST_003932,standard,2023-11-24 14:00:00,UAE,45+,True,10000
CUST_003933,standard,2023-11-24 16:00:00,UAE,25-34,True,3000
CUST_003934,standard,2023-11-24 18:00:00,UAE,35-44,True,5000
CUST_003935,standard,2023-11-24 20:00:00,UAE,25-34,True,10000
CUST_003936,standard,2023-11-24 22:00:00,UAE,25-34,True,3000
CUST_003937,new,2023-11-25 00:00:00,UAE,45+,True,3000
CUST_003938,new,2023-11-25 02:00:00,Egypt,18-24,True,10000
CUST_003939,standard,2023-11-25 04:00:00,UAE,45+,True,3000
CUST_003940,standard,2023-11-25 06:00:00,KSA,18-24,True,3000
CUST_003941,standard,2023-11-25 08:00:00,UAE,35-44,True,5000
CUST_003942,standard,2023-11-25 10:00:00,Egypt,25-34,False,5000
CUST_003943,standard,2023-11-25 12:00:00,UAE,25-34,True,10000
CUST_003944,new,2023-11-25 14:00:00,UAE,25-34,False,5000
CUST_003945,standard,2023-11-25 16:00:00,KSA,25-34,True,5000
CUST_003946,new,2023-11-25 18:00:00,UAE,25-34,True,5000
CUST_003947,standard,2023-11-25 20:00:00,KSA,25-34,True,20000
CUST_003948,standard,2023-11-25 22:00:00,UAE,18-24,True,3000
CUST_003949,new,2023-11-26 00:00:00,Kuwait,18-24,True,3000
CUST_003950,standard,2023-11-26 02:00:00,UAE,18-24,True,20000
CUST_003951,standard,2023-11-26 04:00:00,UAE,25-34,False,20000
CUST_003952,standard,2023-11-26 06:00:00,KSA,35-44,True,3000
CUST_003953,premium,2023-11-26 08:00:00,UAE,35-44,False,3000
CUST_003954,new,2023-11-26 10:00:00,Egypt,25-34,True,5000
CUST_003955,standard,2023-11-26 12:00:00,UAE,25-34,True,3000
CUST_003956,new,2023-11-26 14:00:00,KSA,35-44,True,5000
CUST_003957,new,2023-11-26 16:00:00,UAE,25-34,True,3000
CUST_003958,new,2023-11-26 18:00:00,Egypt,25-34,True,3000
CUST_003959,standard,2023-11-26 20:00:00,KSA,25-34,False,5000
CUST_003960,standard,2023-11-26 22:00:00,UAE,18-24,True,20000
CUST_003961,new,2023-11-27 00:00:00,UAE,18-24,True,5000
CUST_003962,standard,2023-11-27 02:00:00,UAE,18-24,True,5000
CUST_003963,standard,2023-11-27 04:00:00,Kuwait,25-34,True,20000
CUST_003964,standard,2023-11-27 06:00:00,UAE,18-24,True,5000
CUST_003965,standard,2023-11-27 08:00:00,UAE,18-24,True,5000
CUST_003966,standard,2023-11-27 10:00:00,UAE,25-34,True,5000
CUST_003967,standard,2023-11-27 12:00:00,UAE,18-24,True,3000
CUST_003968,standard,2023-11-27 14:00:00,KSA,18-24,True,5000
CUST_003969,new,2023-11-27 16:00:00,Kuwait,45+,True,5000
CUST_003970,standard,2023-11-27 18:00:00,KSA,18-24,True,3000
CUST_003971,new,2023-11-27 20:00:00,Egypt,25-34,True,3000
CUST_003972,standard,2023-11-27 22:00:00,KSA,25-34,True,5000
CUST_003973,new,2023-11-28 00:00:00,UAE,25-34,False,5000
CUST_003974,standard,2023-11-28 02:00:00,UAE,25-34,False,3000
CUST_003975,new,2023-11-28 04:00:00,KSA,25-34,True,3000
CUST_003976,premium,2023-11-28 06:00:00,Kuwait,35-44,False,20000
CUST_003977,new,2023-11-28 08:00:00,Egypt,25-34,True,5000
CUST_003978,premium,2023-11-28 10:00:00,UAE,35-44,True,3000
CUST_003979,new,2023-11-28 12:00:00,UAE,25-34,True,5000
CUST_003980,new,2023-11-28 14:00:00,UAE,45+,False,3000
CUST_003981,standard,2023-11-28 16:00:00,Egypt,35-44,True,10000
CUST_003982,standard,2023-11-28 18:00:00,Egypt,45+,True,10000
CUST_003983,new,2023-11-28 20:00:00,KSA,25-34,False,5000
CUST_003984,standard,2023-11-28 22:00:00,UAE,25-34,True,10000
CUST_003985,new,2023-11-29 00:00:00,KSA,35-44,True,3000
CUST_003986,premium,2023-11-29 02:00:00,UAE,35-44,True,10000
CUST_003987,premium,2023-11-29 04:00:00,UAE,45+,True,3000
CUST_003988,new,2023-11-29 06:00:00,KSA,25-34,True,5000
CUST_003989,standard,2023-11-29 08:00:00,UAE,35-44,True,20000
CUST_003990,new,2023-11-29 10:00:00,UAE,25-34,True,5000
CUST_003991,standard,2023-11-29 12:00:00,Egypt,25-34,True,20000
CUST_003992,standard,2023-11-29 14:00:00,KSA,18-24,True,3000
CUST_003993,standard,2023-11-29 16:00:00,UAE,25-34,True,5000
CUST_003994,standard,2023-11-29 18:00:00,KSA,45+,True,3000
CUST_003995,standard,2023-11-29 20:00:00,UAE,18-24,True,5000
CUST_003996,standard,2023-11-29 22:00:00,KSA,25-34,True,3000
CUST_003997,standard,2023-11-30 00:00:00,KSA,25-34,False,3000
CUST_003998,standard,2023-11-30 02:00:00,KSA,18-24,True,3000
CUST_003999,new,2023-11-30 04:00:00,KSA,25-34,True,10000
CUST_004000,standard,2023-11-30 06:00:00,UAE,25-34,False,3000
CUST_004001,standard,2023-11-30 08:00:00,UAE,18-24,True,10000
CUST_004002,standard,2023-11-30 10:00:00,UAE,35-44,True,3000
CUST_004003,standard,2023-11-30 12:00:00,UAE,45+,True,3000
CUST_004004,new,2023-11-30 14:00:00,KSA,25-34,True,5000
CUST_004005,standard,2023-11-30 16:00:00,UAE,18-24,False,20000
CUST_004006,premium,2023-11-30 18:00:00,UAE,25-34,True,3000
CUST_004007,premium,2023-11-30 20:00:00,UAE,35-44,True,3000
CUST_004008,standard,2023-11-30 22:00:00,Kuwait,25-34,False,10000
CUST_004009,new,2023-12-01 00:00:00,UAE,18-24,True,5000
CUST_004010,premium,2023-12-01 02:00:00,KSA,25-34,True,10000
CUST_004011,new,2023-12-01 04:00:00,UAE,45+,True,3000
CUST_004012,standard,2023-12-01 06:00:00,UAE,25-34,True,5000
CUST_004013,standard,2023-12-01 08:00:00,UAE,25-34,True,3000
CUST_004014,new,2023-12-01 10:00:00,KSA,45+,True,5000
CUST_004015,standard,2023-12-01 12:00:00,KSA,25-34,True,10000
CUST_004016,standard,2023-12-01 14:00:00,Egypt,35-44,True,10000
CUST_004017,premium,2023-12-01 16:00:00,UAE,25-34,True,5000
CUST_004018,premium,2023-12-01 18:00:00,UAE,45+,True,20000
CUST_004019,standard,2023-12-01 20:00:00,Egypt,25-34,True,3000
CUST_004020,premium,2023-12-01 22:00:00,UAE,35-44,True,3000
CUST_004021,standard,2023-12-02 00:00:00,KSA,25-34,False,5000
CUST_004022,standard,2023-12-02 02:00:00,KSA,35-44,True,5000
CUST_004023,standard,2023-12-02 04:00:00,UAE,25-34,True,3000
CUST_004024,standard,2023-12-02 06:00:00,KSA,25-34,True,5000
CUST_004025,standard,2023-12-02 08:00:00,UAE,35-44,True,5000
CUST_004026,standard,2023-12-02 10:00:00,UAE,25-34,True,10000
CUST_004027,new,2023-12-02 12:00:00,UAE,25-34,True,10000
CUST_004028,premium,2023-12-02 14:00:00,Egypt,25-34,True,5000
CUST_004029,new,2023-12-02 16:00:00,UAE,35-44,False,3000
CUST_004030,standard,2023-12-02 18:00:00,KSA,18-24,True,5000
CUST_004031,standard,2023-12-02 20:00:00,Egypt,35-44,True,10000
CUST_004032,standard,2023-12-02 22:00:00,KSA,25-34,True,3000
CUST_004033,premium,2023-12-03 00:00:00,KSA,18-24,True,5000
CUST_004034,premium,2023-12-03 02:00:00,UAE,25-34,True,20000
CUST_004035,standard,2023-12-03 04:00:00,UAE,25-34,True,3000
CUST_004036,standard,2023-12-03 06:00:00,UAE,25-34,True,3000
CUST_004037,new,2023-12-03 08:00:00,KSA,25-34,True,3000
CUST_004038,standard,2023-12-03 10:00:00,Kuwait,18-24,True,5000
CUST_004039,premium,2023-12-03 12:00:00,Egypt,45+,True,20000
CUST_004040,new,2023-12-03 14:00:00,Egypt,18-24,True,5000
CUST_004041,standard,2023-12-03 16:00:00,Egypt,25-34,True,5000
CUST_004042,standard,2023-12-03 18:00:00,UAE,25-34,True,5000
CUST_004043,standard,2023-12-03 20:00:00,KSA,25-34,True,5000
CUST_004044,new,2023-12-03 22:00:00,Egypt,25-34,False,5000
CUST_004045,new,2023-12-04 00:00:00,UAE,25-34,True,3000
CUST_004046,standard,2023-12-04 02:00:00,Kuwait,35-44,True,5000
CUST_004047,standard,2023-12-04 04:00:00,UAE,25-34,False,5000
CUST_004048,new,2023-12-04 06:00:00,KSA,18-24,True,3000
CUST_004049,standard,2023-12-04 08:00:00,KSA,25-34,False,5000
CUST_004050,premium,2023-12-04 10:00:00,Kuwait,25-34,True,20000
CUST_004051,standard,2023-12-04 12:00:00,UAE,18-24,True,5000
CUST_004052,standard,2023-12-04 14:00:00,KSA,25-34,True,20000
CUST_004053,standard,2023-12-04 16:00:00,KSA,25-34,True,3000
CUST_004054,standard,2023-12-04 18:00:00,UAE,25-34,True,10000
CUST_004055,standard,2023-12-04 20:00:00,KSA,35-44,True,3000
CUST_004056,premium,2023-12-04 22:00:00,KSA,25-34,True,3000
CUST_004057,new,2023-12-05 00:00:00,KSA,25-34,True,5000
CUST_004058,standard,2023-12-05 02:00:00,UAE,18-24,True,5000
CUST_004059,standard,2023-12-05 04:00:00,UAE,25-34,False,10000
CUST_004060,standard,2023-12-05 06:00:00,KSA,25-34,False,5000
CUST_004061,standard,2023-12-05 08:00:00,UAE,25-34,False,5000
CUST_004062,premium,2023-12-05 10:00:00,UAE,35-44,True,20000
CUST_004063,premium,2023-12-05 12:00:00,Kuwait,25-34,True,5000
CUST_004064,new,2023-12-05 14:00:00,KSA,25-34,True,3000
CUST_004065,new,2023-12-05 16:00:00,KSA,25-34,True,3000
CUST_004066,standard,2023-12-05 18:00:00,UAE,25-34,True,5000
CUST_004067,premium,2023-12-05 20:00:00,UAE,25-34,True,10000
CUST_004068,standard,2023-12-05 22:00:00,UAE,25-34,False,3000
CUST_004069,new,2023-12-06 00:00:00,UAE,18-24,True,3000
CUST_004070,new,2023-12-06 02:00:00,KSA,18-24,False,3000
CUST_004071,premium,2023-12-06 04:00:00,KSA,25-34,True,5000
CUST_004072,premium,2023-12-06 06:00:00,UAE,35-44,True,3000
CUST_004073,new,2023-12-06 08:00:00,UAE,25-34,True,3000
CUST_004074,standard,2023-12-06 10:00:00,UAE,18-24,True,5000
CUST_004075,standard,2023-12-06 12:00:00,UAE,35-44,False,10000
CUST_004076,premium,2023-12-06 14:00:00,UAE,35-44,True,5000
CUST_004077,standard,2023-12-06 16:00:00,Egypt,35-44,True,5000
CUST_004078,new,2023-12-06 18:00:00,KSA,25-34,True,3000
CUST_004079,new,2023-12-06 20:00:00,KSA,35-44,True,20000
CUST_004080,standard,2023-12-06 22:00:00,UAE,18-24,True,5000
CUST_004081,standard,2023-12-07 00:00:00,Egypt,18-24,True,20000
CUST_004082,premium,2023-12-07 02:00:00,KSA,18-24,True,20000
CUST_004083,standard,2023-12-07 04:00:00,KSA,35-44,True,10000
CUST_004084,standard,2023-12-07 06:00:00,UAE,18-24,True,3000
CUST_004085,standard,2023-12-07 08:00:00,Kuwait,25-34,True,5000
CUST_004086,standard,2023-12-07 10:00:00,Egypt,25-34,True,3000
CUST_004087,standard,2023-12-07 12:00:00,Egypt,25-34,True,10000
CUST_004088,premium,2023-12-07 14:00:00,UAE,35-44,True,10000
CUST_004089,standard,2023-12-07 16:00:00,UAE,18-24,True,20000
CUST_004090,premium,2023-12-07 18:00:00,UAE,25-34,True,5000
CUST_004091,standard,2023-12-07 20:00:00,UAE,35-44,True,5000
CUST_004092,new,2023-12-07 22:00:00,Egypt,18-24,False,5000
CUST_004093,standard,2023-12-08 00:00:00,UAE,25-34,True,5000
CUST_004094,standard,2023-12-08 02:00:00,UAE,35-44,True,5000
CUST_004095,new,2023-12-08 04:00:00,UAE,45+,True,5000
CUST_004096,new,2023-12-08 06:00:00,UAE,35-44,True,20000
CUST_004097,standard,2023-12-08 08:00:00,UAE,25-34,True,5000
CUST_004098,new,2023-12-08 10:00:00,KSA,25-34,True,10000
CUST_004099,standard,2023-12-08 12:00:00,KSA,18-24,True,10000
CUST_004100,standard,2023-12-08 14:00:00,UAE,25-34,True,5000
CUST_004101,standard,2023-12-08 16:00:00,UAE,18-24,True,5000
CUST_004102,standard,2023-12-08 18:00:00,UAE,25-34,True,5000
CUST_004103,standard,2023-12-08 20:00:00,UAE,35-44,False,5000
CUST_004104,standard,2023-12-08 22:00:00,KSA,25-34,False,3000
CUST_004105,premium,2023-12-09 00:00:00,KSA,25-34,False,5000
CUST_004106,standard,2023-12-09 02:00:00,KSA,25-34,True,20000
CUST_004107,premium,2023-12-09 04:00:00,KSA,25-34,True,3000
CUST_004108,standard,2023-12-09 06:00:00,UAE,45+,True,5000
CUST_004109,standard,2023-12-09 08:00:00,Kuwait,25-34,True,10000
CUST_004110,new,2023-12-09 10:00:00,Egypt,25-34,True,5000
CUST_004111,new,2023-12-09 12:00:00,Egypt,25-34,True,5000
CUST_004112,new,2023-12-09 14:00:00,UAE,18-24,False,10000
CUST_004113,standard,2023-12-09 16:00:00,Egypt,25-34,True,5000
CUST_004114,new,2023-12-09 18:00:00,Egypt,35-44,True,3000
CUST_004115,standard,2023-12-09 20:00:00,Egypt,18-24,True,20000
CUST_004116,standard,2023-12-09 22:00:00,UAE,18-24,False,5000
CUST_004117,premium,2023-12-10 00:00:00,KSA,18-24,True,5000
CUST_004118,standard,2023-12-10 02:00:00,Kuwait,35-44,True,5000
CUST_004119,standard,2023-12-10 04:00:00,KSA,35-44,True,3000
CUST_004120,standard,2023-12-10 06:00:00,KSA,25-34,True,20000
CUST_004121,new,2023-12-10 08:00:00,Egypt,25-34,True,10000
CUST_004122,standard,2023-12-10 10:00:00,UAE,35-44,True,3000
CUST_004123,premium,2023-12-10 12:00:00,KSA,35-44,False,20000
CUST_004124,new,2023-12-10 14:00:00,UAE,35-44,True,10000
CUST_004125,premium,2023-12-10 16:00:00,Egypt,35-44,True,5000
CUST_004126,standard,2023-12-10 18:00:00,UAE,25-34,True,5000
CUST_004127,standard,2023-12-10 20:00:00,KSA,25-34,False,3000
CUST_004128,standard,2023-12-10 22:00:00,KSA,35-44,False,5000
CUST_004129,premium,2023-12-11 00:00:00,KSA,45+,True,3000
CUST_004130,premium,2023-12-11 02:00:00,KSA,18-24,False,5000
CUST_004131,premium,2023-12-11 04:00:00,Egypt,18-24,True,5000
CUST_004132,standard,2023-12-11 06:00:00,Egypt,45+,True,10000
CUST_004133,standard,2023-12-11 08:00:00,UAE,25-34,True,10000
CUST_004134,standard,2023-12-11 10:00:00,UAE,35-44,True,3000
CUST_004135,standard,2023-12-11 12:00:00,UAE,25-34,True,10000
CUST_004136,new,2023-12-11 14:00:00,UAE,18-24,True,5000
CUST_004137,premium,2023-12-11 16:00:00,KSA,18-24,False,5000
CUST_004138,standard,2023-12-11 18:00:00,Egypt,18-24,True,3000
CUST_004139,standard,2023-12-11 20:00:00,Egypt,25-34,True,10000
CUST_004140,standard,2023-12-11 22:00:00,UAE,25-34,True,20000
CUST_004141,standard,2023-12-12 00:00:00,UAE,35-44,True,10000
CUST_004142,standard,2023-12-12 02:00:00,KSA,45+,False,20000
CUST_004143,new,2023-12-12 04:00:00,KSA,25-34,True,5000
CUST_004144,new,2023-12-12 06:00:00,UAE,25-34,False,10000
CUST_004145,standard,2023-12-12 08:00:00,Egypt,25-34,True,5000
CUST_004146,new,2023-12-12 10:00:00,Egypt,25-34,True,3000
CUST_004147,standard,2023-12-12 12:00:00,UAE,25-34,True,5000
CUST_004148,standard,2023-12-12 14:00:00,Egypt,18-24,True,5000
CUST_004149,standard,2023-12-12 16:00:00,UAE,18-24,True,3000
CUST_004150,standard,2023-12-12 18:00:00,KSA,18-24,True,3000
CUST_004151,new,2023-12-12 20:00:00,UAE,18-24,True,3000
CUST_004152,standard,2023-12-12 22:00:00,UAE,35-44,True,5000
CUST_004153,standard,2023-12-13 00:00:00,Egypt,25-34,True,3000
CUST_004154,new,2023-12-13 02:00:00,UAE,35-44,True,3000
CUST_004155,premium,2023-12-13 04:00:00,KSA,45+,True,5000
CUST_004156,standard,2023-12-13 06:00:00,UAE,45+,True,20000
CUST_004157,premium,2023-12-13 08:00:00,UAE,45+,True,10000
CUST_004158,new,2023-12-13 10:00:00,UAE,25-34,True,5000
CUST_004159,new,2023-12-13 12:00:00,UAE,25-34,False,20000
CUST_004160,standard,2023-12-13 14:00:00,KSA,18-24,False,5000
CUST_004161,standard,2023-12-13 16:00:00,UAE,35-44,True,5000
CUST_004162,standard,2023-12-13 18:00:00,KSA,35-44,True,5000
CUST_004163,new,2023-12-13 20:00:00,KSA,35-44,True,5000
CUST_004164,standard,2023-12-13 22:00:00,KSA,25-34,True,3000
CUST_004165,standard,2023-12-14 00:00:00,UAE,35-44,False,5000
CUST_004166,new,2023-12-14 02:00:00,Egypt,18-24,False,5000
CUST_004167,standard,2023-12-14 04:00:00,UAE,18-24,False,5000
CUST_004168,premium,2023-12-14 06:00:00,UAE,35-44,True,10000
CUST_004169,standard,2023-12-14 08:00:00,UAE,25-34,False,5000
CUST_004170,new,2023-12-14 10:00:00,UAE,45+,True,10000
CUST_004171,standard,2023-12-14 12:00:00,UAE,18-24,True,5000
CUST_004172,premium,2023-12-14 14:00:00,KSA,35-44,True,20000
CUST_004173,standard,2023-12-14 16:00:00,UAE,25-34,True,5000
CUST_004174,standard,2023-12-14 18:00:00,UAE,35-44,True,20000
CUST_004175,standard,2023-12-14 20:00:00,KSA,35-44,True,10000
CUST_004176,standard,2023-12-14 22:00:00,UAE,45+,True,5000
CUST_004177,new,2023-12-15 00:00:00,UAE,25-34,False,5000
CUST_004178,standard,2023-12-15 02:00:00,UAE,45+,True,3000
CUST_004179,standard,2023-12-15 04:00:00,KSA,18-24,True,20000
CUST_004180,standard,2023-12-15 06:00:00,UAE,18-24,True,3000
CUST_004181,premium,2023-12-15 08:00:00,UAE,25-34,True,5000
CUST_004182,new,2023-12-15 10:00:00,KSA,35-44,False,5000
CUST_004183,standard,2023-12-15 12:00:00,KSA,25-34,True,5000
CUST_004184,standard,2023-12-15 14:00:00,KSA,35-44,True,5000
CUST_004185,standard,2023-12-15 16:00:00,Egypt,35-44,False,20000
CUST_004186,standard,2023-12-15 18:00:00,UAE,25-34,False,5000
CUST_004187,standard,2023-12-15 20:00:00,UAE,45+,True,20000
CUST_004188,premium,2023-12-15 22:00:00,UAE,18-24,True,5000
CUST_004189,new,2023-12-16 00:00:00,UAE,35-44,True,3000
CUST_004190,new,2023-12-16 02:00:00,UAE,25-34,True,3000
CUST_004191,standard,2023-12-16 04:00:00,UAE,25-34,True,10000
CUST_004192,new,2023-12-16 06:00:00,KSA,25-34,False,3000
CUST_004193,standard,2023-12-16 08:00:00,KSA,18-24,True,5000
CUST_004194,standard,2023-12-16 10:00:00,UAE,25-34,True,3000
CUST_004195,standard,2023-12-16 12:00:00,KSA,18-24,True,5000
CUST_004196,standard,2023-12-16 14:00:00,UAE,25-34,True,10000
CUST_004197,standard,2023-12-16 16:00:00,UAE,18-24,False,5000
CUST_004198,standard,2023-12-16 18:00:00,KSA,25-34,True,3000
CUST_004199,premium,2023-12-16 20:00:00,UAE,35-44,True,3000
CUST_004200,standard,2023-12-16 22:00:00,UAE,25-34,True,5000
CUST_004201,standard,2023-12-17 00:00:00,UAE,35-44,True,3000
CUST_004202,new,2023-12-17 02:00:00,Egypt,25-34,False,5000
CUST_004203,standard,2023-12-17 04:00:00,KSA,25-34,True,5000
CUST_004204,premium,2023-12-17 06:00:00,UAE,25-34,True,3000
CUST_004205,standard,2023-12-17 08:00:00,Egypt,25-34,True,5000
CUST_004206,standard,2023-12-17 10:00:00,KSA,25-34,True,5000
CUST_004207,new,2023-12-17 12:00:00,KSA,18-24,True,5000
CUST_004208,standard,2023-12-17 14:00:00,Egypt,35-44,True,5000
CUST_004209,standard,2023-12-17 16:00:00,UAE,35-44,False,5000
CUST_004210,new,2023-12-17 18:00:00,UAE,25-34,True,5000
CUST_004211,standard,2023-12-17 20:00:00,KSA,35-44,True,10000
CUST_004212,premium,2023-12-17 22:00:00,KSA,18-24,False,3000
CUST_004213,standard,2023-12-18 00:00:00,KSA,25-34,True,5000
CUST_004214,new,2023-12-18 02:00:00,KSA,18-24,True,5000
CUST_004215,standard,2023-12-18 04:00:00,Egypt,35-44,False,5000
CUST_004216,standard,2023-12-18 06:00:00,Egypt,35-44,True,10000
CUST_004217,premium,2023-12-18 08:00:00,Egypt,35-44,True,5000
CUST_004218,standard,2023-12-18 10:00:00,Egypt,18-24,True,5000
CUST_004219,standard,2023-12-18 12:00:00,Egypt,25-34,True,5000
CUST_004220,standard,2023-12-18 14:00:00,UAE,35-44,True,10000
CUST_004221,premium,2023-12-18 16:00:00,UAE,18-24,True,20000
CUST_004222,new,2023-12-18 18:00:00,UAE,25-34,True,5000
CUST_004223,new,2023-12-18 20:00:00,Egypt,18-24,False,10000
CUST_004224,standard,2023-12-18 22:00:00,KSA,18-24,True,3000
CUST_004225,new,2023-12-19 00:00:00,KSA,25-34,True,5000
CUST_004226,premium,2023-12-19 02:00:00,UAE,25-34,True,3000
CUST_004227,standard,2023-12-19 04:00:00,UAE,18-24,True,3000
CUST_004228,standard,2023-12-19 06:00:00,KSA,18-24,True,5000
CUST_004229,new,2023-12-19 08:00:00,UAE,25-34,False,10000
CUST_004230,new,2023-12-19 10:00:00,UAE,25-34,True,5000
CUST_004231,standard,2023-12-19 12:00:00,UAE,25-34,True,5000
CUST_004232,new,2023-12-19 14:00:00,UAE,25-34,True,5000
CUST_004233,premium,2023-12-19 16:00:00,KSA,25-34,True,5000
CUST_004234,new,2023-12-19 18:00:00,UAE,25-34,True,3000
CUST_004235,new,2023-12-19 20:00:00,KSA,35-44,True,5000
CUST_004236,standard,2023-12-19 22:00:00,UAE,35-44,False,5000
CUST_004237,new,2023-12-20 00:00:00,Egypt,18-24,True,5000
CUST_004238,premium,2023-12-20 02:00:00,UAE,18-24,False,3000
CUST_004239,standard,2023-12-20 04:00:00,KSA,35-44,False,3000
CUST_004240,standard,2023-12-20 06:00:00,KSA,18-24,False,5000
CUST_004241,standard,2023-12-20 08:00:00,UAE,18-24,True,5000
CUST_004242,new,2023-12-20 10:00:00,Egypt,18-24,False,5000
CUST_004243,standard,2023-12-20 12:00:00,KSA,25-34,True,3000
CUST_004244,standard,2023-12-20 14:00:00,UAE,25-34,True,5000
CUST_004245,new,2023-12-20 16:00:00,UAE,45+,True,10000
CUST_004246,new,2023-12-20 18:00:00,Egypt,35-44,False,10000
CUST_004247,premium,2023-12-20 20:00:00,KSA,25-34,True,10000
CUST_004248,new,2023-12-20 22:00:00,UAE,25-34,True,3000
CUST_004249,premium,2023-12-21 00:00:00,UAE,25-34,True,5000
CUST_004250,new,2023-12-21 02:00:00,Egypt,18-24,True,3000
CUST_004251,standard,2023-12-21 04:00:00,KSA,18-24,True,5000
CUST_004252,premium,2023-12-21 06:00:00,KSA,18-24,False,3000
CUST_004253,standard,2023-12-21 08:00:00,UAE,18-24,True,10000
CUST_004254,standard,2023-12-21 10:00:00,KSA,25-34,False,5000
CUST_004255,standard,2023-12-21 12:00:00,UAE,25-34,True,5000
CUST_004256,premium,2023-12-21 14:00:00,UAE,45+,False,5000
CUST_004257,standard,2023-12-21 16:00:00,KSA,25-34,True,3000
CUST_004258,new,2023-12-21 18:00:00,Kuwait,45+,True,5000
CUST_004259,standard,2023-12-21 20:00:00,UAE,25-34,True,5000
CUST_004260,standard,2023-12-21 22:00:00,UAE,25-34,True,5000
CUST_004261,standard,2023-12-22 00:00:00,KSA,25-34,True,10000
CUST_004262,premium,2023-12-22 02:00:00,KSA,18-24,True,3000
CUST_004263,new,2023-12-22 04:00:00,Egypt,18-24,True,10000
CUST_004264,new,2023-12-22 06:00:00,KSA,45+,True,5000
CUST_004265,standard,2023-12-22 08:00:00,UAE,45+,True,5000
CUST_004266,standard,2023-12-22 10:00:00,Kuwait,18-24,True,5000
CUST_004267,new,2023-12-22 12:00:00,KSA,18-24,True,20000
CUST_004268,standard,2023-12-22 14:00:00,Egypt,25-34,True,3000
CUST_004269,new,2023-12-22 16:00:00,KSA,18-24,True,5000
CUST_004270,standard,2023-12-22 18:00:00,Egypt,25-34,False,5000
CUST_004271,new,2023-12-22 20:00:00,UAE,18-24,True,3000
CUST_004272,standard,2023-12-22 22:00:00,UAE,25-34,True,3000
CUST_004273,standard,2023-12-23 00:00:00,Egypt,25-34,True,10000
CUST_004274,new,2023-12-23 02:00:00,UAE,25-34,True,3000
CUST_004275,standard,2023-12-23 04:00:00,UAE,18-24,True,3000
CUST_004276,standard,2023-12-23 06:00:00,KSA,25-34,True,20000
CUST_004277,standard,2023-12-23 08:00:00,Egypt,45+,True,10000
CUST_004278,standard,2023-12-23 10:00:00,UAE,25-34,False,3000
CUST_004279,standard,2023-12-23 12:00:00,Egypt,35-44,True,5000
CUST_004280,standard,2023-12-23 14:00:00,KSA,35-44,True,5000
CUST_004281,premium,2023-12-23 16:00:00,KSA,45+,True,10000
CUST_004282,standard,2023-12-23 18:00:00,Egypt,35-44,False,10000
CUST_004283,new,2023-12-23 20:00:00,UAE,25-34,True,10000
CUST_004284,standard,2023-12-23 22:00:00,UAE,35-44,True,3000
CUST_004285,standard,2023-12-24 00:00:00,UAE,18-24,True,5000
CUST_004286,standard,2023-12-24 02:00:00,KSA,25-34,True,3000
CUST_004287,premium,2023-12-24 04:00:00,KSA,45+,False,3000
CUST_004288,standard,2023-12-24 06:00:00,Egypt,35-44,True,10000
CUST_004289,standard,2023-12-24 08:00:00,KSA,45+,True,3000
CUST_004290,standard,2023-12-24 10:00:00,KSA,35-44,True,5000
CUST_004291,standard,2023-12-24 12:00:00,KSA,35-44,True,10000
CUST_004292,standard,2023-12-24 14:00:00,UAE,35-44,True,5000
CUST_004293,premium,2023-12-24 16:00:00,UAE,35-44,True,3000
CUST_004294,standard,2023-12-24 18:00:00,Egypt,25-34,True,10000
CUST_004295,standard,2023-12-24 20:00:00,UAE,45+,True,20000
CUST_004296,standard,2023-12-24 22:00:00,UAE,35-44,True,10000
CUST_004297,standard,2023-12-25 00:00:00,KSA,35-44,True,5000
CUST_004298,new,2023-12-25 02:00:00,UAE,25-34,True,3000
CUST_004299,premium,2023-12-25 04:00:00,Egypt,25-34,True,3000
CUST_004300,standard,2023-12-25 06:00:00,UAE,18-24,True,5000
CUST_004301,premium,2023-12-25 08:00:00,UAE,45+,True,3000
CUST_004302,premium,2023-12-25 10:00:00,UAE,25-34,True,10000
CUST_004303,standard,2023-12-25 12:00:00,KSA,25-34,False,5000
CUST_004304,standard,2023-12-25 14:00:00,UAE,18-24,True,5000
CUST_004305,new,2023-12-25 16:00:00,KSA,35-44,False,10000
CUST_004306,standard,2023-12-25 18:00:00,Egypt,35-44,False,10000
CUST_004307,new,2023-12-25 20:00:00,Egypt,35-44,True,5000
CUST_004308,premium,2023-12-25 22:00:00,UAE,25-34,True,20000
CUST_004309,premium,2023-12-26 00:00:00,UAE,25-34,True,20000
CUST_004310,premium,2023-12-26 02:00:00,KSA,25-34,True,20000
CUST_004311,standard,2023-12-26 04:00:00,Egypt,18-24,False,10000
CUST_004312,standard,2023-12-26 06:00:00,Kuwait,35-44,True,10000
CUST_004313,standard,2023-12-26 08:00:00,UAE,18-24,True,5000
CUST_004314,premium,2023-12-26 10:00:00,KSA,25-34,True,3000
CUST_004315,new,2023-12-26 12:00:00,UAE,25-34,False,3000
CUST_004316,new,2023-12-26 14:00:00,UAE,25-34,True,3000
CUST_004317,standard,2023-12-26 16:00:00,UAE,45+,True,3000
CUST_004318,premium,2023-12-26 18:00:00,UAE,18-24,True,5000
CUST_004319,standard,2023-12-26 20:00:00,UAE,35-44,True,3000
CUST_004320,premium,2023-12-26 22:00:00,UAE,18-24,True,20000
CUST_004321,premium,2023-12-27 00:00:00,KSA,18-24,True,10000
CUST_004322,standard,2023-12-27 02:00:00,UAE,25-34,True,3000
CUST_004323,standard,2023-12-27 04:00:00,KSA,18-24,True,3000
CUST_004324,standard,2023-12-27 06:00:00,UAE,35-44,True,10000
CUST_004325,new,2023-12-27 08:00:00,UAE,25-34,True,10000
CUST_004326,standard,2023-12-27 10:00:00,UAE,18-24,True,20000
CUST_004327,new,2023-12-27 12:00:00,UAE,18-24,True,20000
CUST_004328,premium,2023-12-27 14:00:00,KSA,25-34,True,20000
CUST_004329,standard,2023-12-27 16:00:00,UAE,35-44,True,5000
CUST_004330,standard,2023-12-27 18:00:00,KSA,25-34,True,3000
CUST_004331,premium,2023-12-27 20:00:00,UAE,25-34,True,10000
CUST_004332,premium,2023-12-27 22:00:00,KSA,35-44,True,3000
CUST_004333,standard,2023-12-28 00:00:00,KSA,25-34,True,10000
CUST_004334,standard,2023-12-28 02:00:00,UAE,25-34,True,5000
CUST_004335,standard,2023-12-28 04:00:00,UAE,25-34,True,10000
CUST_004336,standard,2023-12-28 06:00:00,UAE,25-34,True,3000
CUST_004337,standard,2023-12-28 08:00:00,KSA,35-44,True,5000
CUST_004338,premium,2023-12-28 10:00:00,UAE,25-34,False,5000
CUST_004339,standard,2023-12-28 12:00:00,KSA,45+,True,20000
CUST_004340,standard,2023-12-28 14:00:00,KSA,18-24,True,3000
CUST_004341,premium,2023-12-28 16:00:00,Egypt,45+,False,20000
CUST_004342,new,2023-12-28 18:00:00,KSA,25-34,True,10000
CUST_004343,standard,2023-12-28 20:00:00,KSA,25-34,False,10000
CUST_004344,new,2023-12-28 22:00:00,UAE,18-24,True,10000
CUST_004345,standard,2023-12-29 00:00:00,Egypt,25-34,True,5000
CUST_004346,standard,2023-12-29 02:00:00,KSA,35-44,True,3000
CUST_004347,standard,2023-12-29 04:00:00,UAE,35-44,True,3000
CUST_004348,premium,2023-12-29 06:00:00,Egypt,18-24,True,10000
CUST_004349,standard,2023-12-29 08:00:00,UAE,25-34,True,10000
CUST_004350,new,2023-12-29 10:00:00,Egypt,18-24,True,3000
CUST_004351,standard,2023-12-29 12:00:00,Egypt,45+,False,5000
CUST_004352,standard,2023-12-29 14:00:00,UAE,35-44,True,5000
CUST_004353,standard,2023-12-29 16:00:00,KSA,18-24,True,3000
CUST_004354,new,2023-12-29 18:00:00,UAE,35-44,True,5000
CUST_004355,premium,2023-12-29 20:00:00,UAE,45+,True,3000
CUST_004356,standard,2023-12-29 22:00:00,UAE,25-34,True,3000
CUST_004357,standard,2023-12-30 00:00:00,KSA,35-44,True,5000
CUST_004358,new,2023-12-30 02:00:00,UAE,25-34,True,5000
CUST_004359,new,2023-12-30 04:00:00,UAE,25-34,True,3000
CUST_004360,standard,2023-12-30 06:00:00,KSA,25-34,False,5000
CUST_004361,new,2023-12-30 08:00:00,UAE,25-34,True,3000
CUST_004362,new,2023-12-30 10:00:00,UAE,25-34,True,3000
CUST_004363,standard,2023-12-30 12:00:00,UAE,18-24,True,3000
CUST_004364,standard,2023-12-30 14:00:00,UAE,35-44,True,3000
CUST_004365,standard,2023-12-30 16:00:00,UAE,25-34,True,3000
CUST_004366,new,2023-12-30 18:00:00,UAE,25-34,True,10000
CUST_004367,standard,2023-12-30 20:00:00,Kuwait,35-44,False,5000
CUST_004368,new,2023-12-30 22:00:00,KSA,25-34,True,3000
CUST_004369,standard,2023-12-31 00:00:00,UAE,25-34,True,3000
CUST_004370,new,2023-12-31 02:00:00,UAE,45+,True,3000
CUST_004371,standard,2023-12-31 04:00:00,UAE,35-44,True,10000
CUST_004372,standard,2023-12-31 06:00:00,KSA,18-24,True,5000
CUST_004373,new,2023-12-31 08:00:00,UAE,25-34,True,3000
CUST_004374,new,2023-12-31 10:00:00,UAE,45+,True,5000
CUST_004375,new,2023-12-31 12:00:00,Egypt,25-34,True,5000
CUST_004376,premium,2023-12-31 14:00:00,UAE,25-34,True,3000
CUST_004377,standard,2023-12-31 16:00:00,UAE,18-24,True,5000
CUST_004378,premium,2023-12-31 18:00:00,Egypt,18-24,True,5000
CUST_004379,standard,2023-12-31 20:00:00,KSA,35-44,True,3000
CUST_004380,standard,2023-12-31 22:00:00,UAE,35-44,True,5000
CUST_004381,standard,2024-01-01 00:00:00,KSA,45+,True,10000
CUST_004382,standard,2024-01-01 02:00:00,UAE,35-44,True,5000
CUST_004383,new,2024-01-01 04:00:00,KSA,25-34,True,5000
CUST_004384,premium,2024-01-01 06:00:00,UAE,18-24,True,5000
CUST_004385,standard,2024-01-01 08:00:00,Egypt,45+,False,5000
CUST_004386,standard,2024-01-01 10:00:00,Kuwait,25-34,True,10000
CUST_004387,premium,2024-01-01 12:00:00,Egypt,25-34,False,5000
CUST_004388,standard,2024-01-01 14:00:00,Egypt,45+,True,3000
CUST_004389,new,2024-01-01 16:00:00,KSA,25-34,True,5000
CUST_004390,new,2024-01-01 18:00:00,UAE,25-34,True,5000
CUST_004391,new,2024-01-01 20:00:00,UAE,35-44,True,5000
CUST_004392,new,2024-01-01 22:00:00,KSA,45+,False,10000
CUST_004393,standard,2024-01-02 00:00:00,Egypt,18-24,True,10000
CUST_004394,standard,2024-01-02 02:00:00,UAE,35-44,True,3000
CUST_004395,standard,2024-01-02 04:00:00,Egypt,25-34,True,20000
CUST_004396,standard,2024-01-02 06:00:00,Egypt,25-34,True,5000
CUST_004397,standard,2024-01-02 08:00:00,Kuwait,45+,True,10000
CUST_004398,standard,2024-01-02 10:00:00,Egypt,45+,True,10000
CUST_004399,standard,2024-01-02 12:00:00,UAE,25-34,True,5000
CUST_004400,standard,2024-01-02 14:00:00,UAE,25-34,False,5000
CUST_004401,standard,2024-01-02 16:00:00,UAE,18-24,True,20000
CUST_004402,standard,2024-01-02 18:00:00,UAE,25-34,True,3000
CUST_004403,standard,2024-01-02 20:00:00,KSA,18-24,True,3000
CUST_004404,standard,2024-01-02 22:00:00,Egypt,25-34,False,5000
CUST_004405,standard,2024-01-03 00:00:00,Egypt,18-24,True,10000
CUST_004406,new,2024-01-03 02:00:00,KSA,25-34,True,20000
CUST_004407,premium,2024-01-03 04:00:00,UAE,18-24,False,3000
CUST_004408,standard,2024-01-03 06:00:00,UAE,35-44,True,10000
CUST_004409,new,2024-01-03 08:00:00,UAE,25-34,True,3000
CUST_004410,standard,2024-01-03 10:00:00,UAE,25-34,True,20000
CUST_004411,standard,2024-01-03 12:00:00,KSA,35-44,False,5000
CUST_004412,standard,2024-01-03 14:00:00,UAE,35-44,False,3000
CUST_004413,standard,2024-01-03 16:00:00,UAE,25-34,True,3000
CUST_004414,new,2024-01-03 18:00:00,UAE,18-24,True,3000
CUST_004415,new,2024-01-03 20:00:00,KSA,35-44,True,3000
CUST_004416,standard,2024-01-03 22:00:00,UAE,25-34,True,10000
CUST_004417,standard,2024-01-04 00:00:00,UAE,35-44,False,3000
CUST_004418,premium,2024-01-04 02:00:00,UAE,25-34,False,20000
CUST_004419,standard,2024-01-04 04:00:00,Kuwait,25-34,True,5000
CUST_004420,standard,2024-01-04 06:00:00,UAE,25-34,True,5000
CUST_004421,standard,2024-01-04 08:00:00,KSA,35-44,True,3000
CUST_004422,standard,2024-01-04 10:00:00,KSA,45+,True,10000
CUST_004423,standard,2024-01-04 12:00:00,KSA,18-24,True,5000
CUST_004424,premium,2024-01-04 14:00:00,Egypt,25-34,True,10000
CUST_004425,standard,2024-01-04 16:00:00,UAE,18-24,True,20000
CUST_004426,standard,2024-01-04 18:00:00,UAE,25-34,True,3000
CUST_004427,new,2024-01-04 20:00:00,UAE,35-44,True,3000
CUST_004428,premium,2024-01-04 22:00:00,KSA,25-34,False,10000
CUST_004429,standard,2024-01-05 00:00:00,UAE,45+,False,10000
CUST_004430,new,2024-01-05 02:00:00,UAE,25-34,True,5000
CUST_004431,standard,2024-01-05 04:00:00,KSA,45+,True,5000
CUST_004432,standard,2024-01-05 06:00:00,KSA,35-44,True,5000
CUST_004433,premium,2024-01-05 08:00:00,UAE,18-24,False,5000
CUST_004434,standard,2024-01-05 10:00:00,KSA,25-34,True,3000
CUST_004435,standard,2024-01-05 12:00:00,KSA,25-34,True,5000
CUST_004436,standard,2024-01-05 14:00:00,UAE,18-24,True,3000
CUST_004437,standard,2024-01-05 16:00:00,UAE,25-34,True,5000
CUST_004438,new,2024-01-05 18:00:00,KSA,25-34,True,20000
CUST_004439,standard,2024-01-05 20:00:00,KSA,45+,True,10000
CUST_004440,premium,2024-01-05 22:00:00,UAE,25-34,True,20000
CUST_004441,new,2024-01-06 00:00:00,UAE,35-44,False,10000
CUST_004442,standard,2024-01-06 02:00:00,KSA,45+,True,5000
CUST_004443,new,2024-01-06 04:00:00,Egypt,35-44,True,10000
CUST_004444,standard,2024-01-06 06:00:00,KSA,25-34,True,20000
CUST_004445,new,2024-01-06 08:00:00,UAE,25-34,True,20000
CUST_004446,standard,2024-01-06 10:00:00,UAE,25-34,True,5000
CUST_004447,new,2024-01-06 12:00:00,Egypt,25-34,True,3000
CUST_004448,new,2024-01-06 14:00:00,UAE,25-34,True,3000
CUST_004449,standard,2024-01-06 16:00:00,Kuwait,35-44,False,3000
CUST_004450,standard,2024-01-06 18:00:00,Egypt,25-34,True,20000
CUST_004451,standard,2024-01-06 20:00:00,UAE,25-34,True,5000
CUST_004452,standard,2024-01-06 22:00:00,Egypt,45+,True,10000
CUST_004453,standard,2024-01-07 00:00:00,UAE,18-24,True,5000
CUST_004454,standard,2024-01-07 02:00:00,Egypt,25-34,False,5000
CUST_004455,standard,2024-01-07 04:00:00,UAE,35-44,True,3000
CUST_004456,standard,2024-01-07 06:00:00,UAE,18-24,True,3000
CUST_004457,standard,2024-01-07 08:00:00,KSA,25-34,True,5000
CUST_004458,standard,2024-01-07 10:00:00,KSA,25-34,True,5000
CUST_004459,premium,2024-01-07 12:00:00,UAE,35-44,True,3000
CUST_004460,premium,2024-01-07 14:00:00,KSA,25-34,True,10000
CUST_004461,standard,2024-01-07 16:00:00,UAE,25-34,False,5000
CUST_004462,standard,2024-01-07 18:00:00,UAE,25-34,True,10000
CUST_004463,standard,2024-01-07 20:00:00,UAE,18-24,True,3000
CUST_004464,standard,2024-01-07 22:00:00,UAE,25-34,True,5000
CUST_004465,standard,2024-01-08 00:00:00,UAE,25-34,False,3000
CUST_004466,new,2024-01-08 02:00:00,UAE,25-34,True,10000
CUST_004467,premium,2024-01-08 04:00:00,UAE,25-34,True,5000
CUST_004468,standard,2024-01-08 06:00:00,UAE,25-34,True,5000
CUST_004469,standard,2024-01-08 08:00:00,UAE,25-34,False,20000
CUST_004470,new,2024-01-08 10:00:00,Kuwait,25-34,True,3000
CUST_004471,new,2024-01-08 12:00:00,UAE,25-34,True,3000
CUST_004472,premium,2024-01-08 14:00:00,Egypt,18-24,True,10000
CUST_004473,standard,2024-01-08 16:00:00,KSA,35-44,False,5000
CUST_004474,new,2024-01-08 18:00:00,KSA,35-44,True,3000
CUST_004475,standard,2024-01-08 20:00:00,KSA,25-34,False,5000
CUST_004476,standard,2024-01-08 22:00:00,Egypt,25-34,True,3000
CUST_004477,standard,2024-01-09 00:00:00,UAE,25-34,True,3000
CUST_004478,standard,2024-01-09 02:00:00,KSA,25-34,True,5000
CUST_004479,new,2024-01-09 04:00:00,KSA,25-34,True,10000
CUST_004480,new,2024-01-09 06:00:00,KSA,18-24,True,5000
CUST_004481,new,2024-01-09 08:00:00,Egypt,35-44,True,5000
CUST_004482,standard,2024-01-09 10:00:00,UAE,18-24,True,10000
CUST_004483,new,2024-01-09 12:00:00,KSA,25-34,True,5000
CUST_004484,premium,2024-01-09 14:00:00,KSA,35-44,True,10000
CUST_004485,standard,2024-01-09 16:00:00,UAE,25-34,True,10000
CUST_004486,new,2024-01-09 18:00:00,UAE,18-24,False,3000
CUST_004487,standard,2024-01-09 20:00:00,KSA,45+,True,5000
CUST_004488,standard,2024-01-09 22:00:00,Egypt,35-44,True,20000
CUST_004489,premium,2024-01-10 00:00:00,UAE,35-44,True,20000
CUST_004490,new,2024-01-10 02:00:00,Egypt,25-34,True,3000
CUST_004491,standard,2024-01-10 04:00:00,UAE,18-24,True,3000
CUST_004492,standard,2024-01-10 06:00:00,UAE,45+,False,3000
CUST_004493,standard,2024-01-10 08:00:00,UAE,25-34,True,5000
CUST_004494,new,2024-01-10 10:00:00,UAE,35-44,True,5000
CUST_004495,new,2024-01-10 12:00:00,UAE,25-34,True,5000
CUST_004496,standard,2024-01-10 14:00:00,UAE,25-34,True,10000
CUST_004497,standard,2024-01-10 16:00:00,KSA,45+,True,5000
CUST_004498,standard,2024-01-10 18:00:00,KSA,25-34,True,10000
CUST_004499,new,2024-01-10 20:00:00,UAE,18-24,True,3000
CUST_004500,standard,2024-01-10 22:00:00,UAE,25-34,True,3000
CUST_004501,new,2024-01-11 00:00:00,UAE,25-34,True,5000
CUST_004502,standard,2024-01-11 02:00:00,KSA,18-24,True,3000
CUST_004503,new,2024-01-11 04:00:00,UAE,25-34,True,5000
CUST_004504,new,2024-01-11 06:00:00,UAE,25-34,True,10000
CUST_004505,standard,2024-01-11 08:00:00,Egypt,35-44,True,3000
CUST_004506,new,2024-01-11 10:00:00,Egypt,25-34,True,10000
CUST_004507,standard,2024-01-11 12:00:00,UAE,45+,True,5000
CUST_004508,premium,2024-01-11 14:00:00,UAE,18-24,False,3000
CUST_004509,standard,2024-01-11 16:00:00,UAE,25-34,True,5000
CUST_004510,new,2024-01-11 18:00:00,KSA,18-24,True,10000
CUST_004511,standard,2024-01-11 20:00:00,KSA,35-44,True,5000
CUST_004512,standard,2024-01-11 22:00:00,UAE,45+,True,5000
CUST_004513,standard,2024-01-12 00:00:00,KSA,35-44,True,20000
CUST_004514,standard,2024-01-12 02:00:00,UAE,25-34,True,10000
CUST_004515,standard,2024-01-12 04:00:00,UAE,25-34,True,3000
CUST_004516,standard,2024-01-12 06:00:00,UAE,35-44,True,10000
CUST_004517,new,2024-01-12 08:00:00,UAE,45+,False,5000
CUST_004518,standard,2024-01-12 10:00:00,UAE,45+,True,10000
CUST_004519,standard,2024-01-12 12:00:00,UAE,25-34,True,5000
CUST_004520,standard,2024-01-12 14:00:00,UAE,45+,True,3000
CUST_004521,standard,2024-01-12 16:00:00,UAE,18-24,True,5000
CUST_004522,new,2024-01-12 18:00:00,KSA,25-34,True,5000
CUST_004523,new,2024-01-12 20:00:00,UAE,18-24,True,5000
CUST_004524,standard,2024-01-12 22:00:00,UAE,25-34,True,10000
CUST_004525,new,2024-01-13 00:00:00,KSA,35-44,False,10000
CUST_004526,new,2024-01-13 02:00:00,KSA,35-44,True,5000
CUST_004527,new,2024-01-13 04:00:00,Egypt,35-44,False,5000
CUST_004528,standard,2024-01-13 06:00:00,UAE,25-34,True,5000
CUST_004529,new,2024-01-13 08:00:00,UAE,25-34,True,5000
CUST_004530,standard,2024-01-13 10:00:00,KSA,35-44,True,20000
CUST_004531,standard,2024-01-13 12:00:00,KSA,25-34,True,5000
CUST_004532,premium,2024-01-13 14:00:00,UAE,35-44,True,3000
CUST_004533,standard,2024-01-13 16:00:00,Egypt,25-34,True,5000
CUST_004534,premium,2024-01-13 18:00:00,UAE,25-34,True,5000
CUST_004535,standard,2024-01-13 20:00:00,Kuwait,25-34,True,5000
CUST_004536,standard,2024-01-13 22:00:00,Egypt,35-44,True,5000
CUST_004537,new,2024-01-14 00:00:00,KSA,25-34,True,3000
CUST_004538,new,2024-01-14 02:00:00,Egypt,25-34,True,3000
CUST_004539,standard,2024-01-14 04:00:00,KSA,35-44,True,5000
CUST_004540,new,2024-01-14 06:00:00,UAE,25-34,True,5000
CUST_004541,new,2024-01-14 08:00:00,UAE,35-44,True,3000
CUST_004542,new,2024-01-14 10:00:00,UAE,25-34,True,10000
CUST_004543,premium,2024-01-14 12:00:00,UAE,25-34,True,5000
CUST_004544,standard,2024-01-14 14:00:00,KSA,35-44,True,20000
CUST_004545,new,2024-01-14 16:00:00,UAE,25-34,True,3000
CUST_004546,standard,2024-01-14 18:00:00,UAE,25-34,True,3000
CUST_004547,standard,2024-01-14 20:00:00,KSA,25-34,True,5000
CUST_004548,standard,2024-01-14 22:00:00,Egypt,25-34,True,3000
CUST_004549,standard,2024-01-15 00:00:00,UAE,25-34,True,20000
CUST_004550,standard,2024-01-15 02:00:00,UAE,18-24,True,3000
CUST_004551,premium,2024-01-15 04:00:00,UAE,35-44,True,5000
CUST_004552,standard,2024-01-15 06:00:00,KSA,35-44,True,20000
CUST_004553,new,2024-01-15 08:00:00,UAE,18-24,False,5000
CUST_004554,new,2024-01-15 10:00:00,KSA,25-34,True,3000
CUST_004555,premium,2024-01-15 12:00:00,UAE,25-34,True,5000
CUST_004556,new,2024-01-15 14:00:00,UAE,18-24,True,5000
CUST_004557,standard,2024-01-15 16:00:00,Egypt,25-34,True,3000
CUST_004558,standard,2024-01-15 18:00:00,UAE,25-34,True,5000
CUST_004559,new,2024-01-15 20:00:00,UAE,25-34,True,10000
CUST_004560,new,2024-01-15 22:00:00,UAE,25-34,True,10000
CUST_004561,new,2024-01-16 00:00:00,UAE,25-34,True,3000
CUST_004562,standard,2024-01-16 02:00:00,KSA,35-44,False,3000
CUST_004563,new,2024-01-16 04:00:00,UAE,35-44,True,3000
CUST_004564,premium,2024-01-16 06:00:00,UAE,25-34,True,5000
CUST_004565,new,2024-01-16 08:00:00,UAE,35-44,True,5000
CUST_004566,new,2024-01-16 10:00:00,KSA,25-34,False,10000
CUST_004567,standard,2024-01-16 12:00:00,KSA,35-44,True,10000
CUST_004568,standard,2024-01-16 14:00:00,KSA,25-34,True,3000
CUST_004569,new,2024-01-16 16:00:00,KSA,35-44,True,5000
CUST_004570,standard,2024-01-16 18:00:00,UAE,25-34,True,3000
CUST_004571,premium,2024-01-16 20:00:00,UAE,25-34,True,3000
CUST_004572,new,2024-01-16 22:00:00,UAE,25-34,True,3000
CUST_004573,standard,2024-01-17 00:00:00,UAE,25-34,True,3000
CUST_004574,new,2024-01-17 02:00:00,UAE,25-34,True,5000
CUST_004575,standard,2024-01-17 04:00:00,KSA,25-34,True,5000
CUST_004576,standard,2024-01-17 06:00:00,KSA,35-44,True,3000
CUST_004577,new,2024-01-17 08:00:00,Egypt,25-34,True,20000
CUST_004578,standard,2024-01-17 10:00:00,UAE,25-34,False,5000
CUST_004579,standard,2024-01-17 12:00:00,KSA,25-34,False,3000
CUST_004580,new,2024-01-17 14:00:00,Egypt,45+,True,3000
CUST_004581,standard,2024-01-17 16:00:00,KSA,35-44,False,5000
CUST_004582,standard,2024-01-17 18:00:00,UAE,35-44,True,20000
CUST_004583,standard,2024-01-17 20:00:00,UAE,25-34,True,5000
CUST_004584,new,2024-01-17 22:00:00,UAE,25-34,True,20000
CUST_004585,new,2024-01-18 00:00:00,UAE,18-24,True,5000
CUST_004586,new,2024-01-18 02:00:00,KSA,25-34,True,5000
CUST_004587,premium,2024-01-18 04:00:00,UAE,18-24,True,5000
CUST_004588,new,2024-01-18 06:00:00,UAE,25-34,True,5000
CUST_004589,standard,2024-01-18 08:00:00,KSA,25-34,True,5000
CUST_004590,standard,2024-01-18 10:00:00,KSA,25-34,False,10000
CUST_004591,standard,2024-01-18 12:00:00,UAE,25-34,False,3000
CUST_004592,new,2024-01-18 14:00:00,KSA,35-44,True,5000
CUST_004593,new,2024-01-18 16:00:00,UAE,18-24,True,5000
CUST_004594,premium,2024-01-18 18:00:00,UAE,35-44,True,5000
CUST_004595,standard,2024-01-18 20:00:00,UAE,18-24,True,3000
CUST_004596,new,2024-01-18 22:00:00,KSA,18-24,True,5000
CUST_004597,premium,2024-01-19 00:00:00,Egypt,18-24,True,5000
CUST_004598,new,2024-01-19 02:00:00,UAE,35-44,True,5000
CUST_004599,standard,2024-01-19 04:00:00,KSA,25-34,True,10000
CUST_004600,standard,2024-01-19 06:00:00,UAE,35-44,False,10000
CUST_004601,standard,2024-01-19 08:00:00,KSA,25-34,True,5000
CUST_004602,standard,2024-01-19 10:00:00,UAE,18-24,True,20000
CUST_004603,new,2024-01-19 12:00:00,UAE,35-44,True,10000
CUST_004604,standard,2024-01-19 14:00:00,Egypt,18-24,False,3000
CUST_004605,new,2024-01-19 16:00:00,KSA,35-44,True,3000
CUST_004606,standard,2024-01-19 18:00:00,UAE,18-24,True,5000
CUST_004607,premium,2024-01-19 20:00:00,UAE,25-34,True,5000
CUST_004608,premium,2024-01-19 22:00:00,UAE,35-44,True,10000
CUST_004609,standard,2024-01-20 00:00:00,UAE,45+,True,10000
CUST_004610,new,2024-01-20 02:00:00,Egypt,25-34,True,10000
CUST_004611,standard,2024-01-20 04:00:00,Kuwait,35-44,True,3000
CUST_004612,standard,2024-01-20 06:00:00,UAE,18-24,True,5000
CUST_004613,standard,2024-01-20 08:00:00,UAE,35-44,True,3000
CUST_004614,standard,2024-01-20 10:00:00,Egypt,25-34,True,3000
CUST_004615,standard,2024-01-20 12:00:00,UAE,18-24,True,5000
CUST_004616,new,2024-01-20 14:00:00,KSA,25-34,True,3000
CUST_004617,standard,2024-01-20 16:00:00,UAE,18-24,True,5000
CUST_004618,standard,2024-01-20 18:00:00,KSA,25-34,True,5000
CUST_004619,premium,2024-01-20 20:00:00,KSA,25-34,True,10000
CUST_004620,new,2024-01-20 22:00:00,Egypt,25-34,True,3000
CUST_004621,standard,2024-01-21 00:00:00,KSA,45+,True,10000
CUST_004622,premium,2024-01-21 02:00:00,UAE,18-24,True,20000
CUST_004623,standard,2024-01-21 04:00:00,KSA,25-34,True,10000
CUST_004624,standard,2024-01-21 06:00:00,Egypt,25-34,True,10000
CUST_004625,standard,2024-01-21 08:00:00,UAE,45+,False,5000
CUST_004626,standard,2024-01-21 10:00:00,UAE,25-34,True,5000
CUST_004627,new,2024-01-21 12:00:00,UAE,25-34,True,10000
CUST_004628,standard,2024-01-21 14:00:00,UAE,25-34,True,10000
CUST_004629,new,2024-01-21 16:00:00,UAE,25-34,True,5000
CUST_004630,standard,2024-01-21 18:00:00,KSA,18-24,True,10000
CUST_004631,standard,2024-01-21 20:00:00,UAE,25-34,True,5000
CUST_004632,standard,2024-01-21 22:00:00,Egypt,18-24,True,3000
CUST_004633,standard,2024-01-22 00:00:00,UAE,25-34,True,5000
CUST_004634,new,2024-01-22 02:00:00,UAE,25-34,True,3000
CUST_004635,standard,2024-01-22 04:00:00,UAE,25-34,True,5000
CUST_004636,standard,2024-01-22 06:00:00,UAE,18-24,True,3000
CUST_004637,standard,2024-01-22 08:00:00,UAE,45+,True,5000
CUST_004638,new,2024-01-22 10:00:00,UAE,35-44,True,10000
CUST_004639,standard,2024-01-22 12:00:00,UAE,18-24,False,5000
CUST_004640,new,2024-01-22 14:00:00,KSA,25-34,True,3000
CUST_004641,standard,2024-01-22 16:00:00,KSA,25-34,True,5000
CUST_004642,premium,2024-01-22 18:00:00,UAE,18-24,True,3000
CUST_004643,standard,2024-01-22 20:00:00,KSA,25-34,True,5000
CUST_004644,standard,2024-01-22 22:00:00,KSA,25-34,True,5000
CUST_004645,standard,2024-01-23 00:00:00,UAE,45+,True,20000
CUST_004646,premium,2024-01-23 02:00:00,Kuwait,35-44,True,3000
CUST_004647,new,2024-01-23 04:00:00,Egypt,25-34,True,5000
CUST_004648,new,2024-01-23 06:00:00,UAE,25-34,True,10000
CUST_004649,new,2024-01-23 08:00:00,UAE,45+,True,20000
CUST_004650,standard,2024-01-23 10:00:00,UAE,45+,True,3000
CUST_004651,premium,2024-01-23 12:00:00,UAE,45+,True,5000
CUST_004652,premium,2024-01-23 14:00:00,KSA,18-24,True,3000
CUST_004653,new,2024-01-23 16:00:00,UAE,18-24,True,5000
CUST_004654,new,2024-01-23 18:00:00,KSA,25-34,True,3000
CUST_004655,standard,2024-01-23 20:00:00,KSA,25-34,True,10000
CUST_004656,premium,2024-01-23 22:00:00,KSA,18-24,True,3000
CUST_004657,standard,2024-01-24 00:00:00,KSA,18-24,True,5000
CUST_004658,standard,2024-01-24 02:00:00,UAE,35-44,True,5000
CUST_004659,standard,2024-01-24 04:00:00,UAE,35-44,True,20000
CUST_004660,standard,2024-01-24 06:00:00,KSA,25-34,True,5000
CUST_004661,new,2024-01-24 08:00:00,UAE,35-44,True,3000
CUST_004662,premium,2024-01-24 10:00:00,UAE,25-34,True,3000
CUST_004663,premium,2024-01-24 12:00:00,Egypt,35-44,True,3000
CUST_004664,new,2024-01-24 14:00:00,KSA,25-34,True,10000
CUST_004665,standard,2024-01-24 16:00:00,UAE,18-24,False,5000
CUST_004666,premium,2024-01-24 18:00:00,KSA,25-34,True,5000
CUST_004667,standard,2024-01-24 20:00:00,KSA,25-34,False,3000
CUST_004668,premium,2024-01-24 22:00:00,UAE,25-34,True,10000
CUST_004669,standard,2024-01-25 00:00:00,UAE,18-24,False,5000
CUST_004670,new,2024-01-25 02:00:00,Egypt,45+,True,20000
CUST_004671,standard,2024-01-25 04:00:00,UAE,25-34,False,5000
CUST_004672,standard,2024-01-25 06:00:00,UAE,18-24,True,5000
CUST_004673,standard,2024-01-25 08:00:00,UAE,25-34,True,5000
CUST_004674,standard,2024-01-25 10:00:00,KSA,25-34,True,3000
CUST_004675,new,2024-01-25 12:00:00,UAE,25-34,False,10000
CUST_004676,new,2024-01-25 14:00:00,UAE,35-44,True,10000
CUST_004677,premium,2024-01-25 16:00:00,UAE,25-34,True,3000
CUST_004678,new,2024-01-25 18:00:00,Kuwait,25-34,True,3000
CUST_004679,standard,2024-01-25 20:00:00,UAE,35-44,True,3000
CUST_004680,new,2024-01-25 22:00:00,KSA,18-24,True,20000
CUST_004681,standard,2024-01-26 00:00:00,Egypt,25-34,True,3000
CUST_004682,new,2024-01-26 02:00:00,UAE,35-44,False,5000
CUST_004683,new,2024-01-26 04:00:00,Kuwait,18-24,False,3000
CUST_004684,standard,2024-01-26 06:00:00,Egypt,25-34,True,5000
CUST_004685,standard,2024-01-26 08:00:00,Egypt,45+,True,10000
CUST_004686,new,2024-01-26 10:00:00,UAE,25-34,True,10000
CUST_004687,new,2024-01-26 12:00:00,KSA,25-34,True,3000
CUST_004688,premium,2024-01-26 14:00:00,KSA,45+,True,5000
CUST_004689,new,2024-01-26 16:00:00,Kuwait,18-24,True,5000
CUST_004690,standard,2024-01-26 18:00:00,UAE,18-24,True,20000
CUST_004691,premium,2024-01-26 20:00:00,KSA,35-44,False,3000
CUST_004692,standard,2024-01-26 22:00:00,UAE,35-44,False,3000
CUST_004693,standard,2024-01-27 00:00:00,UAE,25-34,True,5000
CUST_004694,new,2024-01-27 02:00:00,UAE,25-34,False,3000
CUST_004695,standard,2024-01-27 04:00:00,KSA,35-44,True,3000
CUST_004696,new,2024-01-27 06:00:00,UAE,35-44,True,5000
CUST_004697,premium,2024-01-27 08:00:00,KSA,25-34,True,10000
CUST_004698,standard,2024-01-27 10:00:00,Kuwait,18-24,True,5000
CUST_004699,standard,2024-01-27 12:00:00,UAE,25-34,True,5000
CUST_004700,standard,2024-01-27 14:00:00,KSA,35-44,True,5000
CUST_004701,premium,2024-01-27 16:00:00,UAE,35-44,True,5000
CUST_004702,standard,2024-01-27 18:00:00,UAE,45+,True,5000
CUST_004703,standard,2024-01-27 20:00:00,KSA,35-44,True,5000
CUST_004704,standard,2024-01-27 22:00:00,Egypt,25-34,True,3000
CUST_004705,standard,2024-01-28 00:00:00,KSA,25-34,True,3000
CUST_004706,standard,2024-01-28 02:00:00,KSA,35-44,True,5000
CUST_004707,new,2024-01-28 04:00:00,UAE,35-44,True,5000
CUST_004708,new,2024-01-28 06:00:00,UAE,25-34,True,10000
CUST_004709,standard,2024-01-28 08:00:00,KSA,18-24,False,5000
CUST_004710,standard,2024-01-28 10:00:00,UAE,45+,True,3000
CUST_004711,premium,2024-01-28 12:00:00,UAE,25-34,True,3000
CUST_004712,new,2024-01-28 14:00:00,KSA,25-34,True,3000
CUST_004713,premium,2024-01-28 16:00:00,UAE,25-34,True,10000
CUST_004714,standard,2024-01-28 18:00:00,UAE,25-34,True,5000
CUST_004715,standard,2024-01-28 20:00:00,KSA,25-34,True,10000
CUST_004716,standard,2024-01-28 22:00:00,KSA,35-44,True,5000
CUST_004717,standard,2024-01-29 00:00:00,Egypt,25-34,True,10000
CUST_004718,new,2024-01-29 02:00:00,KSA,18-24,True,20000
CUST_004719,premium,2024-01-29 04:00:00,UAE,25-34,False,5000
CUST_004720,standard,2024-01-29 06:00:00,Egypt,35-44,True,10000
CUST_004721,premium,2024-01-29 08:00:00,KSA,45+,False,5000
CUST_004722,premium,2024-01-29 10:00:00,UAE,35-44,True,20000
CUST_004723,new,2024-01-29 12:00:00,UAE,45+,True,10000
CUST_004724,standard,2024-01-29 14:00:00,KSA,18-24,True,20000
CUST_004725,new,2024-01-29 16:00:00,KSA,18-24,True,5000
CUST_004726,standard,2024-01-29 18:00:00,KSA,25-34,True,10000
CUST_004727,premium,2024-01-29 20:00:00,KSA,25-34,True,5000
CUST_004728,new,2024-01-29 22:00:00,KSA,35-44,True,3000
CUST_004729,standard,2024-01-30 00:00:00,Kuwait,25-34,True,5000
CUST_004730,new,2024-01-30 02:00:00,KSA,45+,True,10000
CUST_004731,standard,2024-01-30 04:00:00,UAE,25-34,True,3000
CUST_004732,new,2024-01-30 06:00:00,Egypt,25-34,False,5000
CUST_004733,premium,2024-01-30 08:00:00,UAE,25-34,False,5000
CUST_004734,standard,2024-01-30 10:00:00,KSA,25-34,True,5000
CUST_004735,new,2024-01-30 12:00:00,Kuwait,25-34,True,10000
CUST_004736,new,2024-01-30 14:00:00,KSA,25-34,True,10000
CUST_004737,new,2024-01-30 16:00:00,KSA,25-34,True,5000
CUST_004738,new,2024-01-30 18:00:00,UAE,25-34,False,3000
CUST_004739,new,2024-01-30 20:00:00,UAE,18-24,True,5000
CUST_004740,standard,2024-01-30 22:00:00,UAE,25-34,True,5000
CUST_004741,standard,2024-01-31 00:00:00,KSA,25-34,True,5000
CUST_004742,standard,2024-01-31 02:00:00,KSA,18-24,True,3000
CUST_004743,standard,2024-01-31 04:00:00,KSA,25-34,False,5000
CUST_004744,standard,2024-01-31 06:00:00,UAE,25-34,True,5000
CUST_004745,standard,2024-01-31 08:00:00,UAE,25-34,True,5000
CUST_004746,standard,2024-01-31 10:00:00,KSA,18-24,True,5000
CUST_004747,standard,2024-01-31 12:00:00,UAE,25-34,True,5000
CUST_004748,standard,2024-01-31 14:00:00,KSA,25-34,True,3000
CUST_004749,standard,2024-01-31 16:00:00,KSA,25-34,False,20000
CUST_004750,standard,2024-01-31 18:00:00,KSA,35-44,True,5000
CUST_004751,new,2024-01-31 20:00:00,UAE,25-34,True,3000
CUST_004752,new,2024-01-31 22:00:00,Egypt,25-34,True,5000
CUST_004753,standard,2024-02-01 00:00:00,UAE,35-44,True,10000
CUST_004754,standard,2024-02-01 02:00:00,Kuwait,25-34,False,10000
CUST_004755,standard,2024-02-01 04:00:00,UAE,35-44,True,10000
CUST_004756,premium,2024-02-01 06:00:00,UAE,25-34,True,3000
CUST_004757,standard,2024-02-01 08:00:00,Egypt,25-34,True,5000
CUST_004758,standard,2024-02-01 10:00:00,UAE,35-44,True,10000
CUST_004759,premium,2024-02-01 12:00:00,KSA,18-24,True,5000
CUST_004760,standard,2024-02-01 14:00:00,Egypt,25-34,False,10000
CUST_004761,new,2024-02-01 16:00:00,Egypt,25-34,False,3000
CUST_004762,new,2024-02-01 18:00:00,Kuwait,25-34,True,3000
CUST_004763,standard,2024-02-01 20:00:00,UAE,25-34,True,10000
CUST_004764,premium,2024-02-01 22:00:00,KSA,25-34,False,5000
CUST_004765,standard,2024-02-02 00:00:00,UAE,35-44,True,3000
CUST_004766,standard,2024-02-02 02:00:00,UAE,35-44,True,5000
CUST_004767,new,2024-02-02 04:00:00,Egypt,25-34,True,10000
CUST_004768,premium,2024-02-02 06:00:00,UAE,45+,True,3000
CUST_004769,new,2024-02-02 08:00:00,KSA,25-34,True,3000
CUST_004770,premium,2024-02-02 10:00:00,KSA,25-34,True,3000
CUST_004771,new,2024-02-02 12:00:00,KSA,35-44,True,20000
CUST_004772,standard,2024-02-02 14:00:00,Kuwait,35-44,True,20000
CUST_004773,new,2024-02-02 16:00:00,UAE,35-44,True,5000
CUST_004774,standard,2024-02-02 18:00:00,KSA,18-24,True,5000
CUST_004775,standard,2024-02-02 20:00:00,Egypt,25-34,True,5000
CUST_004776,standard,2024-02-02 22:00:00,UAE,35-44,True,3000
CUST_004777,premium,2024-02-03 00:00:00,UAE,25-34,True,10000
CUST_004778,new,2024-02-03 02:00:00,KSA,25-34,True,3000
CUST_004779,new,2024-02-03 04:00:00,UAE,25-34,False,5000
CUST_004780,new,2024-02-03 06:00:00,UAE,35-44,True,5000
CUST_004781,standard,2024-02-03 08:00:00,Egypt,25-34,True,3000
CUST_004782,new,2024-02-03 10:00:00,KSA,25-34,False,5000
CUST_004783,premium,2024-02-03 12:00:00,Egypt,18-24,True,5000
CUST_004784,standard,2024-02-03 14:00:00,Egypt,25-34,False,10000
CUST_004785,standard,2024-02-03 16:00:00,KSA,35-44,True,3000
CUST_004786,standard,2024-02-03 18:00:00,UAE,18-24,True,3000
CUST_004787,standard,2024-02-03 20:00:00,UAE,25-34,True,5000
CUST_004788,premium,2024-02-03 22:00:00,UAE,25-34,True,20000
CUST_004789,standard,2024-02-04 00:00:00,Egypt,18-24,True,3000
CUST_004790,new,2024-02-04 02:00:00,UAE,25-34,True,20000
CUST_004791,standard,2024-02-04 04:00:00,UAE,18-24,True,10000
CUST_004792,premium,2024-02-04 06:00:00,KSA,25-34,True,10000
CUST_004793,standard,2024-02-04 08:00:00,UAE,25-34,True,3000
CUST_004794,standard,2024-02-04 10:00:00,UAE,35-44,True,5000
CUST_004795,standard,2024-02-04 12:00:00,KSA,35-44,True,3000
CUST_004796,standard,2024-02-04 14:00:00,UAE,25-34,True,5000
CUST_004797,standard,2024-02-04 16:00:00,UAE,18-24,True,20000
CUST_004798,standard,2024-02-04 18:00:00,UAE,45+,True,3000
CUST_004799,standard,2024-02-04 20:00:00,KSA,25-34,True,5000
CUST_004800,new,2024-02-04 22:00:00,KSA,18-24,True,3000
CUST_004801,standard,2024-02-05 00:00:00,UAE,35-44,False,10000
CUST_004802,standard,2024-02-05 02:00:00,KSA,25-34,True,3000
CUST_004803,new,2024-02-05 04:00:00,UAE,25-34,True,3000
CUST_004804,standard,2024-02-05 06:00:00,Egypt,25-34,True,5000
CUST_004805,premium,2024-02-05 08:00:00,UAE,25-34,True,10000
CUST_004806,new,2024-02-05 10:00:00,KSA,35-44,True,3000
CUST_004807,standard,2024-02-05 12:00:00,Egypt,25-34,False,3000
CUST_004808,standard,2024-02-05 14:00:00,Egypt,18-24,True,3000
CUST_004809,premium,2024-02-05 16:00:00,UAE,45+,True,20000
CUST_004810,standard,2024-02-05 18:00:00,UAE,45+,False,5000
CUST_004811,standard,2024-02-05 20:00:00,KSA,25-34,True,10000
CUST_004812,premium,2024-02-05 22:00:00,UAE,25-34,True,5000
CUST_004813,standard,2024-02-06 00:00:00,Egypt,18-24,True,3000
CUST_004814,standard,2024-02-06 02:00:00,KSA,35-44,True,5000
CUST_004815,standard,2024-02-06 04:00:00,KSA,18-24,True,3000
CUST_004816,premium,2024-02-06 06:00:00,UAE,18-24,True,5000
CUST_004817,premium,2024-02-06 08:00:00,KSA,25-34,True,5000
CUST_004818,standard,2024-02-06 10:00:00,KSA,18-24,True,5000
CUST_004819,premium,2024-02-06 12:00:00,Egypt,18-24,False,3000
CUST_004820,new,2024-02-06 14:00:00,UAE,25-34,True,3000
CUST_004821,premium,2024-02-06 16:00:00,UAE,18-24,True,10000
CUST_004822,standard,2024-02-06 18:00:00,UAE,18-24,True,10000
CUST_004823,premium,2024-02-06 20:00:00,UAE,18-24,True,3000
CUST_004824,standard,2024-02-06 22:00:00,KSA,25-34,True,3000
CUST_004825,new,2024-02-07 00:00:00,Egypt,35-44,True,10000
CUST_004826,standard,2024-02-07 02:00:00,UAE,35-44,True,10000
CUST_004827,new,2024-02-07 04:00:00,Egypt,25-34,True,20000
CUST_004828,standard,2024-02-07 06:00:00,UAE,25-34,True,3000
CUST_004829,new,2024-02-07 08:00:00,UAE,18-24,False,5000
CUST_004830,standard,2024-02-07 10:00:00,UAE,18-24,True,3000
CUST_004831,new,2024-02-07 12:00:00,UAE,25-34,True,5000
CUST_004832,standard,2024-02-07 14:00:00,Egypt,25-34,True,3000
CUST_004833,standard,2024-02-07 16:00:00,UAE,35-44,True,3000
CUST_004834,standard,2024-02-07 18:00:00,KSA,25-34,True,3000
CUST_004835,standard,2024-02-07 20:00:00,UAE,25-34,True,5000
CUST_004836,new,2024-02-07 22:00:00,Egypt,18-24,True,5000
CUST_004837,standard,2024-02-08 00:00:00,UAE,35-44,True,5000
CUST_004838,standard,2024-02-08 02:00:00,UAE,25-34,True,10000
CUST_004839,new,2024-02-08 04:00:00,UAE,35-44,False,10000
CUST_004840,standard,2024-02-08 06:00:00,UAE,25-34,False,5000
CUST_004841,new,2024-02-08 08:00:00,UAE,35-44,True,20000
CUST_004842,new,2024-02-08 10:00:00,Egypt,45+,True,5000
CUST_004843,standard,2024-02-08 12:00:00,KSA,45+,True,3000
CUST_004844,new,2024-02-08 14:00:00,KSA,25-34,True,20000
CUST_004845,premium,2024-02-08 16:00:00,KSA,25-34,True,3000
CUST_004846,standard,2024-02-08 18:00:00,UAE,25-34,True,5000
CUST_004847,standard,2024-02-08 20:00:00,UAE,45+,False,5000
CUST_004848,standard,2024-02-08 22:00:00,Kuwait,25-34,True,5000
CUST_004849,new,2024-02-09 00:00:00,Egypt,18-24,False,5000
CUST_004850,new,2024-02-09 02:00:00,Egypt,25-34,False,3000
CUST_004851,standard,2024-02-09 04:00:00,Egypt,18-24,True,5000
CUST_004852,standard,2024-02-09 06:00:00,UAE,25-34,True,10000
CUST_004853,new,2024-02-09 08:00:00,UAE,25-34,True,3000
CUST_004854,standard,2024-02-09 10:00:00,UAE,25-34,True,5000
CUST_004855,standard,2024-02-09 12:00:00,UAE,18-24,True,3000
CUST_004856,standard,2024-02-09 14:00:00,UAE,45+,True,10000
CUST_004857,new,2024-02-09 16:00:00,UAE,35-44,True,10000
CUST_004858,standard,2024-02-09 18:00:00,KSA,35-44,True,10000
CUST_004859,new,2024-02-09 20:00:00,Egypt,25-34,True,3000
CUST_004860,new,2024-02-09 22:00:00,KSA,35-44,True,3000
CUST_004861,standard,2024-02-10 00:00:00,Egypt,25-34,True,3000
CUST_004862,standard,2024-02-10 02:00:00,UAE,25-34,True,3000
CUST_004863,new,2024-02-10 04:00:00,UAE,18-24,False,5000
CUST_004864,standard,2024-02-10 06:00:00,KSA,25-34,True,20000
CUST_004865,new,2024-02-10 08:00:00,UAE,18-24,True,5000
CUST_004866,new,2024-02-10 10:00:00,UAE,45+,True,20000
CUST_004867,standard,2024-02-10 12:00:00,UAE,18-24,True,3000
CUST_004868,new,2024-02-10 14:00:00,UAE,25-34,True,20000
CUST_004869,new,2024-02-10 16:00:00,KSA,25-34,True,3000
CUST_004870,new,2024-02-10 18:00:00,UAE,25-34,True,20000
CUST_004871,standard,2024-02-10 20:00:00,KSA,25-34,True,3000
CUST_004872,premium,2024-02-10 22:00:00,KSA,18-24,False,20000
CUST_004873,standard,2024-02-11 00:00:00,UAE,35-44,True,3000
CUST_004874,standard,2024-02-11 02:00:00,UAE,25-34,True,5000
CUST_004875,standard,2024-02-11 04:00:00,UAE,25-34,True,5000
CUST_004876,new,2024-02-11 06:00:00,UAE,35-44,False,5000
CUST_004877,standard,2024-02-11 08:00:00,KSA,35-44,True,5000
CUST_004878,standard,2024-02-11 10:00:00,KSA,35-44,False,20000
CUST_004879,standard,2024-02-11 12:00:00,KSA,25-34,True,5000
CUST_004880,new,2024-02-11 14:00:00,UAE,25-34,True,10000
CUST_004881,standard,2024-02-11 16:00:00,KSA,25-34,True,3000
CUST_004882,standard,2024-02-11 18:00:00,KSA,35-44,True,5000
CUST_004883,standard,2024-02-11 20:00:00,UAE,35-44,True,5000
CUST_004884,new,2024-02-11 22:00:00,KSA,18-24,False,10000
CUST_004885,standard,2024-02-12 00:00:00,UAE,25-34,True,5000
CUST_004886,standard,2024-02-12 02:00:00,KSA,35-44,True,5000
CUST_004887,new,2024-02-12 04:00:00,KSA,25-34,True,3000
CUST_004888,new,2024-02-12 06:00:00,UAE,25-34,True,3000
CUST_004889,new,2024-02-12 08:00:00,KSA,25-34,True,5000
CUST_004890,standard,2024-02-12 10:00:00,UAE,25-34,True,5000
CUST_004891,standard,2024-02-12 12:00:00,UAE,45+,True,3000
CUST_004892,new,2024-02-12 14:00:00,Kuwait,25-34,True,3000
CUST_004893,standard,2024-02-12 16:00:00,Kuwait,25-34,True,10000
CUST_004894,new,2024-02-12 18:00:00,UAE,18-24,False,3000
CUST_004895,standard,2024-02-12 20:00:00,UAE,18-24,True,10000
CUST_004896,standard,2024-02-12 22:00:00,UAE,25-34,False,3000
CUST_004897,premium,2024-02-13 00:00:00,UAE,25-34,True,3000
CUST_004898,standard,2024-02-13 02:00:00,Egypt,25-34,True,5000
CUST_004899,premium,2024-02-13 04:00:00,Kuwait,25-34,True,5000
CUST_004900,premium,2024-02-13 06:00:00,KSA,35-44,True,5000
CUST_004901,new,2024-02-13 08:00:00,UAE,25-34,False,5000
CUST_004902,standard,2024-02-13 10:00:00,KSA,25-34,True,3000
CUST_004903,standard,2024-02-13 12:00:00,UAE,45+,True,5000
CUST_004904,new,2024-02-13 14:00:00,Egypt,25-34,True,5000
CUST_004905,standard,2024-02-13 16:00:00,Egypt,35-44,True,5000
CUST_004906,standard,2024-02-13 18:00:00,KSA,25-34,False,10000
CUST_004907,new,2024-02-13 20:00:00,UAE,35-44,True,10000
CUST_004908,standard,2024-02-13 22:00:00,UAE,35-44,True,5000
CUST_004909,new,2024-02-14 00:00:00,UAE,25-34,True,10000
CUST_004910,new,2024-02-14 02:00:00,Egypt,35-44,False,20000
CUST_004911,new,2024-02-14 04:00:00,UAE,45+,True,5000
CUST_004912,standard,2024-02-14 06:00:00,UAE,25-34,True,3000
CUST_004913,standard,2024-02-14 08:00:00,UAE,25-34,True,20000
CUST_004914,standard,2024-02-14 10:00:00,Egypt,25-34,True,3000
CUST_004915,premium,2024-02-14 12:00:00,UAE,35-44,False,3000
CUST_004916,new,2024-02-14 14:00:00,Egypt,25-34,False,5000
CUST_004917,premium,2024-02-14 16:00:00,Egypt,18-24,True,10000
CUST_004918,standard,2024-02-14 18:00:00,Egypt,18-24,True,20000
CUST_004919,new,2024-02-14 20:00:00,UAE,25-34,True,5000
CUST_004920,standard,2024-02-14 22:00:00,UAE,25-34,True,20000
CUST_004921,standard,2024-02-15 00:00:00,UAE,25-34,True,3000
CUST_004922,standard,2024-02-15 02:00:00,UAE,35-44,True,3000
CUST_004923,new,2024-02-15 04:00:00,UAE,25-34,True,5000
CUST_004924,standard,2024-02-15 06:00:00,KSA,18-24,True,20000
CUST_004925,new,2024-02-15 08:00:00,UAE,18-24,True,5000
CUST_004926,premium,2024-02-15 10:00:00,Egypt,25-34,True,3000
CUST_004927,new,2024-02-15 12:00:00,UAE,25-34,False,3000
CUST_004928,new,2024-02-15 14:00:00,KSA,25-34,True,3000
CUST_004929,standard,2024-02-15 16:00:00,KSA,25-34,True,5000
CUST_004930,standard,2024-02-15 18:00:00,KSA,25-34,True,3000
CUST_004931,standard,2024-02-15 20:00:00,Egypt,18-24,True,20000
CUST_004932,new,2024-02-15 22:00:00,KSA,18-24,True,5000
CUST_004933,standard,2024-02-16 00:00:00,Egypt,45+,True,5000
CUST_004934,standard,2024-02-16 02:00:00,UAE,25-34,True,3000
CUST_004935,standard,2024-02-16 04:00:00,KSA,35-44,True,3000
CUST_004936,standard,2024-02-16 06:00:00,UAE,35-44,False,5000
CUST_004937,premium,2024-02-16 08:00:00,UAE,25-34,True,10000
CUST_004938,standard,2024-02-16 10:00:00,UAE,35-44,False,5000
CUST_004939,standard,2024-02-16 12:00:00,UAE,18-24,True,10000
CUST_004940,new,2024-02-16 14:00:00,UAE,25-34,True,10000
CUST_004941,standard,2024-02-16 16:00:00,UAE,25-34,True,3000
CUST_004942,standard,2024-02-16 18:00:00,UAE,35-44,True,3000
CUST_004943,new,2024-02-16 20:00:00,Egypt,18-24,True,5000
CUST_004944,new,2024-02-16 22:00:00,UAE,35-44,True,5000
CUST_004945,new,2024-02-17 00:00:00,KSA,18-24,True,3000
CUST_004946,standard,2024-02-17 02:00:00,UAE,35-44,True,5000
CUST_004947,standard,2024-02-17 04:00:00,Egypt,25-34,True,5000
CUST_004948,premium,2024-02-17 06:00:00,Egypt,25-34,True,20000
CUST_004949,new,2024-02-17 08:00:00,KSA,25-34,True,3000
CUST_004950,premium,2024-02-17 10:00:00,KSA,25-34,True,3000
CUST_004951,standard,2024-02-17 12:00:00,UAE,25-34,True,5000
CUST_004952,standard,2024-02-17 14:00:00,Kuwait,45+,True,5000
CUST_004953,standard,2024-02-17 16:00:00,Egypt,18-24,True,5000
CUST_004954,standard,2024-02-17 18:00:00,Egypt,45+,True,20000
CUST_004955,standard,2024-02-17 20:00:00,KSA,25-34,True,10000
CUST_004956,standard,2024-02-17 22:00:00,UAE,35-44,True,5000
CUST_004957,standard,2024-02-18 00:00:00,Egypt,25-34,True,3000
CUST_004958,new,2024-02-18 02:00:00,UAE,25-34,True,5000
CUST_004959,new,2024-02-18 04:00:00,KSA,35-44,False,5000
CUST_004960,new,2024-02-18 06:00:00,UAE,25-34,True,10000
CUST_004961,new,2024-02-18 08:00:00,Egypt,25-34,True,20000
CUST_004962,standard,2024-02-18 10:00:00,UAE,18-24,True,5000
CUST_004963,standard,2024-02-18 12:00:00,UAE,18-24,True,5000
CUST_004964,standard,2024-02-18 14:00:00,KSA,25-34,True,3000
CUST_004965,standard,2024-02-18 16:00:00,KSA,35-44,True,3000
CUST_004966,standard,2024-02-18 18:00:00,KSA,25-34,False,3000
CUST_004967,standard,2024-02-18 20:00:00,UAE,18-24,True,3000
CUST_004968,standard,2024-02-18 22:00:00,UAE,25-34,True,5000
CUST_004969,standard,2024-02-19 00:00:00,KSA,25-34,True,5000
CUST_004970,standard,2024-02-19 02:00:00,Kuwait,25-34,False,5000
CUST_004971,standard,2024-02-19 04:00:00,Egypt,35-44,True,5000
CUST_004972,new,2024-02-19 06:00:00,UAE,35-44,True,5000
CUST_004973,standard,2024-02-19 08:00:00,Egypt,18-24,True,5000
CUST_004974,premium,2024-02-19 10:00:00,UAE,35-44,True,3000
CUST_004975,standard,2024-02-19 12:00:00,KSA,25-34,True,20000
CUST_004976,standard,2024-02-19 14:00:00,UAE,35-44,False,3000
CUST_004977,standard,2024-02-19 16:00:00,UAE,18-24,True,20000
CUST_004978,standard,2024-02-19 18:00:00,KSA,25-34,True,5000
CUST_004979,standard,2024-02-19 20:00:00,KSA,25-34,False,5000
CUST_004980,standard,2024-02-19 22:00:00,UAE,25-34,True,3000
CUST_004981,new,2024-02-20 00:00:00,UAE,18-24,True,3000
CUST_004982,new,2024-02-20 02:00:00,UAE,18-24,True,5000
CUST_004983,standard,2024-02-20 04:00:00,KSA,18-24,True,10000
CUST_004984,standard,2024-02-20 06:00:00,UAE,25-34,True,3000
CUST_004985,new,2024-02-20 08:00:00,UAE,18-24,False,5000
CUST_004986,premium,2024-02-20 10:00:00,KSA,25-34,True,3000
CUST_004987,standard,2024-02-20 12:00:00,KSA,18-24,True,5000
CUST_004988,standard,2024-02-20 14:00:00,KSA,25-34,True,20000
CUST_004989,new,2024-02-20 16:00:00,KSA,18-24,True,10000
CUST_004990,premium,2024-02-20 18:00:00,Egypt,45+,True,5000
CUST_004991,standard,2024-02-20 20:00:00,Egypt,45+,True,3000
CUST_004992,new,2024-02-20 22:00:00,Egypt,25-34,True,3000
CUST_004993,standard,2024-02-21 00:00:00,KSA,25-34,True,20000
CUST_004994,premium,2024-02-21 02:00:00,UAE,18-24,True,3000
CUST_004995,new,2024-02-21 04:00:00,Kuwait,45+,True,10000
CUST_004996,standard,2024-02-21 06:00:00,UAE,25-34,True,5000
CUST_004997,standard,2024-02-21 08:00:00,UAE,18-24,True,20000
CUST_004998,standard,2024-02-21 10:00:00,UAE,25-34,True,5000
CUST_004999,standard,2024-02-21 12:00:00,UAE,18-24,True,5000
CUST_005000,standard,2024-02-21 14:00:00,Kuwait,25-34,True,5000
